ISO-10303-21;
HEADER;
FILE_DESCRIPTION(('FreeCAD Model'),'2;1');
FILE_NAME('Open CASCADE Shape Model','2026-05-22T12:09:19',('Author'),(
    ''),'Open CASCADE STEP processor 7.8','FreeCAD','Unknown');
FILE_SCHEMA(('AUTOMOTIVE_DESIGN { 1 0 10303 214 1 1 1 1 }'));
ENDSEC;
DATA;
#1 = APPLICATION_PROTOCOL_DEFINITION('international standard',
  'automotive_design',2000,#2);
#2 = APPLICATION_CONTEXT(
  'core data for automotive mechanical design processes');
#3 = SHAPE_DEFINITION_REPRESENTATION(#4,#10);
#4 = PRODUCT_DEFINITION_SHAPE('','',#5);
#5 = PRODUCT_DEFINITION('design','',#6,#9);
#6 = PRODUCT_DEFINITION_FORMATION('','',#7);
#7 = PRODUCT('MountingPlateWithTests','MountingPlateWithTests','',(#8));
#8 = PRODUCT_CONTEXT('',#2,'mechanical');
#9 = PRODUCT_DEFINITION_CONTEXT('part definition',#2,'design');
#10 = ADVANCED_BREP_SHAPE_REPRESENTATION('',(#11,#15),#2563);
#11 = AXIS2_PLACEMENT_3D('',#12,#13,#14);
#12 = CARTESIAN_POINT('',(0.,0.,0.));
#13 = DIRECTION('',(0.,0.,1.));
#14 = DIRECTION('',(1.,0.,-0.));
#15 = MANIFOLD_SOLID_BREP('',#16);
#16 = CLOSED_SHELL('',(#17,#57,#88,#372,#396,#433,#445,#496,#518,#1215,
    #1791,#2371,#2394,#2414,#2431,#2449,#2466,#2483,#2500,#2517,#2534,
    #2551));
#17 = ADVANCED_FACE('',(#18),#52,.F.);
#18 = FACE_BOUND('',#19,.F.);
#19 = EDGE_LOOP('',(#20,#30,#38,#46));
#20 = ORIENTED_EDGE('',*,*,#21,.F.);
#21 = EDGE_CURVE('',#22,#24,#26,.T.);
#22 = VERTEX_POINT('',#23);
#23 = CARTESIAN_POINT('',(130.35,54.,0.));
#24 = VERTEX_POINT('',#25);
#25 = CARTESIAN_POINT('',(130.35,54.,5.));
#26 = LINE('',#27,#28);
#27 = CARTESIAN_POINT('',(130.35,54.,0.));
#28 = VECTOR('',#29,1.);
#29 = DIRECTION('',(0.,0.,1.));
#30 = ORIENTED_EDGE('',*,*,#31,.T.);
#31 = EDGE_CURVE('',#22,#32,#34,.T.);
#32 = VERTEX_POINT('',#33);
#33 = CARTESIAN_POINT('',(130.35,66.,0.));
#34 = LINE('',#35,#36);
#35 = CARTESIAN_POINT('',(130.35,54.,0.));
#36 = VECTOR('',#37,1.);
#37 = DIRECTION('',(-0.,1.,0.));
#38 = ORIENTED_EDGE('',*,*,#39,.T.);
#39 = EDGE_CURVE('',#32,#40,#42,.T.);
#40 = VERTEX_POINT('',#41);
#41 = CARTESIAN_POINT('',(130.35,66.,5.));
#42 = LINE('',#43,#44);
#43 = CARTESIAN_POINT('',(130.35,66.,0.));
#44 = VECTOR('',#45,1.);
#45 = DIRECTION('',(0.,0.,1.));
#46 = ORIENTED_EDGE('',*,*,#47,.F.);
#47 = EDGE_CURVE('',#24,#40,#48,.T.);
#48 = LINE('',#49,#50);
#49 = CARTESIAN_POINT('',(130.35,54.,5.));
#50 = VECTOR('',#51,1.);
#51 = DIRECTION('',(-0.,1.,0.));
#52 = PLANE('',#53);
#53 = AXIS2_PLACEMENT_3D('',#54,#55,#56);
#54 = CARTESIAN_POINT('',(130.35,54.,0.));
#55 = DIRECTION('',(1.,0.,-0.));
#56 = DIRECTION('',(0.,0.,1.));
#57 = ADVANCED_FACE('',(#58),#83,.F.);
#58 = FACE_BOUND('',#59,.F.);
#59 = EDGE_LOOP('',(#60,#68,#69,#77));
#60 = ORIENTED_EDGE('',*,*,#61,.F.);
#61 = EDGE_CURVE('',#22,#62,#64,.T.);
#62 = VERTEX_POINT('',#63);
#63 = CARTESIAN_POINT('',(139.35,54.,0.));
#64 = LINE('',#65,#66);
#65 = CARTESIAN_POINT('',(130.35,54.,0.));
#66 = VECTOR('',#67,1.);
#67 = DIRECTION('',(1.,0.,-0.));
#68 = ORIENTED_EDGE('',*,*,#21,.T.);
#69 = ORIENTED_EDGE('',*,*,#70,.T.);
#70 = EDGE_CURVE('',#24,#71,#73,.T.);
#71 = VERTEX_POINT('',#72);
#72 = CARTESIAN_POINT('',(139.35,54.,5.));
#73 = LINE('',#74,#75);
#74 = CARTESIAN_POINT('',(130.35,54.,5.));
#75 = VECTOR('',#76,1.);
#76 = DIRECTION('',(1.,0.,-0.));
#77 = ORIENTED_EDGE('',*,*,#78,.F.);
#78 = EDGE_CURVE('',#62,#71,#79,.T.);
#79 = LINE('',#80,#81);
#80 = CARTESIAN_POINT('',(139.35,54.,0.));
#81 = VECTOR('',#82,1.);
#82 = DIRECTION('',(0.,0.,1.));
#83 = PLANE('',#84);
#84 = AXIS2_PLACEMENT_3D('',#85,#86,#87);
#85 = CARTESIAN_POINT('',(130.35,54.,0.));
#86 = DIRECTION('',(-0.,1.,0.));
#87 = DIRECTION('',(0.,0.,1.));
#88 = ADVANCED_FACE('',(#89,#107),#367,.T.);
#89 = FACE_BOUND('',#90,.T.);
#90 = EDGE_LOOP('',(#91,#92,#93,#101));
#91 = ORIENTED_EDGE('',*,*,#47,.F.);
#92 = ORIENTED_EDGE('',*,*,#70,.T.);
#93 = ORIENTED_EDGE('',*,*,#94,.T.);
#94 = EDGE_CURVE('',#71,#95,#97,.T.);
#95 = VERTEX_POINT('',#96);
#96 = CARTESIAN_POINT('',(139.35,66.,5.));
#97 = LINE('',#98,#99);
#98 = CARTESIAN_POINT('',(139.35,54.,5.));
#99 = VECTOR('',#100,1.);
#100 = DIRECTION('',(-0.,1.,0.));
#101 = ORIENTED_EDGE('',*,*,#102,.F.);
#102 = EDGE_CURVE('',#40,#95,#103,.T.);
#103 = LINE('',#104,#105);
#104 = CARTESIAN_POINT('',(130.35,66.,5.));
#105 = VECTOR('',#106,1.);
#106 = DIRECTION('',(1.,0.,-0.));
#107 = FACE_BOUND('',#108,.T.);
#108 = EDGE_LOOP('',(#109,#120,#232,#269,#360));
#109 = ORIENTED_EDGE('',*,*,#110,.F.);
#110 = EDGE_CURVE('',#111,#113,#115,.T.);
#111 = VERTEX_POINT('',#112);
#112 = CARTESIAN_POINT('',(135.44650824035,62.940098283933,5.));
#113 = VERTEX_POINT('',#114);
#114 = CARTESIAN_POINT('',(134.85,63.,5.));
#115 = CIRCLE('',#116,3.);
#116 = AXIS2_PLACEMENT_3D('',#117,#118,#119);
#117 = CARTESIAN_POINT('',(134.85,60.,5.));
#118 = DIRECTION('',(0.,-1.836970198721E-16,1.));
#119 = DIRECTION('',(0.,-1.,-1.836970198721E-16));
#120 = ORIENTED_EDGE('',*,*,#121,.T.);
#121 = EDGE_CURVE('',#111,#122,#124,.T.);
#122 = VERTEX_POINT('',#123);
#123 = CARTESIAN_POINT('',(136.14838092632,58.040671632131,5.));
#124 = B_SPLINE_CURVE_WITH_KNOTS('',8,(#125,#126,#127,#128,#129,#130,
    #131,#132,#133,#134,#135,#136,#137,#138,#139,#140,#141,#142,#143,
    #144,#145,#146,#147,#148,#149,#150,#151,#152,#153,#154,#155,#156,
    #157,#158,#159,#160,#161,#162,#163,#164,#165,#166,#167,#168,#169,
    #170,#171,#172,#173,#174,#175,#176,#177,#178,#179,#180,#181,#182,
    #183,#184,#185,#186,#187,#188,#189,#190,#191,#192,#193,#194,#195,
    #196,#197,#198,#199,#200,#201,#202,#203,#204,#205,#206,#207,#208,
    #209,#210,#211,#212,#213,#214,#215,#216,#217,#218,#219,#220,#221,
    #222,#223,#224,#225,#226,#227,#228,#229,#230,#231),.UNSPECIFIED.,.F.
  ,.F.,(9,7,7,7,7,7,7,7,7,7,7,7,7,7,7,9),(0.,0.135165306156,
    0.202612529124,0.236256566402,0.253833636603,0.271597776984,
    0.488802921641,0.610247523706,0.623579182354,0.81571991565,
    0.869762845691,0.896646070766,0.910700078159,0.917287422481,
    0.924836655762,1.),.UNSPECIFIED.);
#125 = CARTESIAN_POINT('',(135.4465038537,62.940099604714,5.));
#126 = CARTESIAN_POINT('',(135.54915437052,62.909192556323,5.));
#127 = CARTESIAN_POINT('',(135.6504959256,62.874006631115,5.));
#128 = CARTESIAN_POINT('',(135.75032146724,62.834606063909,5.));
#129 = CARTESIAN_POINT('',(135.8484293753,62.791066051744,5.));
#130 = CARTESIAN_POINT('',(135.94462346119,62.743472753885,5.));
#131 = CARTESIAN_POINT('',(136.03871296786,62.69192329182,5.));
#132 = CARTESIAN_POINT('',(136.1305125698,62.636525749261,5.));
#133 = CARTESIAN_POINT('',(136.2644177699,62.547895126002,5.));
#134 = CARTESIAN_POINT('',(136.30837849142,62.517462366217,5.));
#135 = CARTESIAN_POINT('',(136.35170233337,62.486115593015,5.));
#136 = CARTESIAN_POINT('',(136.39436755463,62.4538701013,5.));
#137 = CARTESIAN_POINT('',(136.43635287722,62.420741780664,5.));
#138 = CARTESIAN_POINT('',(136.47763748629,62.386747115381,5.));
#139 = CARTESIAN_POINT('',(136.51820103012,62.351903184408,5.));
#140 = CARTESIAN_POINT('',(136.57788793248,62.298431989842,5.));
#141 = CARTESIAN_POINT('',(136.59756788744,62.280429393554,5.));
#142 = CARTESIAN_POINT('',(136.61706102035,62.262222062916,5.));
#143 = CARTESIAN_POINT('',(136.6363648987,62.243812222178,5.));
#144 = CARTESIAN_POINT('',(136.65547712209,62.225202129443,5.));
#145 = CARTESIAN_POINT('',(136.6743953223,62.206394076674,5.));
#146 = CARTESIAN_POINT('',(136.69311716323,62.187390389686,5.));
#147 = CARTESIAN_POINT('',(136.72131763358,62.15816412228,5.));
#148 = CARTESIAN_POINT('',(136.73094070214,62.148082062648,5.));
#149 = CARTESIAN_POINT('',(136.7405092182,62.137947585624,5.));
#150 = CARTESIAN_POINT('',(136.75002285586,62.127761029983,5.));
#151 = CARTESIAN_POINT('',(136.75948129174,62.117522736905,5.));
#152 = CARTESIAN_POINT('',(136.76888420497,62.107233049975,5.));
#153 = CARTESIAN_POINT('',(136.77823127721,62.096892315182,5.));
#154 = CARTESIAN_POINT('',(136.79691198992,62.07599885215,5.));
#155 = CARTESIAN_POINT('',(136.8062439831,62.06544490604,5.));
#156 = CARTESIAN_POINT('',(136.81552071559,62.054840805683,5.));
#157 = CARTESIAN_POINT('',(136.82473240223,62.044181841528,5.));
#158 = CARTESIAN_POINT('',(136.83389833617,62.033479039779,5.));
#159 = CARTESIAN_POINT('',(136.84299056842,62.022717536255,5.));
#160 = CARTESIAN_POINT('',(136.85203650831,62.011913077394,5.));
#161 = CARTESIAN_POINT('',(136.97080471871,61.868291172214,5.));
#162 = CARTESIAN_POINT('',(137.07094369257,61.72765427874,5.));
#163 = CARTESIAN_POINT('',(137.16076005753,61.579972416945,5.));
#164 = CARTESIAN_POINT('',(137.23968787555,61.426122278683,5.));
#165 = CARTESIAN_POINT('',(137.30725397479,61.267021514277,5.));
#166 = CARTESIAN_POINT('',(137.3630730107,61.103625277751,5.));
#167 = CARTESIAN_POINT('',(137.40685136698,60.936926932014,5.));
#168 = CARTESIAN_POINT('',(137.4560394351,60.673491082038,5.));
#169 = CARTESIAN_POINT('',(137.4698568152,60.57830462554,5.));
#170 = CARTESIAN_POINT('',(137.47981889798,60.482581460718,5.));
#171 = CARTESIAN_POINT('',(137.48590239769,60.386499950207,5.));
#172 = CARTESIAN_POINT('',(137.48809388151,60.290238903069,5.));
#173 = CARTESIAN_POINT('',(137.48638976951,60.193977574797,5.));
#174 = CARTESIAN_POINT('',(137.48079633462,60.097895667316,5.));
#175 = CARTESIAN_POINT('',(137.47029049713,59.991665348237,5.));
#176 = CARTESIAN_POINT('',(137.46920383354,59.981162056547,5.));
#177 = CARTESIAN_POINT('',(137.46805989404,59.970666324693,5.));
#178 = CARTESIAN_POINT('',(137.46687494324,59.960174134332,5.));
#179 = CARTESIAN_POINT('',(137.46563081071,59.949690470146,5.));
#180 = CARTESIAN_POINT('',(137.46434155275,59.939212156929,5.));
#181 = CARTESIAN_POINT('',(137.46300003106,59.928741105851,5.));
#182 = CARTESIAN_POINT('',(137.44155348958,59.767467651835,5.));
#183 = CARTESIAN_POINT('',(137.41104540129,59.61813250982,5.));
#184 = CARTESIAN_POINT('',(137.37020773456,59.471126858129,5.));
#185 = CARTESIAN_POINT('',(137.31924723785,59.327271482945,5.));
#186 = CARTESIAN_POINT('',(137.25844312525,59.187356274085,5.));
#187 = CARTESIAN_POINT('',(137.18814271965,59.052141100241,5.));
#188 = CARTESIAN_POINT('',(137.10876353832,58.922354163328,5.));
#189 = CARTESIAN_POINT('',(136.99606105475,58.763904520848,5.));
#190 = CARTESIAN_POINT('',(136.9706407052,58.729604565697,5.));
#191 = CARTESIAN_POINT('',(136.94455153495,58.695803094328,5.));
#192 = CARTESIAN_POINT('',(136.91780468101,58.66251492189,5.));
#193 = CARTESIAN_POINT('',(136.89041165465,58.629754550826,5.));
#194 = CARTESIAN_POINT('',(136.86238434141,58.597536170867,5.));
#195 = CARTESIAN_POINT('',(136.83373500111,58.56587365904,5.));
#196 = CARTESIAN_POINT('',(136.789921744,58.519313574991,5.));
#197 = CARTESIAN_POINT('',(136.77521642272,58.503987471105,5.));
#198 = CARTESIAN_POINT('',(136.76036185716,58.488803935484,5.));
#199 = CARTESIAN_POINT('',(136.74535962164,58.473764614526,5.));
#200 = CARTESIAN_POINT('',(136.73021131163,58.458871133542,5.));
#201 = CARTESIAN_POINT('',(136.71491854375,58.444125096759,5.));
#202 = CARTESIAN_POINT('',(136.69948295576,58.429528087318,5.));
#203 = CARTESIAN_POINT('',(136.67576299649,58.407529370497,5.));
#204 = CARTESIAN_POINT('',(136.66758120711,58.400018229471,5.));
#205 = CARTESIAN_POINT('',(136.65936107536,58.392548467305,5.));
#206 = CARTESIAN_POINT('',(136.65110283969,58.385120305466,5.));
#207 = CARTESIAN_POINT('',(136.64280674007,58.377733963775,5.));
#208 = CARTESIAN_POINT('',(136.63447301799,58.370389660409,5.));
#209 = CARTESIAN_POINT('',(136.62610191642,58.363087611903,5.));
#210 = CARTESIAN_POINT('',(136.61375260118,58.352425349227,5.));
#211 = CARTESIAN_POINT('',(136.60980091723,58.349029883111,5.));
#212 = CARTESIAN_POINT('',(136.60583859989,58.345641646448,5.));
#213 = CARTESIAN_POINT('',(136.60186562044,58.342260651135,5.));
#214 = CARTESIAN_POINT('',(136.5978819496,58.33888690931,5.));
#215 = CARTESIAN_POINT('',(136.59388755747,58.335520433353,5.));
#216 = CARTESIAN_POINT('',(136.58988241358,58.332161235884,5.));
#217 = CARTESIAN_POINT('',(136.58126415158,58.324967975808,5.));
#218 = CARTESIAN_POINT('',(136.57665114939,58.321139294085,5.));
#219 = CARTESIAN_POINT('',(136.57202760416,58.317323134512,5.));
#220 = CARTESIAN_POINT('',(136.56739359463,58.313519442127,5.));
#221 = CARTESIAN_POINT('',(136.56274915449,58.309728257088,5.));
#222 = CARTESIAN_POINT('',(136.55809427232,58.305949714679,5.));
#223 = CARTESIAN_POINT('',(136.55342889164,58.302184045304,5.));
#224 = CARTESIAN_POINT('',(136.50219687818,58.261070395574,5.));
#225 = CARTESIAN_POINT('',(136.45454333612,58.225108547988,5.));
#226 = CARTESIAN_POINT('',(136.40584088089,58.190583513383,5.));
#227 = CARTESIAN_POINT('',(136.35613932515,58.157530619684,5.));
#228 = CARTESIAN_POINT('',(136.30548969803,58.125983041093,5.));
#229 = CARTESIAN_POINT('',(136.25394424508,58.095971798087,5.));
#230 = CARTESIAN_POINT('',(136.20155642835,58.067525757422,5.));
#231 = CARTESIAN_POINT('',(136.14838092632,58.040671632131,5.));
#232 = ORIENTED_EDGE('',*,*,#233,.T.);
#233 = EDGE_CURVE('',#122,#234,#236,.T.);
#234 = VERTEX_POINT('',#235);
#235 = CARTESIAN_POINT('',(134.38263958207,57.696451666944,5.));
#236 = B_SPLINE_CURVE_WITH_KNOTS('',7,(#237,#238,#239,#240,#241,#242,
    #243,#244,#245,#246,#247,#248,#249,#250,#251,#252,#253,#254,#255,
    #256,#257,#258,#259,#260,#261,#262,#263,#264,#265,#266,#267,#268),
  .UNSPECIFIED.,.F.,.F.,(8,6,6,6,6,8),(0.,0.246236335473,0.49247266812,
    0.745193930783,0.76080482123,1.),.UNSPECIFIED.);
#237 = CARTESIAN_POINT('',(136.14838092632,58.040671632131,5.));
#238 = CARTESIAN_POINT('',(136.09433528128,58.00485740323,5.));
#239 = CARTESIAN_POINT('',(136.03921511742,57.970834151473,5.));
#240 = CARTESIAN_POINT('',(135.98307780897,57.938626831269,5.));
#241 = CARTESIAN_POINT('',(135.92598031589,57.908259905775,5.));
#242 = CARTESIAN_POINT('',(135.86797918385,57.879757346898,5.));
#243 = CARTESIAN_POINT('',(135.80913054424,57.853142635293,5.));
#244 = CARTESIAN_POINT('',(135.68984968477,57.803734885722,5.));
#245 = CARTESIAN_POINT('',(135.62941797023,57.780942057017,5.));
#246 = CARTESIAN_POINT('',(135.56825062446,57.760083416228,5.));
#247 = CARTESIAN_POINT('',(135.50640394166,57.741182050908,5.));
#248 = CARTESIAN_POINT('',(135.44393485636,57.724260994187,5.));
#249 = CARTESIAN_POINT('',(135.3809009434,57.709343224771,5.));
#250 = CARTESIAN_POINT('',(135.25214647626,57.683220594432,5.));
#251 = CARTESIAN_POINT('',(135.18639952068,57.67212382255,5.));
#252 = CARTESIAN_POINT('',(135.12018248683,57.663186368415,5.));
#253 = CARTESIAN_POINT('',(135.05356044169,57.656432957359,5.));
#254 = CARTESIAN_POINT('',(134.98660058359,57.651888022922,5.));
#255 = CARTESIAN_POINT('',(134.91937224214,57.649575706857,5.));
#256 = CARTESIAN_POINT('',(134.84778193407,57.649516409348,5.));
#257 = CARTESIAN_POINT('',(134.84361585124,57.649521570046,5.));
#258 = CARTESIAN_POINT('',(134.83945351366,57.649535343271,5.));
#259 = CARTESIAN_POINT('',(134.83528882825,57.649557713102,5.));
#260 = CARTESIAN_POINT('',(134.83112702627,57.649588683378,5.));
#261 = CARTESIAN_POINT('',(134.82696520141,57.649628243015,5.));
#262 = CARTESIAN_POINT('',(134.75905041153,57.65041408667,5.));
#263 = CARTESIAN_POINT('',(134.69549013976,57.653167496745,5.));
#264 = CARTESIAN_POINT('',(134.63218366615,57.657916307528,5.));
#265 = CARTESIAN_POINT('',(134.5691894424,57.664639988841,5.));
#266 = CARTESIAN_POINT('',(134.50656423986,57.673317791357,5.));
#267 = CARTESIAN_POINT('',(134.44436314953,57.683928746599,5.));
#268 = CARTESIAN_POINT('',(134.38263958207,57.696451666944,5.));
#269 = ORIENTED_EDGE('',*,*,#270,.T.);
#270 = EDGE_CURVE('',#234,#271,#273,.T.);
#271 = VERTEX_POINT('',#272);
#272 = CARTESIAN_POINT('',(133.19283158786,62.500758455713,5.));
#273 = B_SPLINE_CURVE_WITH_KNOTS('',8,(#274,#275,#276,#277,#278,#279,
    #280,#281,#282,#283,#284,#285,#286,#287,#288,#289,#290,#291,#292,
    #293,#294,#295,#296,#297,#298,#299,#300,#301,#302,#303,#304,#305,
    #306,#307,#308,#309,#310,#311,#312,#313,#314,#315,#316,#317,#318,
    #319,#320,#321,#322,#323,#324,#325,#326,#327,#328,#329,#330,#331,
    #332,#333,#334,#335,#336,#337,#338,#339,#340,#341,#342,#343,#344,
    #345,#346,#347,#348,#349,#350,#351,#352,#353,#354,#355,#356,#357,
    #358,#359),.UNSPECIFIED.,.F.,.F.,(9,7,7,7,7,7,7,7,7,7,7,7,9),(0.,
    2.798685749223E-02,0.22553856882,0.240328525442,0.342114973751,
    0.484456245196,0.551758663161,0.560326495326,0.83370039531,
    0.865545603532,0.904041955061,0.915572113539,1.),.UNSPECIFIED.);
#274 = CARTESIAN_POINT('',(134.38263958207,57.696451666944,5.));
#275 = CARTESIAN_POINT('',(134.36060825036,57.698275364727,5.));
#276 = CARTESIAN_POINT('',(134.33859669093,57.700332092819,5.));
#277 = CARTESIAN_POINT('',(134.31660769944,57.702621611359,5.));
#278 = CARTESIAN_POINT('',(134.29464406746,57.70514364082,5.));
#279 = CARTESIAN_POINT('',(134.27270858238,57.707897862013,5.));
#280 = CARTESIAN_POINT('',(134.2508040275,57.710883916085,5.));
#281 = CARTESIAN_POINT('',(134.22893318196,57.714101404519,5.));
#282 = CARTESIAN_POINT('',(134.05297592865,57.741891815965,5.));
#283 = CARTESIAN_POINT('',(133.90065336242,57.777746074485,5.));
#284 = CARTESIAN_POINT('',(133.75113278339,57.824958996965,5.));
#285 = CARTESIAN_POINT('',(133.60537673391,57.88327257268,5.));
#286 = CARTESIAN_POINT('',(133.46431312506,57.952337444855,5.));
#287 = CARTESIAN_POINT('',(133.32883562248,58.03171671942,5.));
#288 = CARTESIAN_POINT('',(133.19979993028,58.120880585587,5.));
#289 = CARTESIAN_POINT('',(133.06889846429,58.226551936713,5.));
#290 = CARTESIAN_POINT('',(133.05982250094,58.233965578458,5.));
#291 = CARTESIAN_POINT('',(133.05077919964,58.241414422444,5.));
#292 = CARTESIAN_POINT('',(133.04178113363,58.248922085452,5.));
#293 = CARTESIAN_POINT('',(133.032816704,58.256465239345,5.));
#294 = CARTESIAN_POINT('',(133.02389431583,58.264059686338,5.));
#295 = CARTESIAN_POINT('',(133.01501041761,58.27169760729,5.));
#296 = CARTESIAN_POINT('',(132.94530001383,58.33225940127,5.));
#297 = CARTESIAN_POINT('',(132.88631380916,58.387276919417,5.));
#298 = CARTESIAN_POINT('',(132.829293993,58.444357301279,5.));
#299 = CARTESIAN_POINT('',(132.77432278504,58.503420594213,5.));
#300 = CARTESIAN_POINT('',(132.72147833128,58.564383180456,5.));
#301 = CARTESIAN_POINT('',(132.67083470402,58.62715777713,5.));
#302 = CARTESIAN_POINT('',(132.62246190189,58.691653436239,5.));
#303 = CARTESIAN_POINT('',(132.51204763158,58.850242716293,5.));
#304 = CARTESIAN_POINT('',(132.45223749054,58.945893268026,5.));
#305 = CARTESIAN_POINT('',(132.39717629614,59.044467002412,5.));
#306 = CARTESIAN_POINT('',(132.34702642496,59.145694032961,5.));
#307 = CARTESIAN_POINT('',(132.30193155961,59.249294877904,5.));
#308 = CARTESIAN_POINT('',(132.26201648756,59.354980553936,5.));
#309 = CARTESIAN_POINT('',(132.22738690003,59.46245266997,5.));
#310 = CARTESIAN_POINT('',(132.18429543379,59.622918135237,5.));
#311 = CARTESIAN_POINT('',(132.17166243574,59.674763872414,5.));
#312 = CARTESIAN_POINT('',(132.1602392424,59.726908445314,5.));
#313 = CARTESIAN_POINT('',(132.15003385317,59.779319326001,5.));
#314 = CARTESIAN_POINT('',(132.14105322118,59.8319637457,5.));
#315 = CARTESIAN_POINT('',(132.13330325327,59.88480869479,5.));
#316 = CARTESIAN_POINT('',(132.12678881001,59.937820922813,5.));
#317 = CARTESIAN_POINT('',(132.12084216656,59.997732611325,5.));
#318 = CARTESIAN_POINT('',(132.12019077795,60.004500479817,5.));
#319 = CARTESIAN_POINT('',(132.11955865934,60.011270214226,5.));
#320 = CARTESIAN_POINT('',(132.11894520203,60.018041569558,5.));
#321 = CARTESIAN_POINT('',(132.11835006916,60.024814385543,5.));
#322 = CARTESIAN_POINT('',(132.11777319571,60.031588586639,5.));
#323 = CARTESIAN_POINT('',(132.1172147885,60.038364182025,5.));
#324 = CARTESIAN_POINT('',(132.09946269645,60.261377734088,5.));
#325 = CARTESIAN_POINT('',(132.1012183479,60.479064558195,5.));
#326 = CARTESIAN_POINT('',(132.12209736504,60.696231409715,5.));
#327 = CARTESIAN_POINT('',(132.16199178598,60.910959388724,5.));
#328 = CARTESIAN_POINT('',(132.22057609408,61.121373386092,5.));
#329 = CARTESIAN_POINT('',(132.2973221761,61.325641851776,5.));
#330 = CARTESIAN_POINT('',(132.39148374664,61.521983968914,5.));
#331 = CARTESIAN_POINT('',(132.51493008232,61.730432867368,5.));
#332 = CARTESIAN_POINT('',(132.52803284749,61.752051191474,5.));
#333 = CARTESIAN_POINT('',(132.54135700953,61.773536576716,5.));
#334 = CARTESIAN_POINT('',(132.55490100663,61.794886415442,5.));
#335 = CARTESIAN_POINT('',(132.56866324028,61.816098121641,5.));
#336 = CARTESIAN_POINT('',(132.58264207524,61.837169130941,5.));
#337 = CARTESIAN_POINT('',(132.59683583953,61.858096900614,5.));
#338 = CARTESIAN_POINT('',(132.62865883108,61.904001418323,5.));
#339 = CARTESIAN_POINT('',(132.64638642762,61.928910925099,5.));
#340 = CARTESIAN_POINT('',(132.66442259483,61.953602975086,5.));
#341 = CARTESIAN_POINT('',(132.68276423836,61.978073165804,5.));
#342 = CARTESIAN_POINT('',(132.7014081888,62.002317147108,5.));
#343 = CARTESIAN_POINT('',(132.72035120166,62.026330621183,5.));
#344 = CARTESIAN_POINT('',(132.73958995738,62.050109342551,5.));
#345 = CARTESIAN_POINT('',(132.76497088124,62.0806995873,5.));
#346 = CARTESIAN_POINT('',(132.77084770978,62.087728182819,5.));
#347 = CARTESIAN_POINT('',(132.77674884352,62.094736295722,5.));
#348 = CARTESIAN_POINT('',(132.78267332803,62.1017243182,5.));
#349 = CARTESIAN_POINT('',(132.78862127799,62.108692036331,5.));
#350 = CARTESIAN_POINT('',(132.79459319734,62.115639022885,5.));
#351 = CARTESIAN_POINT('',(132.80058929937,62.12256503012,5.));
#352 = CARTESIAN_POINT('',(132.85068593007,62.180033808509,5.));
#353 = CARTESIAN_POINT('',(132.89603107305,62.229481194396,5.));
#354 = CARTESIAN_POINT('',(132.94261184765,62.277775885319,5.));
#355 = CARTESIAN_POINT('',(132.9903946921,62.324882445417,5.));
#356 = CARTESIAN_POINT('',(133.03934489105,62.370766657887,5.));
#357 = CARTESIAN_POINT('',(133.08942657552,62.415395524991,5.));
#358 = CARTESIAN_POINT('',(133.14060272296,62.458737268055,5.));
#359 = CARTESIAN_POINT('',(133.1928351572,62.500761327464,5.));
#360 = ORIENTED_EDGE('',*,*,#361,.F.);
#361 = EDGE_CURVE('',#113,#271,#362,.T.);
#362 = CIRCLE('',#363,3.);
#363 = AXIS2_PLACEMENT_3D('',#364,#365,#366);
#364 = CARTESIAN_POINT('',(134.85,60.,5.));
#365 = DIRECTION('',(0.,-1.836970198721E-16,1.));
#366 = DIRECTION('',(0.,-1.,-1.836970198721E-16));
#367 = PLANE('',#368);
#368 = AXIS2_PLACEMENT_3D('',#369,#370,#371);
#369 = CARTESIAN_POINT('',(130.35,54.,5.));
#370 = DIRECTION('',(0.,0.,1.));
#371 = DIRECTION('',(1.,0.,-0.));
#372 = ADVANCED_FACE('',(#373),#391,.T.);
#373 = FACE_BOUND('',#374,.T.);
#374 = EDGE_LOOP('',(#375,#383,#384,#385));
#375 = ORIENTED_EDGE('',*,*,#376,.F.);
#376 = EDGE_CURVE('',#32,#377,#379,.T.);
#377 = VERTEX_POINT('',#378);
#378 = CARTESIAN_POINT('',(139.35,66.,0.));
#379 = LINE('',#380,#381);
#380 = CARTESIAN_POINT('',(130.35,66.,0.));
#381 = VECTOR('',#382,1.);
#382 = DIRECTION('',(1.,0.,-0.));
#383 = ORIENTED_EDGE('',*,*,#39,.T.);
#384 = ORIENTED_EDGE('',*,*,#102,.T.);
#385 = ORIENTED_EDGE('',*,*,#386,.F.);
#386 = EDGE_CURVE('',#377,#95,#387,.T.);
#387 = LINE('',#388,#389);
#388 = CARTESIAN_POINT('',(139.35,66.,0.));
#389 = VECTOR('',#390,1.);
#390 = DIRECTION('',(0.,0.,1.));
#391 = PLANE('',#392);
#392 = AXIS2_PLACEMENT_3D('',#393,#394,#395);
#393 = CARTESIAN_POINT('',(130.35,66.,0.));
#394 = DIRECTION('',(-0.,1.,0.));
#395 = DIRECTION('',(0.,0.,1.));
#396 = ADVANCED_FACE('',(#397,#408),#428,.F.);
#397 = FACE_BOUND('',#398,.F.);
#398 = EDGE_LOOP('',(#399,#400,#401,#407));
#399 = ORIENTED_EDGE('',*,*,#31,.F.);
#400 = ORIENTED_EDGE('',*,*,#61,.T.);
#401 = ORIENTED_EDGE('',*,*,#402,.T.);
#402 = EDGE_CURVE('',#62,#377,#403,.T.);
#403 = LINE('',#404,#405);
#404 = CARTESIAN_POINT('',(139.35,54.,0.));
#405 = VECTOR('',#406,1.);
#406 = DIRECTION('',(-0.,1.,0.));
#407 = ORIENTED_EDGE('',*,*,#376,.F.);
#408 = FACE_BOUND('',#409,.F.);
#409 = EDGE_LOOP('',(#410,#421));
#410 = ORIENTED_EDGE('',*,*,#411,.F.);
#411 = EDGE_CURVE('',#412,#414,#416,.T.);
#412 = VERTEX_POINT('',#413);
#413 = CARTESIAN_POINT('',(134.85,57.65625,-3.04620304027E-17));
#414 = VERTEX_POINT('',#415);
#415 = CARTESIAN_POINT('',(134.85,62.34375,-3.027228488847E-17));
#416 = CIRCLE('',#417,2.34375);
#417 = AXIS2_PLACEMENT_3D('',#418,#419,#420);
#418 = CARTESIAN_POINT('',(134.85,60.,0.));
#419 = DIRECTION('',(0.,-1.836970198721E-16,1.));
#420 = DIRECTION('',(0.,-1.,-1.836970198721E-16));
#421 = ORIENTED_EDGE('',*,*,#422,.F.);
#422 = EDGE_CURVE('',#414,#412,#423,.T.);
#423 = CIRCLE('',#424,2.34375);
#424 = AXIS2_PLACEMENT_3D('',#425,#426,#427);
#425 = CARTESIAN_POINT('',(134.85,60.,0.));
#426 = DIRECTION('',(0.,-1.836970198721E-16,1.));
#427 = DIRECTION('',(0.,-1.,-1.836970198721E-16));
#428 = PLANE('',#429);
#429 = AXIS2_PLACEMENT_3D('',#430,#431,#432);
#430 = CARTESIAN_POINT('',(130.35,54.,0.));
#431 = DIRECTION('',(0.,0.,1.));
#432 = DIRECTION('',(1.,0.,-0.));
#433 = ADVANCED_FACE('',(#434),#440,.T.);
#434 = FACE_BOUND('',#435,.T.);
#435 = EDGE_LOOP('',(#436,#437,#438,#439));
#436 = ORIENTED_EDGE('',*,*,#78,.F.);
#437 = ORIENTED_EDGE('',*,*,#402,.T.);
#438 = ORIENTED_EDGE('',*,*,#386,.T.);
#439 = ORIENTED_EDGE('',*,*,#94,.F.);
#440 = PLANE('',#441);
#441 = AXIS2_PLACEMENT_3D('',#442,#443,#444);
#442 = CARTESIAN_POINT('',(139.35,54.,0.));
#443 = DIRECTION('',(1.,0.,-0.));
#444 = DIRECTION('',(0.,0.,1.));
#445 = ADVANCED_FACE('',(#446),#491,.F.);
#446 = FACE_BOUND('',#447,.F.);
#447 = EDGE_LOOP('',(#448,#464,#470,#471,#485));
#448 = ORIENTED_EDGE('',*,*,#449,.F.);
#449 = EDGE_CURVE('',#450,#452,#454,.T.);
#450 = VERTEX_POINT('',#451);
#451 = CARTESIAN_POINT('',(134.85,63.,4.90625));
#452 = VERTEX_POINT('',#453);
#453 = CARTESIAN_POINT('',(134.85,57.,4.40625));
#454 = ( BOUNDED_CURVE() B_SPLINE_CURVE(2,(#455,#456,#457,#458,#459,#460
,#461,#462,#463),.UNSPECIFIED.,.F.,.F.) B_SPLINE_CURVE_WITH_KNOTS((3,2,2
    ,2,3),(0.583333333333,0.59375,0.604166666667,0.614583333333,0.625),
.PIECEWISE_BEZIER_KNOTS.) CURVE() GEOMETRIC_REPRESENTATION_ITEM() 
RATIONAL_B_SPLINE_CURVE((1.,0.923879532511,1.,0.923879532511,1.,
0.923879532511,1.,0.923879532511,1.)) REPRESENTATION_ITEM('') );
#455 = CARTESIAN_POINT('',(134.85,63.,4.90625));
#456 = CARTESIAN_POINT('',(136.09264068711,63.,4.84375));
#457 = CARTESIAN_POINT('',(136.97132034356,62.12132034356,4.78125));
#458 = CARTESIAN_POINT('',(137.85,61.242640687119,4.71875));
#459 = CARTESIAN_POINT('',(137.85,60.,4.65625));
#460 = CARTESIAN_POINT('',(137.85,58.757359312881,4.59375));
#461 = CARTESIAN_POINT('',(136.97132034356,57.87867965644,4.53125));
#462 = CARTESIAN_POINT('',(136.09264068711,57.,4.46875));
#463 = CARTESIAN_POINT('',(134.85,57.,4.40625));
#464 = ORIENTED_EDGE('',*,*,#465,.T.);
#465 = EDGE_CURVE('',#450,#113,#466,.T.);
#466 = LINE('',#467,#468);
#467 = CARTESIAN_POINT('',(134.85,63.,9.90625));
#468 = VECTOR('',#469,1.);
#469 = DIRECTION('',(-0.,-1.836970198721E-16,1.));
#470 = ORIENTED_EDGE('',*,*,#110,.F.);
#471 = ORIENTED_EDGE('',*,*,#472,.F.);
#472 = EDGE_CURVE('',#473,#111,#475,.T.);
#473 = VERTEX_POINT('',#474);
#474 = CARTESIAN_POINT('',(134.85,57.,4.53125));
#475 = ( BOUNDED_CURVE() B_SPLINE_CURVE(2,(#476,#477,#478,#479,#480,#481
,#482,#483,#484),.UNSPECIFIED.,.F.,.F.) B_SPLINE_CURVE_WITH_KNOTS((3,2,2
    ,2,3),(0.458333333333,0.46875,0.479166666667,0.489583333333,0.5),
.PIECEWISE_BEZIER_KNOTS.) CURVE() GEOMETRIC_REPRESENTATION_ITEM() 
RATIONAL_B_SPLINE_CURVE((1.,0.923879532511,1.,0.923879532511,1.,
0.923879532511,1.,0.923879532511,1.)) REPRESENTATION_ITEM('') );
#476 = CARTESIAN_POINT('',(134.85,57.,4.53125));
#477 = CARTESIAN_POINT('',(136.09264068711,57.,4.59375));
#478 = CARTESIAN_POINT('',(136.97132034356,57.87867965644,4.65625));
#479 = CARTESIAN_POINT('',(137.85,58.757359312881,4.71875));
#480 = CARTESIAN_POINT('',(137.85,60.,4.78125));
#481 = CARTESIAN_POINT('',(137.85,61.242640687119,4.84375));
#482 = CARTESIAN_POINT('',(136.97132034356,62.12132034356,4.90625));
#483 = CARTESIAN_POINT('',(136.09264068711,63.,4.96875));
#484 = CARTESIAN_POINT('',(134.85,63.,5.03125));
#485 = ORIENTED_EDGE('',*,*,#486,.F.);
#486 = EDGE_CURVE('',#452,#473,#487,.T.);
#487 = LINE('',#488,#489);
#488 = CARTESIAN_POINT('',(134.85,57.,9.90625));
#489 = VECTOR('',#490,1.);
#490 = DIRECTION('',(-0.,-1.836970198721E-16,1.));
#491 = CYLINDRICAL_SURFACE('',#492,3.);
#492 = AXIS2_PLACEMENT_3D('',#493,#494,#495);
#493 = CARTESIAN_POINT('',(134.85,60.,9.90625));
#494 = DIRECTION('',(-0.,-1.836970198721E-16,1.));
#495 = DIRECTION('',(0.,-1.,-1.836970198721E-16));
#496 = ADVANCED_FACE('',(#497),#513,.F.);
#497 = FACE_BOUND('',#498,.F.);
#498 = EDGE_LOOP('',(#499,#500,#512));
#499 = ORIENTED_EDGE('',*,*,#465,.F.);
#500 = ORIENTED_EDGE('',*,*,#501,.F.);
#501 = EDGE_CURVE('',#271,#450,#502,.T.);
#502 = ( BOUNDED_CURVE() B_SPLINE_CURVE(2,(#503,#504,#505,#506,#507,#508
,#509,#510,#511),.UNSPECIFIED.,.F.,.F.) B_SPLINE_CURVE_WITH_KNOTS((3,2,2
    ,2,3),(0.541666666667,0.552083333333,0.5625,0.572916666667,
0.583333333333),.UNSPECIFIED.) CURVE() GEOMETRIC_REPRESENTATION_ITEM() 
RATIONAL_B_SPLINE_CURVE((1.,0.923879532511,1.,0.923879532511,1.,
0.923879532511,1.,0.923879532511,1.)) REPRESENTATION_ITEM('') );
#503 = CARTESIAN_POINT('',(134.85,57.,5.40625));
#504 = CARTESIAN_POINT('',(133.60735931288,57.,5.34375));
#505 = CARTESIAN_POINT('',(132.72867965644,57.87867965644,5.28125));
#506 = CARTESIAN_POINT('',(131.85,58.757359312881,5.21875));
#507 = CARTESIAN_POINT('',(131.85,60.,5.15625));
#508 = CARTESIAN_POINT('',(131.85,61.242640687119,5.09375));
#509 = CARTESIAN_POINT('',(132.72867965644,62.12132034356,5.03125));
#510 = CARTESIAN_POINT('',(133.60735931288,63.,4.96875));
#511 = CARTESIAN_POINT('',(134.85,63.,4.90625));
#512 = ORIENTED_EDGE('',*,*,#361,.F.);
#513 = CYLINDRICAL_SURFACE('',#514,3.);
#514 = AXIS2_PLACEMENT_3D('',#515,#516,#517);
#515 = CARTESIAN_POINT('',(134.85,60.,9.90625));
#516 = DIRECTION('',(-0.,-1.836970198721E-16,1.));
#517 = DIRECTION('',(0.,-1.,-1.836970198721E-16));
#518 = ADVANCED_FACE('',(#519),#828,.F.);
#519 = FACE_BOUND('',#520,.F.);
#520 = EDGE_LOOP('',(#521,#532,#696,#697,#698,#699,#713,#727,#741,#755,
    #769,#783,#797,#807));
#521 = ORIENTED_EDGE('',*,*,#522,.F.);
#522 = EDGE_CURVE('',#523,#525,#527,.T.);
#523 = VERTEX_POINT('',#524);
#524 = CARTESIAN_POINT('',(134.48017808978,57.678795046167,
    6.730947161678E-03));
#525 = VERTEX_POINT('',#526);
#526 = CARTESIAN_POINT('',(134.85,57.591506350946,6.474364905388E-02));
#527 = B_SPLINE_CURVE_WITH_KNOTS('',3,(#528,#529,#530,#531),
  .UNSPECIFIED.,.F.,.F.,(4,4),(0.,3.831023336065E-04),
  .PIECEWISE_BEZIER_KNOTS.);
#528 = CARTESIAN_POINT('',(134.48017808978,57.678795046167,
    6.730947161678E-03));
#529 = CARTESIAN_POINT('',(134.60171205284,57.638985272134,
    2.692286676887E-02));
#530 = CARTESIAN_POINT('',(134.72501420917,57.610032717093,
    4.621728290744E-02));
#531 = CARTESIAN_POINT('',(134.85,57.591506350946,6.474364905388E-02));
#532 = ORIENTED_EDGE('',*,*,#533,.T.);
#533 = EDGE_CURVE('',#523,#234,#534,.T.);
#534 = ( BOUNDED_CURVE() B_SPLINE_CURVE(2,(#535,#536,#537,#538,#539,#540
    ,#541,#542,#543,#544,#545,#546,#547,#548,#549,#550,#551,#552,#553,
    #554,#555,#556,#557,#558,#559,#560,#561,#562,#563,#564,#565,#566,
    #567,#568,#569,#570,#571,#572,#573,#574,#575,#576,#577,#578,#579,
    #580,#581,#582,#583,#584,#585,#586,#587,#588,#589,#590,#591,#592,
    #593,#594,#595,#596,#597,#598,#599,#600,#601,#602,#603,#604,#605,
    #606,#607,#608,#609,#610,#611,#612,#613,#614,#615,#616,#617,#618,
    #619,#620,#621,#622,#623,#624,#625,#626,#627,#628,#629,#630,#631,
    #632,#633,#634,#635,#636,#637,#638,#639,#640,#641,#642,#643,#644,
    #645,#646,#647,#648,#649,#650,#651,#652,#653,#654,#655,#656,#657,
    #658,#659,#660,#661,#662,#663,#664,#665,#666,#667,#668,#669,#670,
    #671,#672,#673,#674,#675,#676,#677,#678,#679,#680,#681,#682,#683,
    #684,#685,#686,#687,#688,#689,#690,#691,#692,#693,#694,#695),
.UNSPECIFIED.,.F.,.F.) B_SPLINE_CURVE_WITH_KNOTS((3,2,2,2,2,2,2,2,2,2,2,
    2,2,2,2,2,2,2,2,2,2,2,2,2,2,2,2,2,2,2,2,2,2,2,2,2,2,2,2,2,2,2,2,2,2,
    2,2,2,2,2,2,2,2,2,2,2,2,2,2,2,2,2,2,2,2,2,2,2,2,2,2,2,2,2,2,2,2,2,2,
    2,3),(3.954526539797E-02,4.166666666667E-02,5.208333333333E-02,
    6.25E-02,7.291666666667E-02,8.333333333333E-02,9.375E-02,
    0.104166666667,0.114583333333,0.125,0.135416666667,0.145833333333,
    0.15625,0.166666666667,0.177083333333,0.1875,0.197916666667,
    0.208333333333,0.21875,0.229166666667,0.239583333333,0.25,
    0.260416666667,0.270833333333,0.28125,0.291666666667,0.302083333333,
    0.3125,0.322916666667,0.333333333333,0.34375,0.354166666667,
    0.364583333333,0.375,0.385416666667,0.395833333333,0.40625,
    0.416666666667,0.427083333333,0.4375,0.447916666667,0.458333333333,
    0.46875,0.479166666667,0.489583333333,0.5,0.510416666667,
    0.520833333333,0.53125,0.541666666667,0.552083333333,0.5625,
    0.572916666667,0.583333333333,0.59375,0.604166666667,0.614583333333,
    0.625,0.635416666667,0.645833333333,0.65625,0.666666666667,
    0.677083333333,0.6875,0.697916666667,0.708333333333,0.71875,
    0.729166666667,0.739583333333,0.75,0.760416666667,0.770833333333,
    0.78125,0.791666666667,0.802083333333,0.8125,0.822916666667,
    0.833333333333,0.84375,0.854166666667,0.864583333333),
.UNSPECIFIED.) CURVE() GEOMETRIC_REPRESENTATION_ITEM() 
RATIONAL_B_SPLINE_CURVE((0.975309662973,0.984497722595,1.,0.923879532511
    ,1.,0.923879532511,1.,0.923879532511,1.,0.923879532511,1.,
    0.923879532511,1.,0.923879532511,1.,0.923879532511,1.,0.923879532511
    ,1.,0.923879532511,1.,0.923879532511,1.,0.923879532511,1.,
    0.923879532511,1.,0.923879532511,1.,0.923879532511,1.,0.923879532511
    ,1.,0.923879532511,1.,0.923879532511,1.,0.923879532511,1.,
    0.923879532511,1.,0.923879532511,1.,0.923879532511,1.,0.923879532511
    ,1.,0.923879532511,1.,0.923879532511,1.,0.923879532511,1.,
    0.923879532511,1.,0.923879532511,1.,0.923879532511,1.,0.923879532511
    ,1.,0.923879532511,1.,0.923879532511,1.,0.923879532511,1.,
    0.923879532511,1.,0.923879532511,1.,0.923879532511,1.,0.923879532511
    ,1.,0.923879532511,1.,0.923879532511,1.,0.923879532511,1.,
    0.923879532511,1.,0.923879532511,1.,0.923879532511,1.,0.923879532511
    ,1.,0.923879532511,1.,0.923879532511,1.,0.923879532511,1.,
    0.923879532511,1.,0.923879532511,1.,0.923879532511,1.,0.923879532511
    ,1.,0.923879532511,1.,0.923879532511,1.,0.923879532511,1.,
    0.923879532511,1.,0.923879532511,1.,0.923879532511,1.,0.923879532511
    ,1.,0.923879532511,1.,0.923879532511,1.,0.923879532511,1.,
    0.923879532511,1.,0.923879532511,1.,0.923879532511,1.,0.923879532511
    ,1.,0.923879532511,1.,0.923879532511,1.,0.923879532511,1.,
    0.923879532511,1.,0.923879532511,1.,0.923879532511,1.,0.923879532511
    ,1.,0.923879532511,1.,0.923879532511,1.,0.923879532511,1.,
    0.923879532511,1.,0.923879532511,1.,0.923879532511,1.,0.923879532511
,1.,0.923879532511,1.)) REPRESENTATION_ITEM('') );
#535 = CARTESIAN_POINT('',(134.48017808978,57.678795046167,
    6.730947161678E-03));
#536 = CARTESIAN_POINT('',(134.66393026581,57.649519052838,
    1.930531490377E-02));
#537 = CARTESIAN_POINT('',(134.85,57.649519052838,3.125E-02));
#538 = CARTESIAN_POINT('',(135.82360108641,57.649519052838,9.375E-02));
#539 = CARTESIAN_POINT('',(136.51204101678,58.337958983212,0.15625));
#540 = CARTESIAN_POINT('',(137.20048094716,59.026398913586,0.21875));
#541 = CARTESIAN_POINT('',(137.20048094716,60.,0.28125));
#542 = CARTESIAN_POINT('',(137.20048094716,60.973601086414,0.34375));
#543 = CARTESIAN_POINT('',(136.51204101678,61.662041016788,0.40625));
#544 = CARTESIAN_POINT('',(135.82360108641,62.350480947162,0.46875));
#545 = CARTESIAN_POINT('',(134.85,62.350480947162,0.53125));
#546 = CARTESIAN_POINT('',(133.87639891358,62.350480947162,0.59375));
#547 = CARTESIAN_POINT('',(133.18795898321,61.662041016788,0.65625));
#548 = CARTESIAN_POINT('',(132.49951905283,60.973601086414,0.71875));
#549 = CARTESIAN_POINT('',(132.49951905283,60.,0.78125));
#550 = CARTESIAN_POINT('',(132.49951905283,59.026398913586,0.84375));
#551 = CARTESIAN_POINT('',(133.18795898321,58.337958983212,0.90625));
#552 = CARTESIAN_POINT('',(133.87639891358,57.649519052838,0.96875));
#553 = CARTESIAN_POINT('',(134.85,57.649519052838,1.03125));
#554 = CARTESIAN_POINT('',(135.82360108641,57.649519052838,1.09375));
#555 = CARTESIAN_POINT('',(136.51204101678,58.337958983212,1.15625));
#556 = CARTESIAN_POINT('',(137.20048094716,59.026398913586,1.21875));
#557 = CARTESIAN_POINT('',(137.20048094716,60.,1.28125));
#558 = CARTESIAN_POINT('',(137.20048094716,60.973601086414,1.34375));
#559 = CARTESIAN_POINT('',(136.51204101678,61.662041016788,1.40625));
#560 = CARTESIAN_POINT('',(135.82360108641,62.350480947162,1.46875));
#561 = CARTESIAN_POINT('',(134.85,62.350480947162,1.53125));
#562 = CARTESIAN_POINT('',(133.87639891358,62.350480947162,1.59375));
#563 = CARTESIAN_POINT('',(133.18795898321,61.662041016788,1.65625));
#564 = CARTESIAN_POINT('',(132.49951905283,60.973601086414,1.71875));
#565 = CARTESIAN_POINT('',(132.49951905283,60.,1.78125));
#566 = CARTESIAN_POINT('',(132.49951905283,59.026398913586,1.84375));
#567 = CARTESIAN_POINT('',(133.18795898321,58.337958983212,1.90625));
#568 = CARTESIAN_POINT('',(133.87639891358,57.649519052838,1.96875));
#569 = CARTESIAN_POINT('',(134.85,57.649519052838,2.03125));
#570 = CARTESIAN_POINT('',(135.82360108641,57.649519052838,2.09375));
#571 = CARTESIAN_POINT('',(136.51204101678,58.337958983212,2.15625));
#572 = CARTESIAN_POINT('',(137.20048094716,59.026398913586,2.21875));
#573 = CARTESIAN_POINT('',(137.20048094716,60.,2.28125));
#574 = CARTESIAN_POINT('',(137.20048094716,60.973601086414,2.34375));
#575 = CARTESIAN_POINT('',(136.51204101678,61.662041016788,2.40625));
#576 = CARTESIAN_POINT('',(135.82360108641,62.350480947162,2.46875));
#577 = CARTESIAN_POINT('',(134.85,62.350480947162,2.53125));
#578 = CARTESIAN_POINT('',(133.87639891358,62.350480947162,2.59375));
#579 = CARTESIAN_POINT('',(133.18795898321,61.662041016788,2.65625));
#580 = CARTESIAN_POINT('',(132.49951905283,60.973601086414,2.71875));
#581 = CARTESIAN_POINT('',(132.49951905283,60.,2.78125));
#582 = CARTESIAN_POINT('',(132.49951905283,59.026398913586,2.84375));
#583 = CARTESIAN_POINT('',(133.18795898321,58.337958983212,2.90625));
#584 = CARTESIAN_POINT('',(133.87639891358,57.649519052838,2.96875));
#585 = CARTESIAN_POINT('',(134.85,57.649519052838,3.03125));
#586 = CARTESIAN_POINT('',(135.82360108641,57.649519052838,3.09375));
#587 = CARTESIAN_POINT('',(136.51204101678,58.337958983212,3.15625));
#588 = CARTESIAN_POINT('',(137.20048094716,59.026398913586,3.21875));
#589 = CARTESIAN_POINT('',(137.20048094716,60.,3.28125));
#590 = CARTESIAN_POINT('',(137.20048094716,60.973601086414,3.34375));
#591 = CARTESIAN_POINT('',(136.51204101678,61.662041016788,3.40625));
#592 = CARTESIAN_POINT('',(135.82360108641,62.350480947162,3.46875));
#593 = CARTESIAN_POINT('',(134.85,62.350480947162,3.53125));
#594 = CARTESIAN_POINT('',(133.87639891358,62.350480947162,3.59375));
#595 = CARTESIAN_POINT('',(133.18795898321,61.662041016788,3.65625));
#596 = CARTESIAN_POINT('',(132.49951905283,60.973601086414,3.71875));
#597 = CARTESIAN_POINT('',(132.49951905283,60.,3.78125));
#598 = CARTESIAN_POINT('',(132.49951905283,59.026398913586,3.84375));
#599 = CARTESIAN_POINT('',(133.18795898321,58.337958983212,3.90625));
#600 = CARTESIAN_POINT('',(133.87639891358,57.649519052838,3.96875));
#601 = CARTESIAN_POINT('',(134.85,57.649519052838,4.03125));
#602 = CARTESIAN_POINT('',(135.82360108641,57.649519052838,4.09375));
#603 = CARTESIAN_POINT('',(136.51204101678,58.337958983212,4.15625));
#604 = CARTESIAN_POINT('',(137.20048094716,59.026398913586,4.21875));
#605 = CARTESIAN_POINT('',(137.20048094716,60.,4.28125));
#606 = CARTESIAN_POINT('',(137.20048094716,60.973601086414,4.34375));
#607 = CARTESIAN_POINT('',(136.51204101678,61.662041016788,4.40625));
#608 = CARTESIAN_POINT('',(135.82360108641,62.350480947162,4.46875));
#609 = CARTESIAN_POINT('',(134.85,62.350480947162,4.53125));
#610 = CARTESIAN_POINT('',(133.87639891358,62.350480947162,4.59375));
#611 = CARTESIAN_POINT('',(133.18795898321,61.662041016788,4.65625));
#612 = CARTESIAN_POINT('',(132.49951905283,60.973601086414,4.71875));
#613 = CARTESIAN_POINT('',(132.49951905283,60.,4.78125));
#614 = CARTESIAN_POINT('',(132.49951905283,59.026398913586,4.84375));
#615 = CARTESIAN_POINT('',(133.18795898321,58.337958983212,4.90625));
#616 = CARTESIAN_POINT('',(133.87639891358,57.649519052838,4.96875));
#617 = CARTESIAN_POINT('',(134.85,57.649519052838,5.03125));
#618 = CARTESIAN_POINT('',(135.82360108641,57.649519052838,5.09375));
#619 = CARTESIAN_POINT('',(136.51204101678,58.337958983212,5.15625));
#620 = CARTESIAN_POINT('',(137.20048094716,59.026398913586,5.21875));
#621 = CARTESIAN_POINT('',(137.20048094716,60.,5.28125));
#622 = CARTESIAN_POINT('',(137.20048094716,60.973601086414,5.34375));
#623 = CARTESIAN_POINT('',(136.51204101678,61.662041016788,5.40625));
#624 = CARTESIAN_POINT('',(135.82360108641,62.350480947162,5.46875));
#625 = CARTESIAN_POINT('',(134.85,62.350480947162,5.53125));
#626 = CARTESIAN_POINT('',(133.87639891358,62.350480947162,5.59375));
#627 = CARTESIAN_POINT('',(133.18795898321,61.662041016788,5.65625));
#628 = CARTESIAN_POINT('',(132.49951905283,60.973601086414,5.71875));
#629 = CARTESIAN_POINT('',(132.49951905283,60.,5.78125));
#630 = CARTESIAN_POINT('',(132.49951905283,59.026398913586,5.84375));
#631 = CARTESIAN_POINT('',(133.18795898321,58.337958983212,5.90625));
#632 = CARTESIAN_POINT('',(133.87639891358,57.649519052838,5.96875));
#633 = CARTESIAN_POINT('',(134.85,57.649519052838,6.03125));
#634 = CARTESIAN_POINT('',(135.82360108641,57.649519052838,6.09375));
#635 = CARTESIAN_POINT('',(136.51204101678,58.337958983212,6.15625));
#636 = CARTESIAN_POINT('',(137.20048094716,59.026398913586,6.21875));
#637 = CARTESIAN_POINT('',(137.20048094716,60.,6.28125));
#638 = CARTESIAN_POINT('',(137.20048094716,60.973601086414,6.34375));
#639 = CARTESIAN_POINT('',(136.51204101678,61.662041016788,6.40625));
#640 = CARTESIAN_POINT('',(135.82360108641,62.350480947162,6.46875));
#641 = CARTESIAN_POINT('',(134.85,62.350480947162,6.53125));
#642 = CARTESIAN_POINT('',(133.87639891358,62.350480947162,6.59375));
#643 = CARTESIAN_POINT('',(133.18795898321,61.662041016788,6.65625));
#644 = CARTESIAN_POINT('',(132.49951905283,60.973601086414,6.71875));
#645 = CARTESIAN_POINT('',(132.49951905283,60.,6.78125));
#646 = CARTESIAN_POINT('',(132.49951905283,59.026398913586,6.84375));
#647 = CARTESIAN_POINT('',(133.18795898321,58.337958983212,6.90625));
#648 = CARTESIAN_POINT('',(133.87639891358,57.649519052838,6.96875));
#649 = CARTESIAN_POINT('',(134.85,57.649519052838,7.03125));
#650 = CARTESIAN_POINT('',(135.82360108641,57.649519052838,7.09375));
#651 = CARTESIAN_POINT('',(136.51204101678,58.337958983212,7.15625));
#652 = CARTESIAN_POINT('',(137.20048094716,59.026398913586,7.21875));
#653 = CARTESIAN_POINT('',(137.20048094716,60.,7.28125));
#654 = CARTESIAN_POINT('',(137.20048094716,60.973601086414,7.34375));
#655 = CARTESIAN_POINT('',(136.51204101678,61.662041016788,7.40625));
#656 = CARTESIAN_POINT('',(135.82360108641,62.350480947162,7.46875));
#657 = CARTESIAN_POINT('',(134.85,62.350480947162,7.53125));
#658 = CARTESIAN_POINT('',(133.87639891358,62.350480947162,7.59375));
#659 = CARTESIAN_POINT('',(133.18795898321,61.662041016788,7.65625));
#660 = CARTESIAN_POINT('',(132.49951905283,60.973601086414,7.71875));
#661 = CARTESIAN_POINT('',(132.49951905283,60.,7.78125));
#662 = CARTESIAN_POINT('',(132.49951905283,59.026398913586,7.84375));
#663 = CARTESIAN_POINT('',(133.18795898321,58.337958983212,7.90625));
#664 = CARTESIAN_POINT('',(133.87639891358,57.649519052838,7.96875));
#665 = CARTESIAN_POINT('',(134.85,57.649519052838,8.03125));
#666 = CARTESIAN_POINT('',(135.82360108641,57.649519052838,8.09375));
#667 = CARTESIAN_POINT('',(136.51204101678,58.337958983212,8.15625));
#668 = CARTESIAN_POINT('',(137.20048094716,59.026398913586,8.21875));
#669 = CARTESIAN_POINT('',(137.20048094716,60.,8.28125));
#670 = CARTESIAN_POINT('',(137.20048094716,60.973601086414,8.34375));
#671 = CARTESIAN_POINT('',(136.51204101678,61.662041016788,8.40625));
#672 = CARTESIAN_POINT('',(135.82360108641,62.350480947162,8.46875));
#673 = CARTESIAN_POINT('',(134.85,62.350480947162,8.53125));
#674 = CARTESIAN_POINT('',(133.87639891358,62.350480947162,8.59375));
#675 = CARTESIAN_POINT('',(133.18795898321,61.662041016788,8.65625));
#676 = CARTESIAN_POINT('',(132.49951905283,60.973601086414,8.71875));
#677 = CARTESIAN_POINT('',(132.49951905283,60.,8.78125));
#678 = CARTESIAN_POINT('',(132.49951905283,59.026398913586,8.84375));
#679 = CARTESIAN_POINT('',(133.18795898321,58.337958983212,8.90625));
#680 = CARTESIAN_POINT('',(133.87639891358,57.649519052838,8.96875));
#681 = CARTESIAN_POINT('',(134.85,57.649519052838,9.03125));
#682 = CARTESIAN_POINT('',(135.82360108641,57.649519052838,9.09375));
#683 = CARTESIAN_POINT('',(136.51204101678,58.337958983212,9.15625));
#684 = CARTESIAN_POINT('',(137.20048094716,59.026398913586,9.21875));
#685 = CARTESIAN_POINT('',(137.20048094716,60.,9.28125));
#686 = CARTESIAN_POINT('',(137.20048094716,60.973601086414,9.34375));
#687 = CARTESIAN_POINT('',(136.51204101678,61.662041016788,9.40625));
#688 = CARTESIAN_POINT('',(135.82360108641,62.350480947162,9.46875));
#689 = CARTESIAN_POINT('',(134.85,62.350480947162,9.53125));
#690 = CARTESIAN_POINT('',(133.87639891358,62.350480947162,9.59375));
#691 = CARTESIAN_POINT('',(133.18795898321,61.662041016788,9.65625));
#692 = CARTESIAN_POINT('',(132.49951905283,60.973601086414,9.71875));
#693 = CARTESIAN_POINT('',(132.49951905283,60.,9.78125));
#694 = CARTESIAN_POINT('',(132.49951905283,59.026398913586,9.84375));
#695 = CARTESIAN_POINT('',(133.18795898321,58.337958983212,9.90625));
#696 = ORIENTED_EDGE('',*,*,#270,.T.);
#697 = ORIENTED_EDGE('',*,*,#501,.T.);
#698 = ORIENTED_EDGE('',*,*,#449,.T.);
#699 = ORIENTED_EDGE('',*,*,#700,.T.);
#700 = EDGE_CURVE('',#452,#701,#703,.T.);
#701 = VERTEX_POINT('',#702);
#702 = CARTESIAN_POINT('',(134.85,63.,3.90625));
#703 = ( BOUNDED_CURVE() B_SPLINE_CURVE(2,(#704,#705,#706,#707,#708,#709
,#710,#711,#712),.UNSPECIFIED.,.F.,.F.) B_SPLINE_CURVE_WITH_KNOTS((3,2,2
    ,2,3),(0.625,0.635416666667,0.645833333333,0.65625,0.666666666667),
.PIECEWISE_BEZIER_KNOTS.) CURVE() GEOMETRIC_REPRESENTATION_ITEM() 
RATIONAL_B_SPLINE_CURVE((1.,0.923879532511,1.,0.923879532511,1.,
0.923879532511,1.,0.923879532511,1.)) REPRESENTATION_ITEM('') );
#704 = CARTESIAN_POINT('',(134.85,57.,4.40625));
#705 = CARTESIAN_POINT('',(133.60735931288,57.,4.34375));
#706 = CARTESIAN_POINT('',(132.72867965644,57.87867965644,4.28125));
#707 = CARTESIAN_POINT('',(131.85,58.757359312881,4.21875));
#708 = CARTESIAN_POINT('',(131.85,60.,4.15625));
#709 = CARTESIAN_POINT('',(131.85,61.242640687119,4.09375));
#710 = CARTESIAN_POINT('',(132.72867965644,62.12132034356,4.03125));
#711 = CARTESIAN_POINT('',(133.60735931288,63.,3.96875));
#712 = CARTESIAN_POINT('',(134.85,63.,3.90625));
#713 = ORIENTED_EDGE('',*,*,#714,.T.);
#714 = EDGE_CURVE('',#701,#715,#717,.T.);
#715 = VERTEX_POINT('',#716);
#716 = CARTESIAN_POINT('',(134.85,57.,3.40625));
#717 = ( BOUNDED_CURVE() B_SPLINE_CURVE(2,(#718,#719,#720,#721,#722,#723
,#724,#725,#726),.UNSPECIFIED.,.F.,.F.) B_SPLINE_CURVE_WITH_KNOTS((3,2,2
    ,2,3),(0.666666666667,0.677083333333,0.6875,0.697916666667,
0.708333333333),.UNSPECIFIED.) CURVE() GEOMETRIC_REPRESENTATION_ITEM() 
RATIONAL_B_SPLINE_CURVE((1.,0.923879532511,1.,0.923879532511,1.,
0.923879532511,1.,0.923879532511,1.)) REPRESENTATION_ITEM('') );
#718 = CARTESIAN_POINT('',(134.85,63.,3.90625));
#719 = CARTESIAN_POINT('',(136.09264068711,63.,3.84375));
#720 = CARTESIAN_POINT('',(136.97132034356,62.12132034356,3.78125));
#721 = CARTESIAN_POINT('',(137.85,61.242640687119,3.71875));
#722 = CARTESIAN_POINT('',(137.85,60.,3.65625));
#723 = CARTESIAN_POINT('',(137.85,58.757359312881,3.59375));
#724 = CARTESIAN_POINT('',(136.97132034356,57.87867965644,3.53125));
#725 = CARTESIAN_POINT('',(136.09264068711,57.,3.46875));
#726 = CARTESIAN_POINT('',(134.85,57.,3.40625));
#727 = ORIENTED_EDGE('',*,*,#728,.T.);
#728 = EDGE_CURVE('',#715,#729,#731,.T.);
#729 = VERTEX_POINT('',#730);
#730 = CARTESIAN_POINT('',(134.85,63.,2.90625));
#731 = ( BOUNDED_CURVE() B_SPLINE_CURVE(2,(#732,#733,#734,#735,#736,#737
,#738,#739,#740),.UNSPECIFIED.,.F.,.F.) B_SPLINE_CURVE_WITH_KNOTS((3,2,2
    ,2,3),(0.708333333333,0.71875,0.729166666667,0.739583333333,0.75),
.PIECEWISE_BEZIER_KNOTS.) CURVE() GEOMETRIC_REPRESENTATION_ITEM() 
RATIONAL_B_SPLINE_CURVE((1.,0.923879532511,1.,0.923879532511,1.,
0.923879532511,1.,0.923879532511,1.)) REPRESENTATION_ITEM('') );
#732 = CARTESIAN_POINT('',(134.85,57.,3.40625));
#733 = CARTESIAN_POINT('',(133.60735931288,57.,3.34375));
#734 = CARTESIAN_POINT('',(132.72867965644,57.87867965644,3.28125));
#735 = CARTESIAN_POINT('',(131.85,58.757359312881,3.21875));
#736 = CARTESIAN_POINT('',(131.85,60.,3.15625));
#737 = CARTESIAN_POINT('',(131.85,61.242640687119,3.09375));
#738 = CARTESIAN_POINT('',(132.72867965644,62.12132034356,3.03125));
#739 = CARTESIAN_POINT('',(133.60735931288,63.,2.96875));
#740 = CARTESIAN_POINT('',(134.85,63.,2.90625));
#741 = ORIENTED_EDGE('',*,*,#742,.T.);
#742 = EDGE_CURVE('',#729,#743,#745,.T.);
#743 = VERTEX_POINT('',#744);
#744 = CARTESIAN_POINT('',(134.85,57.,2.40625));
#745 = ( BOUNDED_CURVE() B_SPLINE_CURVE(2,(#746,#747,#748,#749,#750,#751
,#752,#753,#754),.UNSPECIFIED.,.F.,.F.) B_SPLINE_CURVE_WITH_KNOTS((3,2,2
    ,2,3),(0.75,0.760416666667,0.770833333333,0.78125,0.791666666667),
.PIECEWISE_BEZIER_KNOTS.) CURVE() GEOMETRIC_REPRESENTATION_ITEM() 
RATIONAL_B_SPLINE_CURVE((1.,0.923879532511,1.,0.923879532511,1.,
0.923879532511,1.,0.923879532511,1.)) REPRESENTATION_ITEM('') );
#746 = CARTESIAN_POINT('',(134.85,63.,2.90625));
#747 = CARTESIAN_POINT('',(136.09264068711,63.,2.84375));
#748 = CARTESIAN_POINT('',(136.97132034356,62.12132034356,2.78125));
#749 = CARTESIAN_POINT('',(137.85,61.242640687119,2.71875));
#750 = CARTESIAN_POINT('',(137.85,60.,2.65625));
#751 = CARTESIAN_POINT('',(137.85,58.757359312881,2.59375));
#752 = CARTESIAN_POINT('',(136.97132034356,57.87867965644,2.53125));
#753 = CARTESIAN_POINT('',(136.09264068711,57.,2.46875));
#754 = CARTESIAN_POINT('',(134.85,57.,2.40625));
#755 = ORIENTED_EDGE('',*,*,#756,.T.);
#756 = EDGE_CURVE('',#743,#757,#759,.T.);
#757 = VERTEX_POINT('',#758);
#758 = CARTESIAN_POINT('',(134.85,63.,1.90625));
#759 = ( BOUNDED_CURVE() B_SPLINE_CURVE(2,(#760,#761,#762,#763,#764,#765
,#766,#767,#768),.UNSPECIFIED.,.F.,.F.) B_SPLINE_CURVE_WITH_KNOTS((3,2,2
    ,2,3),(0.791666666667,0.802083333333,0.8125,0.822916666667,
0.833333333333),.PIECEWISE_BEZIER_KNOTS.) CURVE() 
GEOMETRIC_REPRESENTATION_ITEM() RATIONAL_B_SPLINE_CURVE((1.,
    0.923879532511,1.,0.923879532511,1.,0.923879532511,1.,0.923879532511
,1.)) REPRESENTATION_ITEM('') );
#760 = CARTESIAN_POINT('',(134.85,57.,2.40625));
#761 = CARTESIAN_POINT('',(133.60735931288,57.,2.34375));
#762 = CARTESIAN_POINT('',(132.72867965644,57.87867965644,2.28125));
#763 = CARTESIAN_POINT('',(131.85,58.757359312881,2.21875));
#764 = CARTESIAN_POINT('',(131.85,60.,2.15625));
#765 = CARTESIAN_POINT('',(131.85,61.242640687119,2.09375));
#766 = CARTESIAN_POINT('',(132.72867965644,62.12132034356,2.03125));
#767 = CARTESIAN_POINT('',(133.60735931288,63.,1.96875));
#768 = CARTESIAN_POINT('',(134.85,63.,1.90625));
#769 = ORIENTED_EDGE('',*,*,#770,.T.);
#770 = EDGE_CURVE('',#757,#771,#773,.T.);
#771 = VERTEX_POINT('',#772);
#772 = CARTESIAN_POINT('',(134.85,57.,1.40625));
#773 = ( BOUNDED_CURVE() B_SPLINE_CURVE(2,(#774,#775,#776,#777,#778,#779
,#780,#781,#782),.UNSPECIFIED.,.F.,.F.) B_SPLINE_CURVE_WITH_KNOTS((3,2,2
    ,2,3),(0.833333333333,0.84375,0.854166666667,0.864583333333,0.875),
.PIECEWISE_BEZIER_KNOTS.) CURVE() GEOMETRIC_REPRESENTATION_ITEM() 
RATIONAL_B_SPLINE_CURVE((1.,0.923879532511,1.,0.923879532511,1.,
0.923879532511,1.,0.923879532511,1.)) REPRESENTATION_ITEM('') );
#774 = CARTESIAN_POINT('',(134.85,63.,1.90625));
#775 = CARTESIAN_POINT('',(136.09264068711,63.,1.84375));
#776 = CARTESIAN_POINT('',(136.97132034356,62.12132034356,1.78125));
#777 = CARTESIAN_POINT('',(137.85,61.242640687119,1.71875));
#778 = CARTESIAN_POINT('',(137.85,60.,1.65625));
#779 = CARTESIAN_POINT('',(137.85,58.757359312881,1.59375));
#780 = CARTESIAN_POINT('',(136.97132034356,57.87867965644,1.53125));
#781 = CARTESIAN_POINT('',(136.09264068711,57.,1.46875));
#782 = CARTESIAN_POINT('',(134.85,57.,1.40625));
#783 = ORIENTED_EDGE('',*,*,#784,.T.);
#784 = EDGE_CURVE('',#771,#785,#787,.T.);
#785 = VERTEX_POINT('',#786);
#786 = CARTESIAN_POINT('',(134.85,63.,0.90625));
#787 = ( BOUNDED_CURVE() B_SPLINE_CURVE(2,(#788,#789,#790,#791,#792,#793
,#794,#795,#796),.UNSPECIFIED.,.F.,.F.) B_SPLINE_CURVE_WITH_KNOTS((3,2,2
    ,2,3),(0.875,0.885416666667,0.895833333333,0.90625,0.916666666667),
.PIECEWISE_BEZIER_KNOTS.) CURVE() GEOMETRIC_REPRESENTATION_ITEM() 
RATIONAL_B_SPLINE_CURVE((1.,0.923879532511,1.,0.923879532511,1.,
0.923879532511,1.,0.923879532511,1.)) REPRESENTATION_ITEM('') );
#788 = CARTESIAN_POINT('',(134.85,57.,1.40625));
#789 = CARTESIAN_POINT('',(133.60735931288,57.,1.34375));
#790 = CARTESIAN_POINT('',(132.72867965644,57.87867965644,1.28125));
#791 = CARTESIAN_POINT('',(131.85,58.757359312881,1.21875));
#792 = CARTESIAN_POINT('',(131.85,60.,1.15625));
#793 = CARTESIAN_POINT('',(131.85,61.242640687119,1.09375));
#794 = CARTESIAN_POINT('',(132.72867965644,62.12132034356,1.03125));
#795 = CARTESIAN_POINT('',(133.60735931288,63.,0.96875));
#796 = CARTESIAN_POINT('',(134.85,63.,0.90625));
#797 = ORIENTED_EDGE('',*,*,#798,.T.);
#798 = EDGE_CURVE('',#785,#799,#801,.T.);
#799 = VERTEX_POINT('',#800);
#800 = CARTESIAN_POINT('',(137.85,60.,0.65625));
#801 = ( BOUNDED_CURVE() B_SPLINE_CURVE(2,(#802,#803,#804,#805,#806),
.UNSPECIFIED.,.F.,.F.) B_SPLINE_CURVE_WITH_KNOTS((3,2,3),(0.916666666667
,0.927083333333,0.9375),.PIECEWISE_BEZIER_KNOTS.) CURVE() 
GEOMETRIC_REPRESENTATION_ITEM() RATIONAL_B_SPLINE_CURVE((1.,
0.923879532511,1.,0.923879532511,1.)) REPRESENTATION_ITEM('') );
#802 = CARTESIAN_POINT('',(134.85,63.,0.90625));
#803 = CARTESIAN_POINT('',(136.09264068711,63.,0.84375));
#804 = CARTESIAN_POINT('',(136.97132034356,62.12132034356,0.78125));
#805 = CARTESIAN_POINT('',(137.85,61.242640687119,0.71875));
#806 = CARTESIAN_POINT('',(137.85,60.,0.65625));
#807 = ORIENTED_EDGE('',*,*,#808,.F.);
#808 = EDGE_CURVE('',#525,#799,#809,.T.);
#809 = B_SPLINE_CURVE_WITH_KNOTS('',3,(#810,#811,#812,#813,#814,#815,
    #816,#817,#818,#819,#820,#821,#822,#823,#824,#825,#826,#827),
  .UNSPECIFIED.,.F.,.F.,(4,2,2,2,2,2,2,2,4),(3.831023336065E-04,
    9.221763653032E-04,1.461250397E-03,2.000324428697E-03,
    2.539398460393E-03,3.07847249209E-03,3.617546523787E-03,
    4.156620555483E-03,4.69569458718E-03),.UNSPECIFIED.);
#810 = CARTESIAN_POINT('',(134.85,57.591506350946,6.474364905388E-02));
#811 = CARTESIAN_POINT('',(135.02587100953,57.565437381861,
    9.081261813908E-02));
#812 = CARTESIAN_POINT('',(135.20630496502,57.557899318558,
    0.117887087283));
#813 = CARTESIAN_POINT('',(135.56265474911,57.58100911804,0.171849702165
    ));
#814 = CARTESIAN_POINT('',(135.73770038992,57.611118160032,
    0.198601699162));
#815 = CARTESIAN_POINT('',(136.08151572613,57.708475115703,
    0.251727030088));
#816 = CARTESIAN_POINT('',(136.2490443766,57.775873132338,0.277919660068
    ));
#817 = CARTESIAN_POINT('',(136.56285184386,57.94222150849,0.327841300048
    ));
#818 = CARTESIAN_POINT('',(136.71173836202,58.04295501236,0.351503460456
    ));
#819 = CARTESIAN_POINT('',(136.98795493676,58.272685681753,
    0.399015478393));
#820 = CARTESIAN_POINT('',(137.11353407191,58.399182002396,
    0.423005188731));
#821 = CARTESIAN_POINT('',(137.3400888002,58.67503081624,0.471354809602)
  );
#822 = CARTESIAN_POINT('',(137.44143636334,58.825638925898,0.49588102431
    ));
#823 = CARTESIAN_POINT('',(137.61144571985,59.138709036621,
    0.543505198957));
#824 = CARTESIAN_POINT('',(137.68125861329,59.302227163234,
    0.566812641417));
#825 = CARTESIAN_POINT('',(137.79008447989,59.643399490953,
    0.612552300925));
#826 = CARTESIAN_POINT('',(137.82865942882,59.82067031415,0.634909428829
    ));
#827 = CARTESIAN_POINT('',(137.85,60.,0.65625));
#828 = ( BOUNDED_SURFACE() B_SPLINE_SURFACE(1,2,(
    (#829,#830,#831,#832,#833,#834,#835,#836,#837,#838,#839,#840,#841
      ,#842,#843,#844,#845,#846,#847,#848,#849,#850,#851,#852,#853,#854
      ,#855,#856,#857,#858,#859,#860,#861,#862,#863,#864,#865,#866,#867
      ,#868,#869,#870,#871,#872,#873,#874,#875,#876,#877,#878,#879,#880
      ,#881,#882,#883,#884,#885,#886,#887,#888,#889,#890,#891,#892,#893
      ,#894,#895,#896,#897,#898,#899,#900,#901,#902,#903,#904,#905,#906
      ,#907,#908,#909,#910,#911,#912,#913,#914,#915,#916,#917,#918,#919
      ,#920,#921,#922,#923,#924,#925,#926,#927,#928,#929,#930,#931,#932
      ,#933,#934,#935,#936,#937,#938,#939,#940,#941,#942,#943,#944,#945
      ,#946,#947,#948,#949,#950,#951,#952,#953,#954,#955,#956,#957,#958
      ,#959,#960,#961,#962,#963,#964,#965,#966,#967,#968,#969,#970,#971
      ,#972,#973,#974,#975,#976,#977,#978,#979,#980,#981,#982,#983,#984
      ,#985,#986,#987,#988,#989,#990,#991,#992,#993,#994,#995,#996,#997
      ,#998,#999,#1000,#1001,#1002,#1003,#1004,#1005,#1006,#1007,#1008
      ,#1009,#1010,#1011,#1012,#1013,#1014,#1015,#1016,#1017,#1018,#1019
      ,#1020,#1021)
    ,(#1022,#1023,#1024,#1025,#1026,#1027,#1028,#1029,#1030,#1031,#1032
      ,#1033,#1034,#1035,#1036,#1037,#1038,#1039,#1040,#1041,#1042,#1043
      ,#1044,#1045,#1046,#1047,#1048,#1049,#1050,#1051,#1052,#1053,#1054
      ,#1055,#1056,#1057,#1058,#1059,#1060,#1061,#1062,#1063,#1064,#1065
      ,#1066,#1067,#1068,#1069,#1070,#1071,#1072,#1073,#1074,#1075,#1076
      ,#1077,#1078,#1079,#1080,#1081,#1082,#1083,#1084,#1085,#1086,#1087
      ,#1088,#1089,#1090,#1091,#1092,#1093,#1094,#1095,#1096,#1097,#1098
      ,#1099,#1100,#1101,#1102,#1103,#1104,#1105,#1106,#1107,#1108,#1109
      ,#1110,#1111,#1112,#1113,#1114,#1115,#1116,#1117,#1118,#1119,#1120
      ,#1121,#1122,#1123,#1124,#1125,#1126,#1127,#1128,#1129,#1130,#1131
      ,#1132,#1133,#1134,#1135,#1136,#1137,#1138,#1139,#1140,#1141,#1142
      ,#1143,#1144,#1145,#1146,#1147,#1148,#1149,#1150,#1151,#1152,#1153
      ,#1154,#1155,#1156,#1157,#1158,#1159,#1160,#1161,#1162,#1163,#1164
      ,#1165,#1166,#1167,#1168,#1169,#1170,#1171,#1172,#1173,#1174,#1175
      ,#1176,#1177,#1178,#1179,#1180,#1181,#1182,#1183,#1184,#1185,#1186
      ,#1187,#1188,#1189,#1190,#1191,#1192,#1193,#1194,#1195,#1196,#1197
      ,#1198,#1199,#1200,#1201,#1202,#1203,#1204,#1205,#1206,#1207,#1208
      ,#1209,#1210,#1211,#1212,#1213,#1214
)),.UNSPECIFIED.,.F.,.F.,.F.) B_SPLINE_SURFACE_WITH_KNOTS((2,2),(3,2,2,2
    ,2,2,2,2,2,2,2,2,2,2,2,2,2,2,2,2,2,2,2,2,2,2,2,2,2,2,2,2,2,2,2,2,2,2
    ,2,2,2,2,2,2,2,2,2,2,2,2,2,2,2,2,2,2,2,2,2,2,2,2,2,2,2,2,2,2,2,2,2,2
    ,2,2,2,2,2,2,2,2,2,2,2,2,2,2,2,2,2,2,2,2,2,2,2,2,3),(0.,1.),(0.,
    1.041666666667E-02,2.083333333333E-02,3.125E-02,4.166666666667E-02,
    5.208333333333E-02,6.25E-02,7.291666666667E-02,8.333333333333E-02,
    9.375E-02,0.104166666667,0.114583333333,0.125,0.135416666667,
    0.145833333333,0.15625,0.166666666667,0.177083333333,0.1875,
    0.197916666667,0.208333333333,0.21875,0.229166666667,0.239583333333,
    0.25,0.260416666667,0.270833333333,0.28125,0.291666666667,
    0.302083333333,0.3125,0.322916666667,0.333333333333,0.34375,
    0.354166666667,0.364583333333,0.375,0.385416666667,0.395833333333,
    0.40625,0.416666666667,0.427083333333,0.4375,0.447916666667,
    0.458333333333,0.46875,0.479166666667,0.489583333333,0.5,
    0.510416666667,0.520833333333,0.53125,0.541666666667,0.552083333333,
    0.5625,0.572916666667,0.583333333333,0.59375,0.604166666667,
    0.614583333333,0.625,0.635416666667,0.645833333333,0.65625,
    0.666666666667,0.677083333333,0.6875,0.697916666667,0.708333333333,
    0.71875,0.729166666667,0.739583333333,0.75,0.760416666667,
    0.770833333333,0.78125,0.791666666667,0.802083333333,0.8125,
    0.822916666667,0.833333333333,0.84375,0.854166666667,0.864583333333,
    0.875,0.885416666667,0.895833333333,0.90625,0.916666666667,
    0.927083333333,0.9375,0.947916666667,0.958333333333,0.96875,
    0.979166666667,0.989583333333,1.),.PIECEWISE_BEZIER_KNOTS.) 
GEOMETRIC_REPRESENTATION_ITEM() RATIONAL_B_SPLINE_SURFACE((
    (1.,0.923879532511,1.,0.923879532511,1.,0.923879532511,1.
      ,0.923879532511,1.,0.923879532511,1.,0.923879532511,1.
      ,0.923879532511,1.,0.923879532511,1.,0.923879532511,1.
      ,0.923879532511,1.,0.923879532511,1.,0.923879532511,1.
      ,0.923879532511,1.,0.923879532511,1.,0.923879532511,1.
      ,0.923879532511,1.,0.923879532511,1.,0.923879532511,1.
      ,0.923879532511,1.,0.923879532511,1.,0.923879532511,1.
      ,0.923879532511,1.,0.923879532511,1.,0.923879532511,1.
      ,0.923879532511,1.,0.923879532511,1.,0.923879532511,1.
      ,0.923879532511,1.,0.923879532511,1.,0.923879532511,1.
      ,0.923879532511,1.,0.923879532511,1.,0.923879532511,1.
      ,0.923879532511,1.,0.923879532511,1.,0.923879532511,1.
      ,0.923879532511,1.,0.923879532511,1.,0.923879532511,1.
      ,0.923879532511,1.,0.923879532511,1.,0.923879532511,1.
      ,0.923879532511,1.,0.923879532511,1.,0.923879532511,1.
      ,0.923879532511,1.,0.923879532511,1.,0.923879532511,1.
      ,0.923879532511,1.,0.923879532511,1.,0.923879532511,1.
      ,0.923879532511,1.,0.923879532511,1.,0.923879532511,1.
      ,0.923879532511,1.,0.923879532511,1.,0.923879532511,1.
      ,0.923879532511,1.,0.923879532511,1.,0.923879532511,1.
      ,0.923879532511,1.,0.923879532511,1.,0.923879532511,1.
      ,0.923879532511,1.,0.923879532511,1.,0.923879532511,1.
      ,0.923879532511,1.,0.923879532511,1.,0.923879532511,1.
      ,0.923879532511,1.,0.923879532511,1.,0.923879532511,1.
      ,0.923879532511,1.,0.923879532511,1.,0.923879532511,1.
      ,0.923879532511,1.,0.923879532511,1.,0.923879532511,1.
      ,0.923879532511,1.,0.923879532511,1.,0.923879532511,1.
      ,0.923879532511,1.,0.923879532511,1.,0.923879532511,1.
      ,0.923879532511,1.,0.923879532511,1.,0.923879532511,1.
      ,0.923879532511,1.,0.923879532511,1.,0.923879532511,1.
      ,0.923879532511,1.,0.923879532511,1.,0.923879532511,1.
      ,0.923879532511,1.,0.923879532511,1.,0.923879532511,1.)
    ,(1.,0.923879532511,1.,0.923879532511,1.,0.923879532511,1.
      ,0.923879532511,1.,0.923879532511,1.,0.923879532511,1.
      ,0.923879532511,1.,0.923879532511,1.,0.923879532511,1.
      ,0.923879532511,1.,0.923879532511,1.,0.923879532511,1.
      ,0.923879532511,1.,0.923879532511,1.,0.923879532511,1.
      ,0.923879532511,1.,0.923879532511,1.,0.923879532511,1.
      ,0.923879532511,1.,0.923879532511,1.,0.923879532511,1.
      ,0.923879532511,1.,0.923879532511,1.,0.923879532511,1.
      ,0.923879532511,1.,0.923879532511,1.,0.923879532511,1.
      ,0.923879532511,1.,0.923879532511,1.,0.923879532511,1.
      ,0.923879532511,1.,0.923879532511,1.,0.923879532511,1.
      ,0.923879532511,1.,0.923879532511,1.,0.923879532511,1.
      ,0.923879532511,1.,0.923879532511,1.,0.923879532511,1.
      ,0.923879532511,1.,0.923879532511,1.,0.923879532511,1.
      ,0.923879532511,1.,0.923879532511,1.,0.923879532511,1.
      ,0.923879532511,1.,0.923879532511,1.,0.923879532511,1.
      ,0.923879532511,1.,0.923879532511,1.,0.923879532511,1.
      ,0.923879532511,1.,0.923879532511,1.,0.923879532511,1.
      ,0.923879532511,1.,0.923879532511,1.,0.923879532511,1.
      ,0.923879532511,1.,0.923879532511,1.,0.923879532511,1.
      ,0.923879532511,1.,0.923879532511,1.,0.923879532511,1.
      ,0.923879532511,1.,0.923879532511,1.,0.923879532511,1.
      ,0.923879532511,1.,0.923879532511,1.,0.923879532511,1.
      ,0.923879532511,1.,0.923879532511,1.,0.923879532511,1.
      ,0.923879532511,1.,0.923879532511,1.,0.923879532511,1.
      ,0.923879532511,1.,0.923879532511,1.,0.923879532511,1.
      ,0.923879532511,1.,0.923879532511,1.,0.923879532511,1.
      ,0.923879532511,1.,0.923879532511,1.,0.923879532511,1.
      ,0.923879532511,1.,0.923879532511,1.,0.923879532511,1.
      ,0.923879532511,1.,0.923879532511,1.,0.923879532511,1.
      ,0.923879532511,1.,0.923879532511,1.,0.923879532511,1.
      ,0.923879532511,1.,0.923879532511,1.,0.923879532511,1.
))) REPRESENTATION_ITEM('') SURFACE() );
#829 = CARTESIAN_POINT('',(134.85,63.054126587737,-6.25E-02));
#830 = CARTESIAN_POINT('',(133.58493934615,63.054126587737,
    1.7763568394E-15));
#831 = CARTESIAN_POINT('',(132.6904063792,62.159593620791,6.25E-02));
#832 = CARTESIAN_POINT('',(131.79587341226,61.265060653845,0.125));
#833 = CARTESIAN_POINT('',(131.79587341226,60.,0.1875));
#834 = CARTESIAN_POINT('',(131.79587341226,58.734939346155,0.25));
#835 = CARTESIAN_POINT('',(132.6904063792,57.840406379209,0.3125));
#836 = CARTESIAN_POINT('',(133.58493934615,56.945873412263,0.375));
#837 = CARTESIAN_POINT('',(134.85,56.945873412263,0.4375));
#838 = CARTESIAN_POINT('',(136.11506065384,56.945873412263,0.5));
#839 = CARTESIAN_POINT('',(137.00959362079,57.840406379209,0.5625));
#840 = CARTESIAN_POINT('',(137.90412658773,58.734939346155,0.625));
#841 = CARTESIAN_POINT('',(137.90412658773,60.,0.6875));
#842 = CARTESIAN_POINT('',(137.90412658773,61.265060653845,0.75));
#843 = CARTESIAN_POINT('',(137.00959362079,62.159593620791,0.8125));
#844 = CARTESIAN_POINT('',(136.11506065384,63.054126587737,0.875));
#845 = CARTESIAN_POINT('',(134.85,63.054126587737,0.9375));
#846 = CARTESIAN_POINT('',(133.58493934615,63.054126587737,1.));
#847 = CARTESIAN_POINT('',(132.6904063792,62.159593620791,1.0625));
#848 = CARTESIAN_POINT('',(131.79587341226,61.265060653845,1.125));
#849 = CARTESIAN_POINT('',(131.79587341226,60.,1.1875));
#850 = CARTESIAN_POINT('',(131.79587341226,58.734939346155,1.25));
#851 = CARTESIAN_POINT('',(132.6904063792,57.840406379209,1.3125));
#852 = CARTESIAN_POINT('',(133.58493934615,56.945873412263,1.375));
#853 = CARTESIAN_POINT('',(134.85,56.945873412263,1.4375));
#854 = CARTESIAN_POINT('',(136.11506065384,56.945873412263,1.5));
#855 = CARTESIAN_POINT('',(137.00959362079,57.840406379209,1.5625));
#856 = CARTESIAN_POINT('',(137.90412658773,58.734939346155,1.625));
#857 = CARTESIAN_POINT('',(137.90412658773,60.,1.6875));
#858 = CARTESIAN_POINT('',(137.90412658773,61.265060653845,1.75));
#859 = CARTESIAN_POINT('',(137.00959362079,62.159593620791,1.8125));
#860 = CARTESIAN_POINT('',(136.11506065384,63.054126587737,1.875));
#861 = CARTESIAN_POINT('',(134.85,63.054126587737,1.9375));
#862 = CARTESIAN_POINT('',(133.58493934615,63.054126587737,2.));
#863 = CARTESIAN_POINT('',(132.6904063792,62.159593620791,2.0625));
#864 = CARTESIAN_POINT('',(131.79587341226,61.265060653845,2.125));
#865 = CARTESIAN_POINT('',(131.79587341226,60.,2.1875));
#866 = CARTESIAN_POINT('',(131.79587341226,58.734939346155,2.25));
#867 = CARTESIAN_POINT('',(132.6904063792,57.840406379209,2.3125));
#868 = CARTESIAN_POINT('',(133.58493934615,56.945873412263,2.375));
#869 = CARTESIAN_POINT('',(134.85,56.945873412263,2.4375));
#870 = CARTESIAN_POINT('',(136.11506065384,56.945873412263,2.5));
#871 = CARTESIAN_POINT('',(137.00959362079,57.840406379209,2.5625));
#872 = CARTESIAN_POINT('',(137.90412658773,58.734939346155,2.625));
#873 = CARTESIAN_POINT('',(137.90412658773,60.,2.6875));
#874 = CARTESIAN_POINT('',(137.90412658773,61.265060653845,2.75));
#875 = CARTESIAN_POINT('',(137.00959362079,62.159593620791,2.8125));
#876 = CARTESIAN_POINT('',(136.11506065384,63.054126587737,2.875));
#877 = CARTESIAN_POINT('',(134.85,63.054126587737,2.9375));
#878 = CARTESIAN_POINT('',(133.58493934615,63.054126587737,3.));
#879 = CARTESIAN_POINT('',(132.6904063792,62.159593620791,3.0625));
#880 = CARTESIAN_POINT('',(131.79587341226,61.265060653845,3.125));
#881 = CARTESIAN_POINT('',(131.79587341226,60.,3.1875));
#882 = CARTESIAN_POINT('',(131.79587341226,58.734939346155,3.25));
#883 = CARTESIAN_POINT('',(132.6904063792,57.840406379209,3.3125));
#884 = CARTESIAN_POINT('',(133.58493934615,56.945873412263,3.375));
#885 = CARTESIAN_POINT('',(134.85,56.945873412263,3.4375));
#886 = CARTESIAN_POINT('',(136.11506065384,56.945873412263,3.5));
#887 = CARTESIAN_POINT('',(137.00959362079,57.840406379209,3.5625));
#888 = CARTESIAN_POINT('',(137.90412658773,58.734939346155,3.625));
#889 = CARTESIAN_POINT('',(137.90412658773,60.,3.6875));
#890 = CARTESIAN_POINT('',(137.90412658773,61.265060653845,3.75));
#891 = CARTESIAN_POINT('',(137.00959362079,62.159593620791,3.8125));
#892 = CARTESIAN_POINT('',(136.11506065384,63.054126587737,3.875));
#893 = CARTESIAN_POINT('',(134.85,63.054126587737,3.9375));
#894 = CARTESIAN_POINT('',(133.58493934615,63.054126587737,4.));
#895 = CARTESIAN_POINT('',(132.6904063792,62.159593620791,4.0625));
#896 = CARTESIAN_POINT('',(131.79587341226,61.265060653845,4.125));
#897 = CARTESIAN_POINT('',(131.79587341226,60.,4.1875));
#898 = CARTESIAN_POINT('',(131.79587341226,58.734939346155,4.25));
#899 = CARTESIAN_POINT('',(132.6904063792,57.840406379209,4.3125));
#900 = CARTESIAN_POINT('',(133.58493934615,56.945873412263,4.375));
#901 = CARTESIAN_POINT('',(134.85,56.945873412263,4.4375));
#902 = CARTESIAN_POINT('',(136.11506065384,56.945873412263,4.5));
#903 = CARTESIAN_POINT('',(137.00959362079,57.840406379209,4.5625));
#904 = CARTESIAN_POINT('',(137.90412658773,58.734939346155,4.625));
#905 = CARTESIAN_POINT('',(137.90412658773,60.,4.6875));
#906 = CARTESIAN_POINT('',(137.90412658773,61.265060653845,4.75));
#907 = CARTESIAN_POINT('',(137.00959362079,62.159593620791,4.8125));
#908 = CARTESIAN_POINT('',(136.11506065384,63.054126587737,4.875));
#909 = CARTESIAN_POINT('',(134.85,63.054126587737,4.9375));
#910 = CARTESIAN_POINT('',(133.58493934615,63.054126587737,5.));
#911 = CARTESIAN_POINT('',(132.6904063792,62.159593620791,5.0625));
#912 = CARTESIAN_POINT('',(131.79587341226,61.265060653845,5.125));
#913 = CARTESIAN_POINT('',(131.79587341226,60.,5.1875));
#914 = CARTESIAN_POINT('',(131.79587341226,58.734939346155,5.25));
#915 = CARTESIAN_POINT('',(132.6904063792,57.840406379209,5.3125));
#916 = CARTESIAN_POINT('',(133.58493934615,56.945873412263,5.375));
#917 = CARTESIAN_POINT('',(134.85,56.945873412263,5.4375));
#918 = CARTESIAN_POINT('',(136.11506065384,56.945873412263,5.5));
#919 = CARTESIAN_POINT('',(137.00959362079,57.840406379209,5.5625));
#920 = CARTESIAN_POINT('',(137.90412658773,58.734939346155,5.625));
#921 = CARTESIAN_POINT('',(137.90412658773,60.,5.6875));
#922 = CARTESIAN_POINT('',(137.90412658773,61.265060653845,5.75));
#923 = CARTESIAN_POINT('',(137.00959362079,62.159593620791,5.8125));
#924 = CARTESIAN_POINT('',(136.11506065384,63.054126587737,5.875));
#925 = CARTESIAN_POINT('',(134.85,63.054126587737,5.9375));
#926 = CARTESIAN_POINT('',(133.58493934615,63.054126587737,6.));
#927 = CARTESIAN_POINT('',(132.6904063792,62.159593620791,6.0625));
#928 = CARTESIAN_POINT('',(131.79587341226,61.265060653845,6.125));
#929 = CARTESIAN_POINT('',(131.79587341226,60.,6.1875));
#930 = CARTESIAN_POINT('',(131.79587341226,58.734939346155,6.25));
#931 = CARTESIAN_POINT('',(132.6904063792,57.840406379209,6.3125));
#932 = CARTESIAN_POINT('',(133.58493934615,56.945873412263,6.375));
#933 = CARTESIAN_POINT('',(134.85,56.945873412263,6.4375));
#934 = CARTESIAN_POINT('',(136.11506065384,56.945873412263,6.5));
#935 = CARTESIAN_POINT('',(137.00959362079,57.840406379209,6.5625));
#936 = CARTESIAN_POINT('',(137.90412658773,58.734939346155,6.625));
#937 = CARTESIAN_POINT('',(137.90412658773,60.,6.6875));
#938 = CARTESIAN_POINT('',(137.90412658773,61.265060653845,6.75));
#939 = CARTESIAN_POINT('',(137.00959362079,62.159593620791,6.8125));
#940 = CARTESIAN_POINT('',(136.11506065384,63.054126587737,6.875));
#941 = CARTESIAN_POINT('',(134.85,63.054126587737,6.9375));
#942 = CARTESIAN_POINT('',(133.58493934615,63.054126587737,7.));
#943 = CARTESIAN_POINT('',(132.6904063792,62.159593620791,7.0625));
#944 = CARTESIAN_POINT('',(131.79587341226,61.265060653845,7.125));
#945 = CARTESIAN_POINT('',(131.79587341226,60.,7.1875));
#946 = CARTESIAN_POINT('',(131.79587341226,58.734939346155,7.25));
#947 = CARTESIAN_POINT('',(132.6904063792,57.840406379209,7.3125));
#948 = CARTESIAN_POINT('',(133.58493934615,56.945873412263,7.375));
#949 = CARTESIAN_POINT('',(134.85,56.945873412263,7.4375));
#950 = CARTESIAN_POINT('',(136.11506065384,56.945873412263,7.5));
#951 = CARTESIAN_POINT('',(137.00959362079,57.840406379209,7.5625));
#952 = CARTESIAN_POINT('',(137.90412658773,58.734939346155,7.625));
#953 = CARTESIAN_POINT('',(137.90412658773,60.,7.6875));
#954 = CARTESIAN_POINT('',(137.90412658773,61.265060653845,7.75));
#955 = CARTESIAN_POINT('',(137.00959362079,62.159593620791,7.8125));
#956 = CARTESIAN_POINT('',(136.11506065384,63.054126587737,7.875));
#957 = CARTESIAN_POINT('',(134.85,63.054126587737,7.9375));
#958 = CARTESIAN_POINT('',(133.58493934615,63.054126587737,8.));
#959 = CARTESIAN_POINT('',(132.6904063792,62.159593620791,8.0625));
#960 = CARTESIAN_POINT('',(131.79587341226,61.265060653845,8.125));
#961 = CARTESIAN_POINT('',(131.79587341226,60.,8.1875));
#962 = CARTESIAN_POINT('',(131.79587341226,58.734939346155,8.25));
#963 = CARTESIAN_POINT('',(132.6904063792,57.840406379209,8.3125));
#964 = CARTESIAN_POINT('',(133.58493934615,56.945873412263,8.375));
#965 = CARTESIAN_POINT('',(134.85,56.945873412263,8.4375));
#966 = CARTESIAN_POINT('',(136.11506065384,56.945873412263,8.5));
#967 = CARTESIAN_POINT('',(137.00959362079,57.840406379209,8.5625));
#968 = CARTESIAN_POINT('',(137.90412658773,58.734939346155,8.625));
#969 = CARTESIAN_POINT('',(137.90412658773,60.,8.6875));
#970 = CARTESIAN_POINT('',(137.90412658773,61.265060653845,8.75));
#971 = CARTESIAN_POINT('',(137.00959362079,62.159593620791,8.8125));
#972 = CARTESIAN_POINT('',(136.11506065384,63.054126587737,8.875));
#973 = CARTESIAN_POINT('',(134.85,63.054126587737,8.9375));
#974 = CARTESIAN_POINT('',(133.58493934615,63.054126587737,9.));
#975 = CARTESIAN_POINT('',(132.6904063792,62.159593620791,9.0625));
#976 = CARTESIAN_POINT('',(131.79587341226,61.265060653845,9.125));
#977 = CARTESIAN_POINT('',(131.79587341226,60.,9.1875));
#978 = CARTESIAN_POINT('',(131.79587341226,58.734939346155,9.25));
#979 = CARTESIAN_POINT('',(132.6904063792,57.840406379209,9.3125));
#980 = CARTESIAN_POINT('',(133.58493934615,56.945873412263,9.375));
#981 = CARTESIAN_POINT('',(134.85,56.945873412263,9.4375));
#982 = CARTESIAN_POINT('',(136.11506065384,56.945873412263,9.5));
#983 = CARTESIAN_POINT('',(137.00959362079,57.840406379209,9.5625));
#984 = CARTESIAN_POINT('',(137.90412658773,58.734939346155,9.625));
#985 = CARTESIAN_POINT('',(137.90412658773,60.,9.6875));
#986 = CARTESIAN_POINT('',(137.90412658773,61.265060653845,9.75));
#987 = CARTESIAN_POINT('',(137.00959362079,62.159593620791,9.8125));
#988 = CARTESIAN_POINT('',(136.11506065384,63.054126587737,9.875));
#989 = CARTESIAN_POINT('',(134.85,63.054126587737,9.9375));
#990 = CARTESIAN_POINT('',(133.58493934615,63.054126587737,10.));
#991 = CARTESIAN_POINT('',(132.6904063792,62.159593620791,10.0625));
#992 = CARTESIAN_POINT('',(131.79587341226,61.265060653845,10.125));
#993 = CARTESIAN_POINT('',(131.79587341226,60.,10.1875));
#994 = CARTESIAN_POINT('',(131.79587341226,58.734939346155,10.25));
#995 = CARTESIAN_POINT('',(132.6904063792,57.840406379209,10.3125));
#996 = CARTESIAN_POINT('',(133.58493934615,56.945873412263,10.375));
#997 = CARTESIAN_POINT('',(134.85,56.945873412263,10.4375));
#998 = CARTESIAN_POINT('',(136.11506065384,56.945873412263,10.5));
#999 = CARTESIAN_POINT('',(137.00959362079,57.840406379209,10.5625));
#1000 = CARTESIAN_POINT('',(137.90412658773,58.734939346155,10.625));
#1001 = CARTESIAN_POINT('',(137.90412658773,60.,10.6875));
#1002 = CARTESIAN_POINT('',(137.90412658773,61.265060653845,10.75));
#1003 = CARTESIAN_POINT('',(137.00959362079,62.159593620791,10.8125));
#1004 = CARTESIAN_POINT('',(136.11506065384,63.054126587737,10.875));
#1005 = CARTESIAN_POINT('',(134.85,63.054126587737,10.9375));
#1006 = CARTESIAN_POINT('',(133.58493934615,63.054126587737,11.));
#1007 = CARTESIAN_POINT('',(132.6904063792,62.159593620791,11.0625));
#1008 = CARTESIAN_POINT('',(131.79587341226,61.265060653845,11.125));
#1009 = CARTESIAN_POINT('',(131.79587341226,60.,11.1875));
#1010 = CARTESIAN_POINT('',(131.79587341226,58.734939346155,11.25));
#1011 = CARTESIAN_POINT('',(132.6904063792,57.840406379209,11.3125));
#1012 = CARTESIAN_POINT('',(133.58493934615,56.945873412263,11.375));
#1013 = CARTESIAN_POINT('',(134.85,56.945873412263,11.4375));
#1014 = CARTESIAN_POINT('',(136.11506065384,56.945873412263,11.5));
#1015 = CARTESIAN_POINT('',(137.00959362079,57.840406379209,11.5625));
#1016 = CARTESIAN_POINT('',(137.90412658773,58.734939346155,11.625));
#1017 = CARTESIAN_POINT('',(137.90412658773,60.,11.6875));
#1018 = CARTESIAN_POINT('',(137.90412658773,61.265060653845,11.75));
#1019 = CARTESIAN_POINT('',(137.00959362079,62.159593620791,11.8125));
#1020 = CARTESIAN_POINT('',(136.11506065384,63.054126587737,11.875));
#1021 = CARTESIAN_POINT('',(134.85,63.054126587737,11.9375));
#1022 = CARTESIAN_POINT('',(134.85,62.350480947162,-0.46875));
#1023 = CARTESIAN_POINT('',(133.87639891358,62.350480947162,-0.40625));
#1024 = CARTESIAN_POINT('',(133.18795898321,61.662041016788,-0.34375));
#1025 = CARTESIAN_POINT('',(132.49951905283,60.973601086414,-0.28125));
#1026 = CARTESIAN_POINT('',(132.49951905283,60.,-0.21875));
#1027 = CARTESIAN_POINT('',(132.49951905283,59.026398913586,-0.15625));
#1028 = CARTESIAN_POINT('',(133.18795898321,58.337958983212,-9.375E-02)
  );
#1029 = CARTESIAN_POINT('',(133.87639891358,57.649519052838,-3.125E-02)
  );
#1030 = CARTESIAN_POINT('',(134.85,57.649519052838,3.125E-02));
#1031 = CARTESIAN_POINT('',(135.82360108641,57.649519052838,9.375E-02));
#1032 = CARTESIAN_POINT('',(136.51204101678,58.337958983212,0.15625));
#1033 = CARTESIAN_POINT('',(137.20048094716,59.026398913586,0.21875));
#1034 = CARTESIAN_POINT('',(137.20048094716,60.,0.28125));
#1035 = CARTESIAN_POINT('',(137.20048094716,60.973601086414,0.34375));
#1036 = CARTESIAN_POINT('',(136.51204101678,61.662041016788,0.40625));
#1037 = CARTESIAN_POINT('',(135.82360108641,62.350480947162,0.46875));
#1038 = CARTESIAN_POINT('',(134.85,62.350480947162,0.53125));
#1039 = CARTESIAN_POINT('',(133.87639891358,62.350480947162,0.59375));
#1040 = CARTESIAN_POINT('',(133.18795898321,61.662041016788,0.65625));
#1041 = CARTESIAN_POINT('',(132.49951905283,60.973601086414,0.71875));
#1042 = CARTESIAN_POINT('',(132.49951905283,60.,0.78125));
#1043 = CARTESIAN_POINT('',(132.49951905283,59.026398913586,0.84375));
#1044 = CARTESIAN_POINT('',(133.18795898321,58.337958983212,0.90625));
#1045 = CARTESIAN_POINT('',(133.87639891358,57.649519052838,0.96875));
#1046 = CARTESIAN_POINT('',(134.85,57.649519052838,1.03125));
#1047 = CARTESIAN_POINT('',(135.82360108641,57.649519052838,1.09375));
#1048 = CARTESIAN_POINT('',(136.51204101678,58.337958983212,1.15625));
#1049 = CARTESIAN_POINT('',(137.20048094716,59.026398913586,1.21875));
#1050 = CARTESIAN_POINT('',(137.20048094716,60.,1.28125));
#1051 = CARTESIAN_POINT('',(137.20048094716,60.973601086414,1.34375));
#1052 = CARTESIAN_POINT('',(136.51204101678,61.662041016788,1.40625));
#1053 = CARTESIAN_POINT('',(135.82360108641,62.350480947162,1.46875));
#1054 = CARTESIAN_POINT('',(134.85,62.350480947162,1.53125));
#1055 = CARTESIAN_POINT('',(133.87639891358,62.350480947162,1.59375));
#1056 = CARTESIAN_POINT('',(133.18795898321,61.662041016788,1.65625));
#1057 = CARTESIAN_POINT('',(132.49951905283,60.973601086414,1.71875));
#1058 = CARTESIAN_POINT('',(132.49951905283,60.,1.78125));
#1059 = CARTESIAN_POINT('',(132.49951905283,59.026398913586,1.84375));
#1060 = CARTESIAN_POINT('',(133.18795898321,58.337958983212,1.90625));
#1061 = CARTESIAN_POINT('',(133.87639891358,57.649519052838,1.96875));
#1062 = CARTESIAN_POINT('',(134.85,57.649519052838,2.03125));
#1063 = CARTESIAN_POINT('',(135.82360108641,57.649519052838,2.09375));
#1064 = CARTESIAN_POINT('',(136.51204101678,58.337958983212,2.15625));
#1065 = CARTESIAN_POINT('',(137.20048094716,59.026398913586,2.21875));
#1066 = CARTESIAN_POINT('',(137.20048094716,60.,2.28125));
#1067 = CARTESIAN_POINT('',(137.20048094716,60.973601086414,2.34375));
#1068 = CARTESIAN_POINT('',(136.51204101678,61.662041016788,2.40625));
#1069 = CARTESIAN_POINT('',(135.82360108641,62.350480947162,2.46875));
#1070 = CARTESIAN_POINT('',(134.85,62.350480947162,2.53125));
#1071 = CARTESIAN_POINT('',(133.87639891358,62.350480947162,2.59375));
#1072 = CARTESIAN_POINT('',(133.18795898321,61.662041016788,2.65625));
#1073 = CARTESIAN_POINT('',(132.49951905283,60.973601086414,2.71875));
#1074 = CARTESIAN_POINT('',(132.49951905283,60.,2.78125));
#1075 = CARTESIAN_POINT('',(132.49951905283,59.026398913586,2.84375));
#1076 = CARTESIAN_POINT('',(133.18795898321,58.337958983212,2.90625));
#1077 = CARTESIAN_POINT('',(133.87639891358,57.649519052838,2.96875));
#1078 = CARTESIAN_POINT('',(134.85,57.649519052838,3.03125));
#1079 = CARTESIAN_POINT('',(135.82360108641,57.649519052838,3.09375));
#1080 = CARTESIAN_POINT('',(136.51204101678,58.337958983212,3.15625));
#1081 = CARTESIAN_POINT('',(137.20048094716,59.026398913586,3.21875));
#1082 = CARTESIAN_POINT('',(137.20048094716,60.,3.28125));
#1083 = CARTESIAN_POINT('',(137.20048094716,60.973601086414,3.34375));
#1084 = CARTESIAN_POINT('',(136.51204101678,61.662041016788,3.40625));
#1085 = CARTESIAN_POINT('',(135.82360108641,62.350480947162,3.46875));
#1086 = CARTESIAN_POINT('',(134.85,62.350480947162,3.53125));
#1087 = CARTESIAN_POINT('',(133.87639891358,62.350480947162,3.59375));
#1088 = CARTESIAN_POINT('',(133.18795898321,61.662041016788,3.65625));
#1089 = CARTESIAN_POINT('',(132.49951905283,60.973601086414,3.71875));
#1090 = CARTESIAN_POINT('',(132.49951905283,60.,3.78125));
#1091 = CARTESIAN_POINT('',(132.49951905283,59.026398913586,3.84375));
#1092 = CARTESIAN_POINT('',(133.18795898321,58.337958983212,3.90625));
#1093 = CARTESIAN_POINT('',(133.87639891358,57.649519052838,3.96875));
#1094 = CARTESIAN_POINT('',(134.85,57.649519052838,4.03125));
#1095 = CARTESIAN_POINT('',(135.82360108641,57.649519052838,4.09375));
#1096 = CARTESIAN_POINT('',(136.51204101678,58.337958983212,4.15625));
#1097 = CARTESIAN_POINT('',(137.20048094716,59.026398913586,4.21875));
#1098 = CARTESIAN_POINT('',(137.20048094716,60.,4.28125));
#1099 = CARTESIAN_POINT('',(137.20048094716,60.973601086414,4.34375));
#1100 = CARTESIAN_POINT('',(136.51204101678,61.662041016788,4.40625));
#1101 = CARTESIAN_POINT('',(135.82360108641,62.350480947162,4.46875));
#1102 = CARTESIAN_POINT('',(134.85,62.350480947162,4.53125));
#1103 = CARTESIAN_POINT('',(133.87639891358,62.350480947162,4.59375));
#1104 = CARTESIAN_POINT('',(133.18795898321,61.662041016788,4.65625));
#1105 = CARTESIAN_POINT('',(132.49951905283,60.973601086414,4.71875));
#1106 = CARTESIAN_POINT('',(132.49951905283,60.,4.78125));
#1107 = CARTESIAN_POINT('',(132.49951905283,59.026398913586,4.84375));
#1108 = CARTESIAN_POINT('',(133.18795898321,58.337958983212,4.90625));
#1109 = CARTESIAN_POINT('',(133.87639891358,57.649519052838,4.96875));
#1110 = CARTESIAN_POINT('',(134.85,57.649519052838,5.03125));
#1111 = CARTESIAN_POINT('',(135.82360108641,57.649519052838,5.09375));
#1112 = CARTESIAN_POINT('',(136.51204101678,58.337958983212,5.15625));
#1113 = CARTESIAN_POINT('',(137.20048094716,59.026398913586,5.21875));
#1114 = CARTESIAN_POINT('',(137.20048094716,60.,5.28125));
#1115 = CARTESIAN_POINT('',(137.20048094716,60.973601086414,5.34375));
#1116 = CARTESIAN_POINT('',(136.51204101678,61.662041016788,5.40625));
#1117 = CARTESIAN_POINT('',(135.82360108641,62.350480947162,5.46875));
#1118 = CARTESIAN_POINT('',(134.85,62.350480947162,5.53125));
#1119 = CARTESIAN_POINT('',(133.87639891358,62.350480947162,5.59375));
#1120 = CARTESIAN_POINT('',(133.18795898321,61.662041016788,5.65625));
#1121 = CARTESIAN_POINT('',(132.49951905283,60.973601086414,5.71875));
#1122 = CARTESIAN_POINT('',(132.49951905283,60.,5.78125));
#1123 = CARTESIAN_POINT('',(132.49951905283,59.026398913586,5.84375));
#1124 = CARTESIAN_POINT('',(133.18795898321,58.337958983212,5.90625));
#1125 = CARTESIAN_POINT('',(133.87639891358,57.649519052838,5.96875));
#1126 = CARTESIAN_POINT('',(134.85,57.649519052838,6.03125));
#1127 = CARTESIAN_POINT('',(135.82360108641,57.649519052838,6.09375));
#1128 = CARTESIAN_POINT('',(136.51204101678,58.337958983212,6.15625));
#1129 = CARTESIAN_POINT('',(137.20048094716,59.026398913586,6.21875));
#1130 = CARTESIAN_POINT('',(137.20048094716,60.,6.28125));
#1131 = CARTESIAN_POINT('',(137.20048094716,60.973601086414,6.34375));
#1132 = CARTESIAN_POINT('',(136.51204101678,61.662041016788,6.40625));
#1133 = CARTESIAN_POINT('',(135.82360108641,62.350480947162,6.46875));
#1134 = CARTESIAN_POINT('',(134.85,62.350480947162,6.53125));
#1135 = CARTESIAN_POINT('',(133.87639891358,62.350480947162,6.59375));
#1136 = CARTESIAN_POINT('',(133.18795898321,61.662041016788,6.65625));
#1137 = CARTESIAN_POINT('',(132.49951905283,60.973601086414,6.71875));
#1138 = CARTESIAN_POINT('',(132.49951905283,60.,6.78125));
#1139 = CARTESIAN_POINT('',(132.49951905283,59.026398913586,6.84375));
#1140 = CARTESIAN_POINT('',(133.18795898321,58.337958983212,6.90625));
#1141 = CARTESIAN_POINT('',(133.87639891358,57.649519052838,6.96875));
#1142 = CARTESIAN_POINT('',(134.85,57.649519052838,7.03125));
#1143 = CARTESIAN_POINT('',(135.82360108641,57.649519052838,7.09375));
#1144 = CARTESIAN_POINT('',(136.51204101678,58.337958983212,7.15625));
#1145 = CARTESIAN_POINT('',(137.20048094716,59.026398913586,7.21875));
#1146 = CARTESIAN_POINT('',(137.20048094716,60.,7.28125));
#1147 = CARTESIAN_POINT('',(137.20048094716,60.973601086414,7.34375));
#1148 = CARTESIAN_POINT('',(136.51204101678,61.662041016788,7.40625));
#1149 = CARTESIAN_POINT('',(135.82360108641,62.350480947162,7.46875));
#1150 = CARTESIAN_POINT('',(134.85,62.350480947162,7.53125));
#1151 = CARTESIAN_POINT('',(133.87639891358,62.350480947162,7.59375));
#1152 = CARTESIAN_POINT('',(133.18795898321,61.662041016788,7.65625));
#1153 = CARTESIAN_POINT('',(132.49951905283,60.973601086414,7.71875));
#1154 = CARTESIAN_POINT('',(132.49951905283,60.,7.78125));
#1155 = CARTESIAN_POINT('',(132.49951905283,59.026398913586,7.84375));
#1156 = CARTESIAN_POINT('',(133.18795898321,58.337958983212,7.90625));
#1157 = CARTESIAN_POINT('',(133.87639891358,57.649519052838,7.96875));
#1158 = CARTESIAN_POINT('',(134.85,57.649519052838,8.03125));
#1159 = CARTESIAN_POINT('',(135.82360108641,57.649519052838,8.09375));
#1160 = CARTESIAN_POINT('',(136.51204101678,58.337958983212,8.15625));
#1161 = CARTESIAN_POINT('',(137.20048094716,59.026398913586,8.21875));
#1162 = CARTESIAN_POINT('',(137.20048094716,60.,8.28125));
#1163 = CARTESIAN_POINT('',(137.20048094716,60.973601086414,8.34375));
#1164 = CARTESIAN_POINT('',(136.51204101678,61.662041016788,8.40625));
#1165 = CARTESIAN_POINT('',(135.82360108641,62.350480947162,8.46875));
#1166 = CARTESIAN_POINT('',(134.85,62.350480947162,8.53125));
#1167 = CARTESIAN_POINT('',(133.87639891358,62.350480947162,8.59375));
#1168 = CARTESIAN_POINT('',(133.18795898321,61.662041016788,8.65625));
#1169 = CARTESIAN_POINT('',(132.49951905283,60.973601086414,8.71875));
#1170 = CARTESIAN_POINT('',(132.49951905283,60.,8.78125));
#1171 = CARTESIAN_POINT('',(132.49951905283,59.026398913586,8.84375));
#1172 = CARTESIAN_POINT('',(133.18795898321,58.337958983212,8.90625));
#1173 = CARTESIAN_POINT('',(133.87639891358,57.649519052838,8.96875));
#1174 = CARTESIAN_POINT('',(134.85,57.649519052838,9.03125));
#1175 = CARTESIAN_POINT('',(135.82360108641,57.649519052838,9.09375));
#1176 = CARTESIAN_POINT('',(136.51204101678,58.337958983212,9.15625));
#1177 = CARTESIAN_POINT('',(137.20048094716,59.026398913586,9.21875));
#1178 = CARTESIAN_POINT('',(137.20048094716,60.,9.28125));
#1179 = CARTESIAN_POINT('',(137.20048094716,60.973601086414,9.34375));
#1180 = CARTESIAN_POINT('',(136.51204101678,61.662041016788,9.40625));
#1181 = CARTESIAN_POINT('',(135.82360108641,62.350480947162,9.46875));
#1182 = CARTESIAN_POINT('',(134.85,62.350480947162,9.53125));
#1183 = CARTESIAN_POINT('',(133.87639891358,62.350480947162,9.59375));
#1184 = CARTESIAN_POINT('',(133.18795898321,61.662041016788,9.65625));
#1185 = CARTESIAN_POINT('',(132.49951905283,60.973601086414,9.71875));
#1186 = CARTESIAN_POINT('',(132.49951905283,60.,9.78125));
#1187 = CARTESIAN_POINT('',(132.49951905283,59.026398913586,9.84375));
#1188 = CARTESIAN_POINT('',(133.18795898321,58.337958983212,9.90625));
#1189 = CARTESIAN_POINT('',(133.87639891358,57.649519052838,9.96875));
#1190 = CARTESIAN_POINT('',(134.85,57.649519052838,10.03125));
#1191 = CARTESIAN_POINT('',(135.82360108641,57.649519052838,10.09375));
#1192 = CARTESIAN_POINT('',(136.51204101678,58.337958983212,10.15625));
#1193 = CARTESIAN_POINT('',(137.20048094716,59.026398913586,10.21875));
#1194 = CARTESIAN_POINT('',(137.20048094716,60.,10.28125));
#1195 = CARTESIAN_POINT('',(137.20048094716,60.973601086414,10.34375));
#1196 = CARTESIAN_POINT('',(136.51204101678,61.662041016788,10.40625));
#1197 = CARTESIAN_POINT('',(135.82360108641,62.350480947162,10.46875));
#1198 = CARTESIAN_POINT('',(134.85,62.350480947162,10.53125));
#1199 = CARTESIAN_POINT('',(133.87639891358,62.350480947162,10.59375));
#1200 = CARTESIAN_POINT('',(133.18795898321,61.662041016788,10.65625));
#1201 = CARTESIAN_POINT('',(132.49951905283,60.973601086414,10.71875));
#1202 = CARTESIAN_POINT('',(132.49951905283,60.,10.78125));
#1203 = CARTESIAN_POINT('',(132.49951905283,59.026398913586,10.84375));
#1204 = CARTESIAN_POINT('',(133.18795898321,58.337958983212,10.90625));
#1205 = CARTESIAN_POINT('',(133.87639891358,57.649519052838,10.96875));
#1206 = CARTESIAN_POINT('',(134.85,57.649519052838,11.03125));
#1207 = CARTESIAN_POINT('',(135.82360108641,57.649519052838,11.09375));
#1208 = CARTESIAN_POINT('',(136.51204101678,58.337958983212,11.15625));
#1209 = CARTESIAN_POINT('',(137.20048094716,59.026398913586,11.21875));
#1210 = CARTESIAN_POINT('',(137.20048094716,60.,11.28125));
#1211 = CARTESIAN_POINT('',(137.20048094716,60.973601086414,11.34375));
#1212 = CARTESIAN_POINT('',(136.51204101678,61.662041016788,11.40625));
#1213 = CARTESIAN_POINT('',(135.82360108641,62.350480947162,11.46875));
#1214 = CARTESIAN_POINT('',(134.85,62.350480947162,11.53125));
#1215 = ADVANCED_FACE('',(#1216),#1404,.F.);
#1216 = FACE_BOUND('',#1217,.F.);
#1217 = EDGE_LOOP('',(#1218,#1231,#1395,#1396,#1397));
#1218 = ORIENTED_EDGE('',*,*,#1219,.F.);
#1219 = EDGE_CURVE('',#1220,#1222,#1224,.T.);
#1220 = VERTEX_POINT('',#1221);
#1221 = CARTESIAN_POINT('',(136.22983618283,58.09715665608,
    6.730947161679E-03));
#1222 = VERTEX_POINT('',#1223);
#1223 = CARTESIAN_POINT('',(134.85,57.649519052838,6.73094716168E-03));
#1224 = B_SPLINE_CURVE_WITH_KNOTS('',3,(#1225,#1226,#1227,#1228,#1229,
    #1230),.UNSPECIFIED.,.F.,.F.,(4,2,4),(2.790762507059E-17,
    7.424098432986E-04,1.484819686597E-03),.UNSPECIFIED.);
#1225 = CARTESIAN_POINT('',(136.22983618283,58.09715665608,
    6.730947161679E-03));
#1226 = CARTESIAN_POINT('',(136.02921096582,57.951674404741,
    6.730947161677E-03));
#1227 = CARTESIAN_POINT('',(135.807149974,57.839352174658,
    6.730947161676E-03));
#1228 = CARTESIAN_POINT('',(135.34198653503,57.688618519753,
    6.730947161678E-03));
#1229 = CARTESIAN_POINT('',(135.09423823758,57.649519052838,
    6.730947161676E-03));
#1230 = CARTESIAN_POINT('',(134.85,57.649519052838,6.73094716168E-03));
#1231 = ORIENTED_EDGE('',*,*,#1232,.T.);
#1232 = EDGE_CURVE('',#1220,#122,#1233,.T.);
#1233 = ( BOUNDED_CURVE() B_SPLINE_CURVE(2,(#1234,#1235,#1236,#1237,
    #1238,#1239,#1240,#1241,#1242,#1243,#1244,#1245,#1246,#1247,#1248,
    #1249,#1250,#1251,#1252,#1253,#1254,#1255,#1256,#1257,#1258,#1259,
    #1260,#1261,#1262,#1263,#1264,#1265,#1266,#1267,#1268,#1269,#1270,
    #1271,#1272,#1273,#1274,#1275,#1276,#1277,#1278,#1279,#1280,#1281,
    #1282,#1283,#1284,#1285,#1286,#1287,#1288,#1289,#1290,#1291,#1292,
    #1293,#1294,#1295,#1296,#1297,#1298,#1299,#1300,#1301,#1302,#1303,
    #1304,#1305,#1306,#1307,#1308,#1309,#1310,#1311,#1312,#1313,#1314,
    #1315,#1316,#1317,#1318,#1319,#1320,#1321,#1322,#1323,#1324,#1325,
    #1326,#1327,#1328,#1329,#1330,#1331,#1332,#1333,#1334,#1335,#1336,
    #1337,#1338,#1339,#1340,#1341,#1342,#1343,#1344,#1345,#1346,#1347,
    #1348,#1349,#1350,#1351,#1352,#1353,#1354,#1355,#1356,#1357,#1358,
    #1359,#1360,#1361,#1362,#1363,#1364,#1365,#1366,#1367,#1368,#1369,
    #1370,#1371,#1372,#1373,#1374,#1375,#1376,#1377,#1378,#1379,#1380,
    #1381,#1382,#1383,#1384,#1385,#1386,#1387,#1388,#1389,#1390,#1391,
#1392,#1393,#1394),.UNSPECIFIED.,.F.,.F.) B_SPLINE_CURVE_WITH_KNOTS((3,2
    ,2,2,2,2,2,2,2,2,2,2,2,2,2,2,2,2,2,2,2,2,2,2,2,2,2,2,2,2,2,2,2,2,2,2
    ,2,2,2,2,2,2,2,2,2,2,2,2,2,2,2,2,2,2,2,2,2,2,2,2,2,2,2,2,2,2,2,2,2,2
    ,2,2,2,2,2,2,2,2,2,2,3),(4.996193206464E-02,5.208333333333E-02,
    6.25E-02,7.291666666667E-02,8.333333333333E-02,9.375E-02,
    0.104166666667,0.114583333333,0.125,0.135416666667,0.145833333333,
    0.15625,0.166666666667,0.177083333333,0.1875,0.197916666667,
    0.208333333333,0.21875,0.229166666667,0.239583333333,0.25,
    0.260416666667,0.270833333333,0.28125,0.291666666667,0.302083333333,
    0.3125,0.322916666667,0.333333333333,0.34375,0.354166666667,
    0.364583333333,0.375,0.385416666667,0.395833333333,0.40625,
    0.416666666667,0.427083333333,0.4375,0.447916666667,0.458333333333,
    0.46875,0.479166666667,0.489583333333,0.5,0.510416666667,
    0.520833333333,0.53125,0.541666666667,0.552083333333,0.5625,
    0.572916666667,0.583333333333,0.59375,0.604166666667,0.614583333333,
    0.625,0.635416666667,0.645833333333,0.65625,0.666666666667,
    0.677083333333,0.6875,0.697916666667,0.708333333333,0.71875,
    0.729166666667,0.739583333333,0.75,0.760416666667,0.770833333333,
    0.78125,0.791666666667,0.802083333333,0.8125,0.822916666667,
    0.833333333333,0.84375,0.854166666667,0.864583333333,0.875),
.UNSPECIFIED.) CURVE() GEOMETRIC_REPRESENTATION_ITEM() 
RATIONAL_B_SPLINE_CURVE((0.975309662973,0.984497722595,1.,0.923879532511
    ,1.,0.923879532511,1.,0.923879532511,1.,0.923879532511,1.,
    0.923879532511,1.,0.923879532511,1.,0.923879532511,1.,0.923879532511
    ,1.,0.923879532511,1.,0.923879532511,1.,0.923879532511,1.,
    0.923879532511,1.,0.923879532511,1.,0.923879532511,1.,0.923879532511
    ,1.,0.923879532511,1.,0.923879532511,1.,0.923879532511,1.,
    0.923879532511,1.,0.923879532511,1.,0.923879532511,1.,0.923879532511
    ,1.,0.923879532511,1.,0.923879532511,1.,0.923879532511,1.,
    0.923879532511,1.,0.923879532511,1.,0.923879532511,1.,0.923879532511
    ,1.,0.923879532511,1.,0.923879532511,1.,0.923879532511,1.,
    0.923879532511,1.,0.923879532511,1.,0.923879532511,1.,0.923879532511
    ,1.,0.923879532511,1.,0.923879532511,1.,0.923879532511,1.,
    0.923879532511,1.,0.923879532511,1.,0.923879532511,1.,0.923879532511
    ,1.,0.923879532511,1.,0.923879532511,1.,0.923879532511,1.,
    0.923879532511,1.,0.923879532511,1.,0.923879532511,1.,0.923879532511
    ,1.,0.923879532511,1.,0.923879532511,1.,0.923879532511,1.,
    0.923879532511,1.,0.923879532511,1.,0.923879532511,1.,0.923879532511
    ,1.,0.923879532511,1.,0.923879532511,1.,0.923879532511,1.,
    0.923879532511,1.,0.923879532511,1.,0.923879532511,1.,0.923879532511
    ,1.,0.923879532511,1.,0.923879532511,1.,0.923879532511,1.,
    0.923879532511,1.,0.923879532511,1.,0.923879532511,1.,0.923879532511
    ,1.,0.923879532511,1.,0.923879532511,1.,0.923879532511,1.,
    0.923879532511,1.,0.923879532511,1.,0.923879532511,1.,0.923879532511
,1.,0.923879532511,1.)) REPRESENTATION_ITEM('') );
#1234 = CARTESIAN_POINT('',(136.22983618283,58.09715665608,
    6.730947161679E-03));
#1235 = CARTESIAN_POINT('',(136.38046984597,58.206387812396,
    1.930531490377E-02));
#1236 = CARTESIAN_POINT('',(136.51204101678,58.337958983212,3.125E-02));
#1237 = CARTESIAN_POINT('',(137.20048094716,59.026398913586,9.375E-02));
#1238 = CARTESIAN_POINT('',(137.20048094716,60.,0.15625));
#1239 = CARTESIAN_POINT('',(137.20048094716,60.973601086414,0.21875));
#1240 = CARTESIAN_POINT('',(136.51204101678,61.662041016788,0.28125));
#1241 = CARTESIAN_POINT('',(135.82360108641,62.350480947162,0.34375));
#1242 = CARTESIAN_POINT('',(134.85,62.350480947162,0.40625));
#1243 = CARTESIAN_POINT('',(133.87639891358,62.350480947162,0.46875));
#1244 = CARTESIAN_POINT('',(133.18795898321,61.662041016788,0.53125));
#1245 = CARTESIAN_POINT('',(132.49951905283,60.973601086414,0.59375));
#1246 = CARTESIAN_POINT('',(132.49951905283,60.,0.65625));
#1247 = CARTESIAN_POINT('',(132.49951905283,59.026398913586,0.71875));
#1248 = CARTESIAN_POINT('',(133.18795898321,58.337958983212,0.78125));
#1249 = CARTESIAN_POINT('',(133.87639891358,57.649519052838,0.84375));
#1250 = CARTESIAN_POINT('',(134.85,57.649519052838,0.90625));
#1251 = CARTESIAN_POINT('',(135.82360108641,57.649519052838,0.96875));
#1252 = CARTESIAN_POINT('',(136.51204101678,58.337958983212,1.03125));
#1253 = CARTESIAN_POINT('',(137.20048094716,59.026398913586,1.09375));
#1254 = CARTESIAN_POINT('',(137.20048094716,60.,1.15625));
#1255 = CARTESIAN_POINT('',(137.20048094716,60.973601086414,1.21875));
#1256 = CARTESIAN_POINT('',(136.51204101678,61.662041016788,1.28125));
#1257 = CARTESIAN_POINT('',(135.82360108641,62.350480947162,1.34375));
#1258 = CARTESIAN_POINT('',(134.85,62.350480947162,1.40625));
#1259 = CARTESIAN_POINT('',(133.87639891358,62.350480947162,1.46875));
#1260 = CARTESIAN_POINT('',(133.18795898321,61.662041016788,1.53125));
#1261 = CARTESIAN_POINT('',(132.49951905283,60.973601086414,1.59375));
#1262 = CARTESIAN_POINT('',(132.49951905283,60.,1.65625));
#1263 = CARTESIAN_POINT('',(132.49951905283,59.026398913586,1.71875));
#1264 = CARTESIAN_POINT('',(133.18795898321,58.337958983212,1.78125));
#1265 = CARTESIAN_POINT('',(133.87639891358,57.649519052838,1.84375));
#1266 = CARTESIAN_POINT('',(134.85,57.649519052838,1.90625));
#1267 = CARTESIAN_POINT('',(135.82360108641,57.649519052838,1.96875));
#1268 = CARTESIAN_POINT('',(136.51204101678,58.337958983212,2.03125));
#1269 = CARTESIAN_POINT('',(137.20048094716,59.026398913586,2.09375));
#1270 = CARTESIAN_POINT('',(137.20048094716,60.,2.15625));
#1271 = CARTESIAN_POINT('',(137.20048094716,60.973601086414,2.21875));
#1272 = CARTESIAN_POINT('',(136.51204101678,61.662041016788,2.28125));
#1273 = CARTESIAN_POINT('',(135.82360108641,62.350480947162,2.34375));
#1274 = CARTESIAN_POINT('',(134.85,62.350480947162,2.40625));
#1275 = CARTESIAN_POINT('',(133.87639891358,62.350480947162,2.46875));
#1276 = CARTESIAN_POINT('',(133.18795898321,61.662041016788,2.53125));
#1277 = CARTESIAN_POINT('',(132.49951905283,60.973601086414,2.59375));
#1278 = CARTESIAN_POINT('',(132.49951905283,60.,2.65625));
#1279 = CARTESIAN_POINT('',(132.49951905283,59.026398913586,2.71875));
#1280 = CARTESIAN_POINT('',(133.18795898321,58.337958983212,2.78125));
#1281 = CARTESIAN_POINT('',(133.87639891358,57.649519052838,2.84375));
#1282 = CARTESIAN_POINT('',(134.85,57.649519052838,2.90625));
#1283 = CARTESIAN_POINT('',(135.82360108641,57.649519052838,2.96875));
#1284 = CARTESIAN_POINT('',(136.51204101678,58.337958983212,3.03125));
#1285 = CARTESIAN_POINT('',(137.20048094716,59.026398913586,3.09375));
#1286 = CARTESIAN_POINT('',(137.20048094716,60.,3.15625));
#1287 = CARTESIAN_POINT('',(137.20048094716,60.973601086414,3.21875));
#1288 = CARTESIAN_POINT('',(136.51204101678,61.662041016788,3.28125));
#1289 = CARTESIAN_POINT('',(135.82360108641,62.350480947162,3.34375));
#1290 = CARTESIAN_POINT('',(134.85,62.350480947162,3.40625));
#1291 = CARTESIAN_POINT('',(133.87639891358,62.350480947162,3.46875));
#1292 = CARTESIAN_POINT('',(133.18795898321,61.662041016788,3.53125));
#1293 = CARTESIAN_POINT('',(132.49951905283,60.973601086414,3.59375));
#1294 = CARTESIAN_POINT('',(132.49951905283,60.,3.65625));
#1295 = CARTESIAN_POINT('',(132.49951905283,59.026398913586,3.71875));
#1296 = CARTESIAN_POINT('',(133.18795898321,58.337958983212,3.78125));
#1297 = CARTESIAN_POINT('',(133.87639891358,57.649519052838,3.84375));
#1298 = CARTESIAN_POINT('',(134.85,57.649519052838,3.90625));
#1299 = CARTESIAN_POINT('',(135.82360108641,57.649519052838,3.96875));
#1300 = CARTESIAN_POINT('',(136.51204101678,58.337958983212,4.03125));
#1301 = CARTESIAN_POINT('',(137.20048094716,59.026398913586,4.09375));
#1302 = CARTESIAN_POINT('',(137.20048094716,60.,4.15625));
#1303 = CARTESIAN_POINT('',(137.20048094716,60.973601086414,4.21875));
#1304 = CARTESIAN_POINT('',(136.51204101678,61.662041016788,4.28125));
#1305 = CARTESIAN_POINT('',(135.82360108641,62.350480947162,4.34375));
#1306 = CARTESIAN_POINT('',(134.85,62.350480947162,4.40625));
#1307 = CARTESIAN_POINT('',(133.87639891358,62.350480947162,4.46875));
#1308 = CARTESIAN_POINT('',(133.18795898321,61.662041016788,4.53125));
#1309 = CARTESIAN_POINT('',(132.49951905283,60.973601086414,4.59375));
#1310 = CARTESIAN_POINT('',(132.49951905283,60.,4.65625));
#1311 = CARTESIAN_POINT('',(132.49951905283,59.026398913586,4.71875));
#1312 = CARTESIAN_POINT('',(133.18795898321,58.337958983212,4.78125));
#1313 = CARTESIAN_POINT('',(133.87639891358,57.649519052838,4.84375));
#1314 = CARTESIAN_POINT('',(134.85,57.649519052838,4.90625));
#1315 = CARTESIAN_POINT('',(135.82360108641,57.649519052838,4.96875));
#1316 = CARTESIAN_POINT('',(136.51204101678,58.337958983212,5.03125));
#1317 = CARTESIAN_POINT('',(137.20048094716,59.026398913586,5.09375));
#1318 = CARTESIAN_POINT('',(137.20048094716,60.,5.15625));
#1319 = CARTESIAN_POINT('',(137.20048094716,60.973601086414,5.21875));
#1320 = CARTESIAN_POINT('',(136.51204101678,61.662041016788,5.28125));
#1321 = CARTESIAN_POINT('',(135.82360108641,62.350480947162,5.34375));
#1322 = CARTESIAN_POINT('',(134.85,62.350480947162,5.40625));
#1323 = CARTESIAN_POINT('',(133.87639891358,62.350480947162,5.46875));
#1324 = CARTESIAN_POINT('',(133.18795898321,61.662041016788,5.53125));
#1325 = CARTESIAN_POINT('',(132.49951905283,60.973601086414,5.59375));
#1326 = CARTESIAN_POINT('',(132.49951905283,60.,5.65625));
#1327 = CARTESIAN_POINT('',(132.49951905283,59.026398913586,5.71875));
#1328 = CARTESIAN_POINT('',(133.18795898321,58.337958983212,5.78125));
#1329 = CARTESIAN_POINT('',(133.87639891358,57.649519052838,5.84375));
#1330 = CARTESIAN_POINT('',(134.85,57.649519052838,5.90625));
#1331 = CARTESIAN_POINT('',(135.82360108641,57.649519052838,5.96875));
#1332 = CARTESIAN_POINT('',(136.51204101678,58.337958983212,6.03125));
#1333 = CARTESIAN_POINT('',(137.20048094716,59.026398913586,6.09375));
#1334 = CARTESIAN_POINT('',(137.20048094716,60.,6.15625));
#1335 = CARTESIAN_POINT('',(137.20048094716,60.973601086414,6.21875));
#1336 = CARTESIAN_POINT('',(136.51204101678,61.662041016788,6.28125));
#1337 = CARTESIAN_POINT('',(135.82360108641,62.350480947162,6.34375));
#1338 = CARTESIAN_POINT('',(134.85,62.350480947162,6.40625));
#1339 = CARTESIAN_POINT('',(133.87639891358,62.350480947162,6.46875));
#1340 = CARTESIAN_POINT('',(133.18795898321,61.662041016788,6.53125));
#1341 = CARTESIAN_POINT('',(132.49951905283,60.973601086414,6.59375));
#1342 = CARTESIAN_POINT('',(132.49951905283,60.,6.65625));
#1343 = CARTESIAN_POINT('',(132.49951905283,59.026398913586,6.71875));
#1344 = CARTESIAN_POINT('',(133.18795898321,58.337958983212,6.78125));
#1345 = CARTESIAN_POINT('',(133.87639891358,57.649519052838,6.84375));
#1346 = CARTESIAN_POINT('',(134.85,57.649519052838,6.90625));
#1347 = CARTESIAN_POINT('',(135.82360108641,57.649519052838,6.96875));
#1348 = CARTESIAN_POINT('',(136.51204101678,58.337958983212,7.03125));
#1349 = CARTESIAN_POINT('',(137.20048094716,59.026398913586,7.09375));
#1350 = CARTESIAN_POINT('',(137.20048094716,60.,7.15625));
#1351 = CARTESIAN_POINT('',(137.20048094716,60.973601086414,7.21875));
#1352 = CARTESIAN_POINT('',(136.51204101678,61.662041016788,7.28125));
#1353 = CARTESIAN_POINT('',(135.82360108641,62.350480947162,7.34375));
#1354 = CARTESIAN_POINT('',(134.85,62.350480947162,7.40625));
#1355 = CARTESIAN_POINT('',(133.87639891358,62.350480947162,7.46875));
#1356 = CARTESIAN_POINT('',(133.18795898321,61.662041016788,7.53125));
#1357 = CARTESIAN_POINT('',(132.49951905283,60.973601086414,7.59375));
#1358 = CARTESIAN_POINT('',(132.49951905283,60.,7.65625));
#1359 = CARTESIAN_POINT('',(132.49951905283,59.026398913586,7.71875));
#1360 = CARTESIAN_POINT('',(133.18795898321,58.337958983212,7.78125));
#1361 = CARTESIAN_POINT('',(133.87639891358,57.649519052838,7.84375));
#1362 = CARTESIAN_POINT('',(134.85,57.649519052838,7.90625));
#1363 = CARTESIAN_POINT('',(135.82360108641,57.649519052838,7.96875));
#1364 = CARTESIAN_POINT('',(136.51204101678,58.337958983212,8.03125));
#1365 = CARTESIAN_POINT('',(137.20048094716,59.026398913586,8.09375));
#1366 = CARTESIAN_POINT('',(137.20048094716,60.,8.15625));
#1367 = CARTESIAN_POINT('',(137.20048094716,60.973601086414,8.21875));
#1368 = CARTESIAN_POINT('',(136.51204101678,61.662041016788,8.28125));
#1369 = CARTESIAN_POINT('',(135.82360108641,62.350480947162,8.34375));
#1370 = CARTESIAN_POINT('',(134.85,62.350480947162,8.40625));
#1371 = CARTESIAN_POINT('',(133.87639891358,62.350480947162,8.46875));
#1372 = CARTESIAN_POINT('',(133.18795898321,61.662041016788,8.53125));
#1373 = CARTESIAN_POINT('',(132.49951905283,60.973601086414,8.59375));
#1374 = CARTESIAN_POINT('',(132.49951905283,60.,8.65625));
#1375 = CARTESIAN_POINT('',(132.49951905283,59.026398913586,8.71875));
#1376 = CARTESIAN_POINT('',(133.18795898321,58.337958983212,8.78125));
#1377 = CARTESIAN_POINT('',(133.87639891358,57.649519052838,8.84375));
#1378 = CARTESIAN_POINT('',(134.85,57.649519052838,8.90625));
#1379 = CARTESIAN_POINT('',(135.82360108641,57.649519052838,8.96875));
#1380 = CARTESIAN_POINT('',(136.51204101678,58.337958983212,9.03125));
#1381 = CARTESIAN_POINT('',(137.20048094716,59.026398913586,9.09375));
#1382 = CARTESIAN_POINT('',(137.20048094716,60.,9.15625));
#1383 = CARTESIAN_POINT('',(137.20048094716,60.973601086414,9.21875));
#1384 = CARTESIAN_POINT('',(136.51204101678,61.662041016788,9.28125));
#1385 = CARTESIAN_POINT('',(135.82360108641,62.350480947162,9.34375));
#1386 = CARTESIAN_POINT('',(134.85,62.350480947162,9.40625));
#1387 = CARTESIAN_POINT('',(133.87639891358,62.350480947162,9.46875));
#1388 = CARTESIAN_POINT('',(133.18795898321,61.662041016788,9.53125));
#1389 = CARTESIAN_POINT('',(132.49951905283,60.973601086414,9.59375));
#1390 = CARTESIAN_POINT('',(132.49951905283,60.,9.65625));
#1391 = CARTESIAN_POINT('',(132.49951905283,59.026398913586,9.71875));
#1392 = CARTESIAN_POINT('',(133.18795898321,58.337958983212,9.78125));
#1393 = CARTESIAN_POINT('',(133.87639891358,57.649519052838,9.84375));
#1394 = CARTESIAN_POINT('',(134.85,57.649519052838,9.90625));
#1395 = ORIENTED_EDGE('',*,*,#233,.T.);
#1396 = ORIENTED_EDGE('',*,*,#533,.F.);
#1397 = ORIENTED_EDGE('',*,*,#1398,.F.);
#1398 = EDGE_CURVE('',#1222,#523,#1399,.T.);
#1399 = B_SPLINE_CURVE_WITH_KNOTS('',3,(#1400,#1401,#1402,#1403),
  .UNSPECIFIED.,.F.,.F.,(4,4),(1.484819686597E-03,1.859157136664E-03),
  .PIECEWISE_BEZIER_KNOTS.);
#1400 = CARTESIAN_POINT('',(134.85,57.649519052838,6.73094716168E-03));
#1401 = CARTESIAN_POINT('',(134.72685034096,57.649519052838,
    6.730947161676E-03));
#1402 = CARTESIAN_POINT('',(134.60357819475,57.659134540763,
    6.730947161677E-03));
#1403 = CARTESIAN_POINT('',(134.48017808978,57.678795046167,
    6.730947161678E-03));
#1404 = ( BOUNDED_SURFACE() B_SPLINE_SURFACE(1,2,(
    (#1405,#1406,#1407,#1408,#1409,#1410,#1411,#1412,#1413,#1414,#1415
      ,#1416,#1417,#1418,#1419,#1420,#1421,#1422,#1423,#1424,#1425,#1426
      ,#1427,#1428,#1429,#1430,#1431,#1432,#1433,#1434,#1435,#1436,#1437
      ,#1438,#1439,#1440,#1441,#1442,#1443,#1444,#1445,#1446,#1447,#1448
      ,#1449,#1450,#1451,#1452,#1453,#1454,#1455,#1456,#1457,#1458,#1459
      ,#1460,#1461,#1462,#1463,#1464,#1465,#1466,#1467,#1468,#1469,#1470
      ,#1471,#1472,#1473,#1474,#1475,#1476,#1477,#1478,#1479,#1480,#1481
      ,#1482,#1483,#1484,#1485,#1486,#1487,#1488,#1489,#1490,#1491,#1492
      ,#1493,#1494,#1495,#1496,#1497,#1498,#1499,#1500,#1501,#1502,#1503
      ,#1504,#1505,#1506,#1507,#1508,#1509,#1510,#1511,#1512,#1513,#1514
      ,#1515,#1516,#1517,#1518,#1519,#1520,#1521,#1522,#1523,#1524,#1525
      ,#1526,#1527,#1528,#1529,#1530,#1531,#1532,#1533,#1534,#1535,#1536
      ,#1537,#1538,#1539,#1540,#1541,#1542,#1543,#1544,#1545,#1546,#1547
      ,#1548,#1549,#1550,#1551,#1552,#1553,#1554,#1555,#1556,#1557,#1558
      ,#1559,#1560,#1561,#1562,#1563,#1564,#1565,#1566,#1567,#1568,#1569
      ,#1570,#1571,#1572,#1573,#1574,#1575,#1576,#1577,#1578,#1579,#1580
      ,#1581,#1582,#1583,#1584,#1585,#1586,#1587,#1588,#1589,#1590,#1591
      ,#1592,#1593,#1594,#1595,#1596,#1597)
    ,(#1598,#1599,#1600,#1601,#1602,#1603,#1604,#1605,#1606,#1607,#1608
      ,#1609,#1610,#1611,#1612,#1613,#1614,#1615,#1616,#1617,#1618,#1619
      ,#1620,#1621,#1622,#1623,#1624,#1625,#1626,#1627,#1628,#1629,#1630
      ,#1631,#1632,#1633,#1634,#1635,#1636,#1637,#1638,#1639,#1640,#1641
      ,#1642,#1643,#1644,#1645,#1646,#1647,#1648,#1649,#1650,#1651,#1652
      ,#1653,#1654,#1655,#1656,#1657,#1658,#1659,#1660,#1661,#1662,#1663
      ,#1664,#1665,#1666,#1667,#1668,#1669,#1670,#1671,#1672,#1673,#1674
      ,#1675,#1676,#1677,#1678,#1679,#1680,#1681,#1682,#1683,#1684,#1685
      ,#1686,#1687,#1688,#1689,#1690,#1691,#1692,#1693,#1694,#1695,#1696
      ,#1697,#1698,#1699,#1700,#1701,#1702,#1703,#1704,#1705,#1706,#1707
      ,#1708,#1709,#1710,#1711,#1712,#1713,#1714,#1715,#1716,#1717,#1718
      ,#1719,#1720,#1721,#1722,#1723,#1724,#1725,#1726,#1727,#1728,#1729
      ,#1730,#1731,#1732,#1733,#1734,#1735,#1736,#1737,#1738,#1739,#1740
      ,#1741,#1742,#1743,#1744,#1745,#1746,#1747,#1748,#1749,#1750,#1751
      ,#1752,#1753,#1754,#1755,#1756,#1757,#1758,#1759,#1760,#1761,#1762
      ,#1763,#1764,#1765,#1766,#1767,#1768,#1769,#1770,#1771,#1772,#1773
      ,#1774,#1775,#1776,#1777,#1778,#1779,#1780,#1781,#1782,#1783,#1784
      ,#1785,#1786,#1787,#1788,#1789,#1790
)),.UNSPECIFIED.,.F.,.F.,.F.) B_SPLINE_SURFACE_WITH_KNOTS((2,2),(3,2,2,2
    ,2,2,2,2,2,2,2,2,2,2,2,2,2,2,2,2,2,2,2,2,2,2,2,2,2,2,2,2,2,2,2,2,2,2
    ,2,2,2,2,2,2,2,2,2,2,2,2,2,2,2,2,2,2,2,2,2,2,2,2,2,2,2,2,2,2,2,2,2,2
    ,2,2,2,2,2,2,2,2,2,2,2,2,2,2,2,2,2,2,2,2,2,2,2,2,3),(0.,1.),(0.,
    1.041666666667E-02,2.083333333333E-02,3.125E-02,4.166666666667E-02,
    5.208333333333E-02,6.25E-02,7.291666666667E-02,8.333333333333E-02,
    9.375E-02,0.104166666667,0.114583333333,0.125,0.135416666667,
    0.145833333333,0.15625,0.166666666667,0.177083333333,0.1875,
    0.197916666667,0.208333333333,0.21875,0.229166666667,0.239583333333,
    0.25,0.260416666667,0.270833333333,0.28125,0.291666666667,
    0.302083333333,0.3125,0.322916666667,0.333333333333,0.34375,
    0.354166666667,0.364583333333,0.375,0.385416666667,0.395833333333,
    0.40625,0.416666666667,0.427083333333,0.4375,0.447916666667,
    0.458333333333,0.46875,0.479166666667,0.489583333333,0.5,
    0.510416666667,0.520833333333,0.53125,0.541666666667,0.552083333333,
    0.5625,0.572916666667,0.583333333333,0.59375,0.604166666667,
    0.614583333333,0.625,0.635416666667,0.645833333333,0.65625,
    0.666666666667,0.677083333333,0.6875,0.697916666667,0.708333333333,
    0.71875,0.729166666667,0.739583333333,0.75,0.760416666667,
    0.770833333333,0.78125,0.791666666667,0.802083333333,0.8125,
    0.822916666667,0.833333333333,0.84375,0.854166666667,0.864583333333,
    0.875,0.885416666667,0.895833333333,0.90625,0.916666666667,
    0.927083333333,0.9375,0.947916666667,0.958333333333,0.96875,
    0.979166666667,0.989583333333,1.),.PIECEWISE_BEZIER_KNOTS.) 
GEOMETRIC_REPRESENTATION_ITEM() RATIONAL_B_SPLINE_SURFACE((
    (1.,0.923879532511,1.,0.923879532511,1.,0.923879532511,1.
      ,0.923879532511,1.,0.923879532511,1.,0.923879532511,1.
      ,0.923879532511,1.,0.923879532511,1.,0.923879532511,1.
      ,0.923879532511,1.,0.923879532511,1.,0.923879532511,1.
      ,0.923879532511,1.,0.923879532511,1.,0.923879532511,1.
      ,0.923879532511,1.,0.923879532511,1.,0.923879532511,1.
      ,0.923879532511,1.,0.923879532511,1.,0.923879532511,1.
      ,0.923879532511,1.,0.923879532511,1.,0.923879532511,1.
      ,0.923879532511,1.,0.923879532511,1.,0.923879532511,1.
      ,0.923879532511,1.,0.923879532511,1.,0.923879532511,1.
      ,0.923879532511,1.,0.923879532511,1.,0.923879532511,1.
      ,0.923879532511,1.,0.923879532511,1.,0.923879532511,1.
      ,0.923879532511,1.,0.923879532511,1.,0.923879532511,1.
      ,0.923879532511,1.,0.923879532511,1.,0.923879532511,1.
      ,0.923879532511,1.,0.923879532511,1.,0.923879532511,1.
      ,0.923879532511,1.,0.923879532511,1.,0.923879532511,1.
      ,0.923879532511,1.,0.923879532511,1.,0.923879532511,1.
      ,0.923879532511,1.,0.923879532511,1.,0.923879532511,1.
      ,0.923879532511,1.,0.923879532511,1.,0.923879532511,1.
      ,0.923879532511,1.,0.923879532511,1.,0.923879532511,1.
      ,0.923879532511,1.,0.923879532511,1.,0.923879532511,1.
      ,0.923879532511,1.,0.923879532511,1.,0.923879532511,1.
      ,0.923879532511,1.,0.923879532511,1.,0.923879532511,1.
      ,0.923879532511,1.,0.923879532511,1.,0.923879532511,1.
      ,0.923879532511,1.,0.923879532511,1.,0.923879532511,1.
      ,0.923879532511,1.,0.923879532511,1.,0.923879532511,1.
      ,0.923879532511,1.,0.923879532511,1.,0.923879532511,1.
      ,0.923879532511,1.,0.923879532511,1.,0.923879532511,1.
      ,0.923879532511,1.,0.923879532511,1.,0.923879532511,1.
      ,0.923879532511,1.,0.923879532511,1.,0.923879532511,1.
      ,0.923879532511,1.,0.923879532511,1.,0.923879532511,1.
      ,0.923879532511,1.,0.923879532511,1.,0.923879532511,1.)
    ,(1.,0.923879532511,1.,0.923879532511,1.,0.923879532511,1.
      ,0.923879532511,1.,0.923879532511,1.,0.923879532511,1.
      ,0.923879532511,1.,0.923879532511,1.,0.923879532511,1.
      ,0.923879532511,1.,0.923879532511,1.,0.923879532511,1.
      ,0.923879532511,1.,0.923879532511,1.,0.923879532511,1.
      ,0.923879532511,1.,0.923879532511,1.,0.923879532511,1.
      ,0.923879532511,1.,0.923879532511,1.,0.923879532511,1.
      ,0.923879532511,1.,0.923879532511,1.,0.923879532511,1.
      ,0.923879532511,1.,0.923879532511,1.,0.923879532511,1.
      ,0.923879532511,1.,0.923879532511,1.,0.923879532511,1.
      ,0.923879532511,1.,0.923879532511,1.,0.923879532511,1.
      ,0.923879532511,1.,0.923879532511,1.,0.923879532511,1.
      ,0.923879532511,1.,0.923879532511,1.,0.923879532511,1.
      ,0.923879532511,1.,0.923879532511,1.,0.923879532511,1.
      ,0.923879532511,1.,0.923879532511,1.,0.923879532511,1.
      ,0.923879532511,1.,0.923879532511,1.,0.923879532511,1.
      ,0.923879532511,1.,0.923879532511,1.,0.923879532511,1.
      ,0.923879532511,1.,0.923879532511,1.,0.923879532511,1.
      ,0.923879532511,1.,0.923879532511,1.,0.923879532511,1.
      ,0.923879532511,1.,0.923879532511,1.,0.923879532511,1.
      ,0.923879532511,1.,0.923879532511,1.,0.923879532511,1.
      ,0.923879532511,1.,0.923879532511,1.,0.923879532511,1.
      ,0.923879532511,1.,0.923879532511,1.,0.923879532511,1.
      ,0.923879532511,1.,0.923879532511,1.,0.923879532511,1.
      ,0.923879532511,1.,0.923879532511,1.,0.923879532511,1.
      ,0.923879532511,1.,0.923879532511,1.,0.923879532511,1.
      ,0.923879532511,1.,0.923879532511,1.,0.923879532511,1.
      ,0.923879532511,1.,0.923879532511,1.,0.923879532511,1.
      ,0.923879532511,1.,0.923879532511,1.,0.923879532511,1.
      ,0.923879532511,1.,0.923879532511,1.,0.923879532511,1.
      ,0.923879532511,1.,0.923879532511,1.,0.923879532511,1.
      ,0.923879532511,1.,0.923879532511,1.,0.923879532511,1.
))) REPRESENTATION_ITEM('') SURFACE() );
#1405 = CARTESIAN_POINT('',(134.85,62.350480947162,-0.46875));
#1406 = CARTESIAN_POINT('',(133.87639891358,62.350480947162,-0.40625));
#1407 = CARTESIAN_POINT('',(133.18795898321,61.662041016788,-0.34375));
#1408 = CARTESIAN_POINT('',(132.49951905283,60.973601086414,-0.28125));
#1409 = CARTESIAN_POINT('',(132.49951905283,60.,-0.21875));
#1410 = CARTESIAN_POINT('',(132.49951905283,59.026398913586,-0.15625));
#1411 = CARTESIAN_POINT('',(133.18795898321,58.337958983212,-9.375E-02)
  );
#1412 = CARTESIAN_POINT('',(133.87639891358,57.649519052838,-3.125E-02)
  );
#1413 = CARTESIAN_POINT('',(134.85,57.649519052838,3.125E-02));
#1414 = CARTESIAN_POINT('',(135.82360108641,57.649519052838,9.375E-02));
#1415 = CARTESIAN_POINT('',(136.51204101678,58.337958983212,0.15625));
#1416 = CARTESIAN_POINT('',(137.20048094716,59.026398913586,0.21875));
#1417 = CARTESIAN_POINT('',(137.20048094716,60.,0.28125));
#1418 = CARTESIAN_POINT('',(137.20048094716,60.973601086414,0.34375));
#1419 = CARTESIAN_POINT('',(136.51204101678,61.662041016788,0.40625));
#1420 = CARTESIAN_POINT('',(135.82360108641,62.350480947162,0.46875));
#1421 = CARTESIAN_POINT('',(134.85,62.350480947162,0.53125));
#1422 = CARTESIAN_POINT('',(133.87639891358,62.350480947162,0.59375));
#1423 = CARTESIAN_POINT('',(133.18795898321,61.662041016788,0.65625));
#1424 = CARTESIAN_POINT('',(132.49951905283,60.973601086414,0.71875));
#1425 = CARTESIAN_POINT('',(132.49951905283,60.,0.78125));
#1426 = CARTESIAN_POINT('',(132.49951905283,59.026398913586,0.84375));
#1427 = CARTESIAN_POINT('',(133.18795898321,58.337958983212,0.90625));
#1428 = CARTESIAN_POINT('',(133.87639891358,57.649519052838,0.96875));
#1429 = CARTESIAN_POINT('',(134.85,57.649519052838,1.03125));
#1430 = CARTESIAN_POINT('',(135.82360108641,57.649519052838,1.09375));
#1431 = CARTESIAN_POINT('',(136.51204101678,58.337958983212,1.15625));
#1432 = CARTESIAN_POINT('',(137.20048094716,59.026398913586,1.21875));
#1433 = CARTESIAN_POINT('',(137.20048094716,60.,1.28125));
#1434 = CARTESIAN_POINT('',(137.20048094716,60.973601086414,1.34375));
#1435 = CARTESIAN_POINT('',(136.51204101678,61.662041016788,1.40625));
#1436 = CARTESIAN_POINT('',(135.82360108641,62.350480947162,1.46875));
#1437 = CARTESIAN_POINT('',(134.85,62.350480947162,1.53125));
#1438 = CARTESIAN_POINT('',(133.87639891358,62.350480947162,1.59375));
#1439 = CARTESIAN_POINT('',(133.18795898321,61.662041016788,1.65625));
#1440 = CARTESIAN_POINT('',(132.49951905283,60.973601086414,1.71875));
#1441 = CARTESIAN_POINT('',(132.49951905283,60.,1.78125));
#1442 = CARTESIAN_POINT('',(132.49951905283,59.026398913586,1.84375));
#1443 = CARTESIAN_POINT('',(133.18795898321,58.337958983212,1.90625));
#1444 = CARTESIAN_POINT('',(133.87639891358,57.649519052838,1.96875));
#1445 = CARTESIAN_POINT('',(134.85,57.649519052838,2.03125));
#1446 = CARTESIAN_POINT('',(135.82360108641,57.649519052838,2.09375));
#1447 = CARTESIAN_POINT('',(136.51204101678,58.337958983212,2.15625));
#1448 = CARTESIAN_POINT('',(137.20048094716,59.026398913586,2.21875));
#1449 = CARTESIAN_POINT('',(137.20048094716,60.,2.28125));
#1450 = CARTESIAN_POINT('',(137.20048094716,60.973601086414,2.34375));
#1451 = CARTESIAN_POINT('',(136.51204101678,61.662041016788,2.40625));
#1452 = CARTESIAN_POINT('',(135.82360108641,62.350480947162,2.46875));
#1453 = CARTESIAN_POINT('',(134.85,62.350480947162,2.53125));
#1454 = CARTESIAN_POINT('',(133.87639891358,62.350480947162,2.59375));
#1455 = CARTESIAN_POINT('',(133.18795898321,61.662041016788,2.65625));
#1456 = CARTESIAN_POINT('',(132.49951905283,60.973601086414,2.71875));
#1457 = CARTESIAN_POINT('',(132.49951905283,60.,2.78125));
#1458 = CARTESIAN_POINT('',(132.49951905283,59.026398913586,2.84375));
#1459 = CARTESIAN_POINT('',(133.18795898321,58.337958983212,2.90625));
#1460 = CARTESIAN_POINT('',(133.87639891358,57.649519052838,2.96875));
#1461 = CARTESIAN_POINT('',(134.85,57.649519052838,3.03125));
#1462 = CARTESIAN_POINT('',(135.82360108641,57.649519052838,3.09375));
#1463 = CARTESIAN_POINT('',(136.51204101678,58.337958983212,3.15625));
#1464 = CARTESIAN_POINT('',(137.20048094716,59.026398913586,3.21875));
#1465 = CARTESIAN_POINT('',(137.20048094716,60.,3.28125));
#1466 = CARTESIAN_POINT('',(137.20048094716,60.973601086414,3.34375));
#1467 = CARTESIAN_POINT('',(136.51204101678,61.662041016788,3.40625));
#1468 = CARTESIAN_POINT('',(135.82360108641,62.350480947162,3.46875));
#1469 = CARTESIAN_POINT('',(134.85,62.350480947162,3.53125));
#1470 = CARTESIAN_POINT('',(133.87639891358,62.350480947162,3.59375));
#1471 = CARTESIAN_POINT('',(133.18795898321,61.662041016788,3.65625));
#1472 = CARTESIAN_POINT('',(132.49951905283,60.973601086414,3.71875));
#1473 = CARTESIAN_POINT('',(132.49951905283,60.,3.78125));
#1474 = CARTESIAN_POINT('',(132.49951905283,59.026398913586,3.84375));
#1475 = CARTESIAN_POINT('',(133.18795898321,58.337958983212,3.90625));
#1476 = CARTESIAN_POINT('',(133.87639891358,57.649519052838,3.96875));
#1477 = CARTESIAN_POINT('',(134.85,57.649519052838,4.03125));
#1478 = CARTESIAN_POINT('',(135.82360108641,57.649519052838,4.09375));
#1479 = CARTESIAN_POINT('',(136.51204101678,58.337958983212,4.15625));
#1480 = CARTESIAN_POINT('',(137.20048094716,59.026398913586,4.21875));
#1481 = CARTESIAN_POINT('',(137.20048094716,60.,4.28125));
#1482 = CARTESIAN_POINT('',(137.20048094716,60.973601086414,4.34375));
#1483 = CARTESIAN_POINT('',(136.51204101678,61.662041016788,4.40625));
#1484 = CARTESIAN_POINT('',(135.82360108641,62.350480947162,4.46875));
#1485 = CARTESIAN_POINT('',(134.85,62.350480947162,4.53125));
#1486 = CARTESIAN_POINT('',(133.87639891358,62.350480947162,4.59375));
#1487 = CARTESIAN_POINT('',(133.18795898321,61.662041016788,4.65625));
#1488 = CARTESIAN_POINT('',(132.49951905283,60.973601086414,4.71875));
#1489 = CARTESIAN_POINT('',(132.49951905283,60.,4.78125));
#1490 = CARTESIAN_POINT('',(132.49951905283,59.026398913586,4.84375));
#1491 = CARTESIAN_POINT('',(133.18795898321,58.337958983212,4.90625));
#1492 = CARTESIAN_POINT('',(133.87639891358,57.649519052838,4.96875));
#1493 = CARTESIAN_POINT('',(134.85,57.649519052838,5.03125));
#1494 = CARTESIAN_POINT('',(135.82360108641,57.649519052838,5.09375));
#1495 = CARTESIAN_POINT('',(136.51204101678,58.337958983212,5.15625));
#1496 = CARTESIAN_POINT('',(137.20048094716,59.026398913586,5.21875));
#1497 = CARTESIAN_POINT('',(137.20048094716,60.,5.28125));
#1498 = CARTESIAN_POINT('',(137.20048094716,60.973601086414,5.34375));
#1499 = CARTESIAN_POINT('',(136.51204101678,61.662041016788,5.40625));
#1500 = CARTESIAN_POINT('',(135.82360108641,62.350480947162,5.46875));
#1501 = CARTESIAN_POINT('',(134.85,62.350480947162,5.53125));
#1502 = CARTESIAN_POINT('',(133.87639891358,62.350480947162,5.59375));
#1503 = CARTESIAN_POINT('',(133.18795898321,61.662041016788,5.65625));
#1504 = CARTESIAN_POINT('',(132.49951905283,60.973601086414,5.71875));
#1505 = CARTESIAN_POINT('',(132.49951905283,60.,5.78125));
#1506 = CARTESIAN_POINT('',(132.49951905283,59.026398913586,5.84375));
#1507 = CARTESIAN_POINT('',(133.18795898321,58.337958983212,5.90625));
#1508 = CARTESIAN_POINT('',(133.87639891358,57.649519052838,5.96875));
#1509 = CARTESIAN_POINT('',(134.85,57.649519052838,6.03125));
#1510 = CARTESIAN_POINT('',(135.82360108641,57.649519052838,6.09375));
#1511 = CARTESIAN_POINT('',(136.51204101678,58.337958983212,6.15625));
#1512 = CARTESIAN_POINT('',(137.20048094716,59.026398913586,6.21875));
#1513 = CARTESIAN_POINT('',(137.20048094716,60.,6.28125));
#1514 = CARTESIAN_POINT('',(137.20048094716,60.973601086414,6.34375));
#1515 = CARTESIAN_POINT('',(136.51204101678,61.662041016788,6.40625));
#1516 = CARTESIAN_POINT('',(135.82360108641,62.350480947162,6.46875));
#1517 = CARTESIAN_POINT('',(134.85,62.350480947162,6.53125));
#1518 = CARTESIAN_POINT('',(133.87639891358,62.350480947162,6.59375));
#1519 = CARTESIAN_POINT('',(133.18795898321,61.662041016788,6.65625));
#1520 = CARTESIAN_POINT('',(132.49951905283,60.973601086414,6.71875));
#1521 = CARTESIAN_POINT('',(132.49951905283,60.,6.78125));
#1522 = CARTESIAN_POINT('',(132.49951905283,59.026398913586,6.84375));
#1523 = CARTESIAN_POINT('',(133.18795898321,58.337958983212,6.90625));
#1524 = CARTESIAN_POINT('',(133.87639891358,57.649519052838,6.96875));
#1525 = CARTESIAN_POINT('',(134.85,57.649519052838,7.03125));
#1526 = CARTESIAN_POINT('',(135.82360108641,57.649519052838,7.09375));
#1527 = CARTESIAN_POINT('',(136.51204101678,58.337958983212,7.15625));
#1528 = CARTESIAN_POINT('',(137.20048094716,59.026398913586,7.21875));
#1529 = CARTESIAN_POINT('',(137.20048094716,60.,7.28125));
#1530 = CARTESIAN_POINT('',(137.20048094716,60.973601086414,7.34375));
#1531 = CARTESIAN_POINT('',(136.51204101678,61.662041016788,7.40625));
#1532 = CARTESIAN_POINT('',(135.82360108641,62.350480947162,7.46875));
#1533 = CARTESIAN_POINT('',(134.85,62.350480947162,7.53125));
#1534 = CARTESIAN_POINT('',(133.87639891358,62.350480947162,7.59375));
#1535 = CARTESIAN_POINT('',(133.18795898321,61.662041016788,7.65625));
#1536 = CARTESIAN_POINT('',(132.49951905283,60.973601086414,7.71875));
#1537 = CARTESIAN_POINT('',(132.49951905283,60.,7.78125));
#1538 = CARTESIAN_POINT('',(132.49951905283,59.026398913586,7.84375));
#1539 = CARTESIAN_POINT('',(133.18795898321,58.337958983212,7.90625));
#1540 = CARTESIAN_POINT('',(133.87639891358,57.649519052838,7.96875));
#1541 = CARTESIAN_POINT('',(134.85,57.649519052838,8.03125));
#1542 = CARTESIAN_POINT('',(135.82360108641,57.649519052838,8.09375));
#1543 = CARTESIAN_POINT('',(136.51204101678,58.337958983212,8.15625));
#1544 = CARTESIAN_POINT('',(137.20048094716,59.026398913586,8.21875));
#1545 = CARTESIAN_POINT('',(137.20048094716,60.,8.28125));
#1546 = CARTESIAN_POINT('',(137.20048094716,60.973601086414,8.34375));
#1547 = CARTESIAN_POINT('',(136.51204101678,61.662041016788,8.40625));
#1548 = CARTESIAN_POINT('',(135.82360108641,62.350480947162,8.46875));
#1549 = CARTESIAN_POINT('',(134.85,62.350480947162,8.53125));
#1550 = CARTESIAN_POINT('',(133.87639891358,62.350480947162,8.59375));
#1551 = CARTESIAN_POINT('',(133.18795898321,61.662041016788,8.65625));
#1552 = CARTESIAN_POINT('',(132.49951905283,60.973601086414,8.71875));
#1553 = CARTESIAN_POINT('',(132.49951905283,60.,8.78125));
#1554 = CARTESIAN_POINT('',(132.49951905283,59.026398913586,8.84375));
#1555 = CARTESIAN_POINT('',(133.18795898321,58.337958983212,8.90625));
#1556 = CARTESIAN_POINT('',(133.87639891358,57.649519052838,8.96875));
#1557 = CARTESIAN_POINT('',(134.85,57.649519052838,9.03125));
#1558 = CARTESIAN_POINT('',(135.82360108641,57.649519052838,9.09375));
#1559 = CARTESIAN_POINT('',(136.51204101678,58.337958983212,9.15625));
#1560 = CARTESIAN_POINT('',(137.20048094716,59.026398913586,9.21875));
#1561 = CARTESIAN_POINT('',(137.20048094716,60.,9.28125));
#1562 = CARTESIAN_POINT('',(137.20048094716,60.973601086414,9.34375));
#1563 = CARTESIAN_POINT('',(136.51204101678,61.662041016788,9.40625));
#1564 = CARTESIAN_POINT('',(135.82360108641,62.350480947162,9.46875));
#1565 = CARTESIAN_POINT('',(134.85,62.350480947162,9.53125));
#1566 = CARTESIAN_POINT('',(133.87639891358,62.350480947162,9.59375));
#1567 = CARTESIAN_POINT('',(133.18795898321,61.662041016788,9.65625));
#1568 = CARTESIAN_POINT('',(132.49951905283,60.973601086414,9.71875));
#1569 = CARTESIAN_POINT('',(132.49951905283,60.,9.78125));
#1570 = CARTESIAN_POINT('',(132.49951905283,59.026398913586,9.84375));
#1571 = CARTESIAN_POINT('',(133.18795898321,58.337958983212,9.90625));
#1572 = CARTESIAN_POINT('',(133.87639891358,57.649519052838,9.96875));
#1573 = CARTESIAN_POINT('',(134.85,57.649519052838,10.03125));
#1574 = CARTESIAN_POINT('',(135.82360108641,57.649519052838,10.09375));
#1575 = CARTESIAN_POINT('',(136.51204101678,58.337958983212,10.15625));
#1576 = CARTESIAN_POINT('',(137.20048094716,59.026398913586,10.21875));
#1577 = CARTESIAN_POINT('',(137.20048094716,60.,10.28125));
#1578 = CARTESIAN_POINT('',(137.20048094716,60.973601086414,10.34375));
#1579 = CARTESIAN_POINT('',(136.51204101678,61.662041016788,10.40625));
#1580 = CARTESIAN_POINT('',(135.82360108641,62.350480947162,10.46875));
#1581 = CARTESIAN_POINT('',(134.85,62.350480947162,10.53125));
#1582 = CARTESIAN_POINT('',(133.87639891358,62.350480947162,10.59375));
#1583 = CARTESIAN_POINT('',(133.18795898321,61.662041016788,10.65625));
#1584 = CARTESIAN_POINT('',(132.49951905283,60.973601086414,10.71875));
#1585 = CARTESIAN_POINT('',(132.49951905283,60.,10.78125));
#1586 = CARTESIAN_POINT('',(132.49951905283,59.026398913586,10.84375));
#1587 = CARTESIAN_POINT('',(133.18795898321,58.337958983212,10.90625));
#1588 = CARTESIAN_POINT('',(133.87639891358,57.649519052838,10.96875));
#1589 = CARTESIAN_POINT('',(134.85,57.649519052838,11.03125));
#1590 = CARTESIAN_POINT('',(135.82360108641,57.649519052838,11.09375));
#1591 = CARTESIAN_POINT('',(136.51204101678,58.337958983212,11.15625));
#1592 = CARTESIAN_POINT('',(137.20048094716,59.026398913586,11.21875));
#1593 = CARTESIAN_POINT('',(137.20048094716,60.,11.28125));
#1594 = CARTESIAN_POINT('',(137.20048094716,60.973601086414,11.34375));
#1595 = CARTESIAN_POINT('',(136.51204101678,61.662041016788,11.40625));
#1596 = CARTESIAN_POINT('',(135.82360108641,62.350480947162,11.46875));
#1597 = CARTESIAN_POINT('',(134.85,62.350480947162,11.53125));
#1598 = CARTESIAN_POINT('',(134.85,62.350480947162,-0.59375));
#1599 = CARTESIAN_POINT('',(133.87639891358,62.350480947162,-0.53125));
#1600 = CARTESIAN_POINT('',(133.18795898321,61.662041016788,-0.46875));
#1601 = CARTESIAN_POINT('',(132.49951905283,60.973601086414,-0.40625));
#1602 = CARTESIAN_POINT('',(132.49951905283,60.,-0.34375));
#1603 = CARTESIAN_POINT('',(132.49951905283,59.026398913586,-0.28125));
#1604 = CARTESIAN_POINT('',(133.18795898321,58.337958983212,-0.21875));
#1605 = CARTESIAN_POINT('',(133.87639891358,57.649519052838,-0.15625));
#1606 = CARTESIAN_POINT('',(134.85,57.649519052838,-9.375E-02));
#1607 = CARTESIAN_POINT('',(135.82360108641,57.649519052838,-3.125E-02)
  );
#1608 = CARTESIAN_POINT('',(136.51204101678,58.337958983212,3.125E-02));
#1609 = CARTESIAN_POINT('',(137.20048094716,59.026398913586,9.375E-02));
#1610 = CARTESIAN_POINT('',(137.20048094716,60.,0.15625));
#1611 = CARTESIAN_POINT('',(137.20048094716,60.973601086414,0.21875));
#1612 = CARTESIAN_POINT('',(136.51204101678,61.662041016788,0.28125));
#1613 = CARTESIAN_POINT('',(135.82360108641,62.350480947162,0.34375));
#1614 = CARTESIAN_POINT('',(134.85,62.350480947162,0.40625));
#1615 = CARTESIAN_POINT('',(133.87639891358,62.350480947162,0.46875));
#1616 = CARTESIAN_POINT('',(133.18795898321,61.662041016788,0.53125));
#1617 = CARTESIAN_POINT('',(132.49951905283,60.973601086414,0.59375));
#1618 = CARTESIAN_POINT('',(132.49951905283,60.,0.65625));
#1619 = CARTESIAN_POINT('',(132.49951905283,59.026398913586,0.71875));
#1620 = CARTESIAN_POINT('',(133.18795898321,58.337958983212,0.78125));
#1621 = CARTESIAN_POINT('',(133.87639891358,57.649519052838,0.84375));
#1622 = CARTESIAN_POINT('',(134.85,57.649519052838,0.90625));
#1623 = CARTESIAN_POINT('',(135.82360108641,57.649519052838,0.96875));
#1624 = CARTESIAN_POINT('',(136.51204101678,58.337958983212,1.03125));
#1625 = CARTESIAN_POINT('',(137.20048094716,59.026398913586,1.09375));
#1626 = CARTESIAN_POINT('',(137.20048094716,60.,1.15625));
#1627 = CARTESIAN_POINT('',(137.20048094716,60.973601086414,1.21875));
#1628 = CARTESIAN_POINT('',(136.51204101678,61.662041016788,1.28125));
#1629 = CARTESIAN_POINT('',(135.82360108641,62.350480947162,1.34375));
#1630 = CARTESIAN_POINT('',(134.85,62.350480947162,1.40625));
#1631 = CARTESIAN_POINT('',(133.87639891358,62.350480947162,1.46875));
#1632 = CARTESIAN_POINT('',(133.18795898321,61.662041016788,1.53125));
#1633 = CARTESIAN_POINT('',(132.49951905283,60.973601086414,1.59375));
#1634 = CARTESIAN_POINT('',(132.49951905283,60.,1.65625));
#1635 = CARTESIAN_POINT('',(132.49951905283,59.026398913586,1.71875));
#1636 = CARTESIAN_POINT('',(133.18795898321,58.337958983212,1.78125));
#1637 = CARTESIAN_POINT('',(133.87639891358,57.649519052838,1.84375));
#1638 = CARTESIAN_POINT('',(134.85,57.649519052838,1.90625));
#1639 = CARTESIAN_POINT('',(135.82360108641,57.649519052838,1.96875));
#1640 = CARTESIAN_POINT('',(136.51204101678,58.337958983212,2.03125));
#1641 = CARTESIAN_POINT('',(137.20048094716,59.026398913586,2.09375));
#1642 = CARTESIAN_POINT('',(137.20048094716,60.,2.15625));
#1643 = CARTESIAN_POINT('',(137.20048094716,60.973601086414,2.21875));
#1644 = CARTESIAN_POINT('',(136.51204101678,61.662041016788,2.28125));
#1645 = CARTESIAN_POINT('',(135.82360108641,62.350480947162,2.34375));
#1646 = CARTESIAN_POINT('',(134.85,62.350480947162,2.40625));
#1647 = CARTESIAN_POINT('',(133.87639891358,62.350480947162,2.46875));
#1648 = CARTESIAN_POINT('',(133.18795898321,61.662041016788,2.53125));
#1649 = CARTESIAN_POINT('',(132.49951905283,60.973601086414,2.59375));
#1650 = CARTESIAN_POINT('',(132.49951905283,60.,2.65625));
#1651 = CARTESIAN_POINT('',(132.49951905283,59.026398913586,2.71875));
#1652 = CARTESIAN_POINT('',(133.18795898321,58.337958983212,2.78125));
#1653 = CARTESIAN_POINT('',(133.87639891358,57.649519052838,2.84375));
#1654 = CARTESIAN_POINT('',(134.85,57.649519052838,2.90625));
#1655 = CARTESIAN_POINT('',(135.82360108641,57.649519052838,2.96875));
#1656 = CARTESIAN_POINT('',(136.51204101678,58.337958983212,3.03125));
#1657 = CARTESIAN_POINT('',(137.20048094716,59.026398913586,3.09375));
#1658 = CARTESIAN_POINT('',(137.20048094716,60.,3.15625));
#1659 = CARTESIAN_POINT('',(137.20048094716,60.973601086414,3.21875));
#1660 = CARTESIAN_POINT('',(136.51204101678,61.662041016788,3.28125));
#1661 = CARTESIAN_POINT('',(135.82360108641,62.350480947162,3.34375));
#1662 = CARTESIAN_POINT('',(134.85,62.350480947162,3.40625));
#1663 = CARTESIAN_POINT('',(133.87639891358,62.350480947162,3.46875));
#1664 = CARTESIAN_POINT('',(133.18795898321,61.662041016788,3.53125));
#1665 = CARTESIAN_POINT('',(132.49951905283,60.973601086414,3.59375));
#1666 = CARTESIAN_POINT('',(132.49951905283,60.,3.65625));
#1667 = CARTESIAN_POINT('',(132.49951905283,59.026398913586,3.71875));
#1668 = CARTESIAN_POINT('',(133.18795898321,58.337958983212,3.78125));
#1669 = CARTESIAN_POINT('',(133.87639891358,57.649519052838,3.84375));
#1670 = CARTESIAN_POINT('',(134.85,57.649519052838,3.90625));
#1671 = CARTESIAN_POINT('',(135.82360108641,57.649519052838,3.96875));
#1672 = CARTESIAN_POINT('',(136.51204101678,58.337958983212,4.03125));
#1673 = CARTESIAN_POINT('',(137.20048094716,59.026398913586,4.09375));
#1674 = CARTESIAN_POINT('',(137.20048094716,60.,4.15625));
#1675 = CARTESIAN_POINT('',(137.20048094716,60.973601086414,4.21875));
#1676 = CARTESIAN_POINT('',(136.51204101678,61.662041016788,4.28125));
#1677 = CARTESIAN_POINT('',(135.82360108641,62.350480947162,4.34375));
#1678 = CARTESIAN_POINT('',(134.85,62.350480947162,4.40625));
#1679 = CARTESIAN_POINT('',(133.87639891358,62.350480947162,4.46875));
#1680 = CARTESIAN_POINT('',(133.18795898321,61.662041016788,4.53125));
#1681 = CARTESIAN_POINT('',(132.49951905283,60.973601086414,4.59375));
#1682 = CARTESIAN_POINT('',(132.49951905283,60.,4.65625));
#1683 = CARTESIAN_POINT('',(132.49951905283,59.026398913586,4.71875));
#1684 = CARTESIAN_POINT('',(133.18795898321,58.337958983212,4.78125));
#1685 = CARTESIAN_POINT('',(133.87639891358,57.649519052838,4.84375));
#1686 = CARTESIAN_POINT('',(134.85,57.649519052838,4.90625));
#1687 = CARTESIAN_POINT('',(135.82360108641,57.649519052838,4.96875));
#1688 = CARTESIAN_POINT('',(136.51204101678,58.337958983212,5.03125));
#1689 = CARTESIAN_POINT('',(137.20048094716,59.026398913586,5.09375));
#1690 = CARTESIAN_POINT('',(137.20048094716,60.,5.15625));
#1691 = CARTESIAN_POINT('',(137.20048094716,60.973601086414,5.21875));
#1692 = CARTESIAN_POINT('',(136.51204101678,61.662041016788,5.28125));
#1693 = CARTESIAN_POINT('',(135.82360108641,62.350480947162,5.34375));
#1694 = CARTESIAN_POINT('',(134.85,62.350480947162,5.40625));
#1695 = CARTESIAN_POINT('',(133.87639891358,62.350480947162,5.46875));
#1696 = CARTESIAN_POINT('',(133.18795898321,61.662041016788,5.53125));
#1697 = CARTESIAN_POINT('',(132.49951905283,60.973601086414,5.59375));
#1698 = CARTESIAN_POINT('',(132.49951905283,60.,5.65625));
#1699 = CARTESIAN_POINT('',(132.49951905283,59.026398913586,5.71875));
#1700 = CARTESIAN_POINT('',(133.18795898321,58.337958983212,5.78125));
#1701 = CARTESIAN_POINT('',(133.87639891358,57.649519052838,5.84375));
#1702 = CARTESIAN_POINT('',(134.85,57.649519052838,5.90625));
#1703 = CARTESIAN_POINT('',(135.82360108641,57.649519052838,5.96875));
#1704 = CARTESIAN_POINT('',(136.51204101678,58.337958983212,6.03125));
#1705 = CARTESIAN_POINT('',(137.20048094716,59.026398913586,6.09375));
#1706 = CARTESIAN_POINT('',(137.20048094716,60.,6.15625));
#1707 = CARTESIAN_POINT('',(137.20048094716,60.973601086414,6.21875));
#1708 = CARTESIAN_POINT('',(136.51204101678,61.662041016788,6.28125));
#1709 = CARTESIAN_POINT('',(135.82360108641,62.350480947162,6.34375));
#1710 = CARTESIAN_POINT('',(134.85,62.350480947162,6.40625));
#1711 = CARTESIAN_POINT('',(133.87639891358,62.350480947162,6.46875));
#1712 = CARTESIAN_POINT('',(133.18795898321,61.662041016788,6.53125));
#1713 = CARTESIAN_POINT('',(132.49951905283,60.973601086414,6.59375));
#1714 = CARTESIAN_POINT('',(132.49951905283,60.,6.65625));
#1715 = CARTESIAN_POINT('',(132.49951905283,59.026398913586,6.71875));
#1716 = CARTESIAN_POINT('',(133.18795898321,58.337958983212,6.78125));
#1717 = CARTESIAN_POINT('',(133.87639891358,57.649519052838,6.84375));
#1718 = CARTESIAN_POINT('',(134.85,57.649519052838,6.90625));
#1719 = CARTESIAN_POINT('',(135.82360108641,57.649519052838,6.96875));
#1720 = CARTESIAN_POINT('',(136.51204101678,58.337958983212,7.03125));
#1721 = CARTESIAN_POINT('',(137.20048094716,59.026398913586,7.09375));
#1722 = CARTESIAN_POINT('',(137.20048094716,60.,7.15625));
#1723 = CARTESIAN_POINT('',(137.20048094716,60.973601086414,7.21875));
#1724 = CARTESIAN_POINT('',(136.51204101678,61.662041016788,7.28125));
#1725 = CARTESIAN_POINT('',(135.82360108641,62.350480947162,7.34375));
#1726 = CARTESIAN_POINT('',(134.85,62.350480947162,7.40625));
#1727 = CARTESIAN_POINT('',(133.87639891358,62.350480947162,7.46875));
#1728 = CARTESIAN_POINT('',(133.18795898321,61.662041016788,7.53125));
#1729 = CARTESIAN_POINT('',(132.49951905283,60.973601086414,7.59375));
#1730 = CARTESIAN_POINT('',(132.49951905283,60.,7.65625));
#1731 = CARTESIAN_POINT('',(132.49951905283,59.026398913586,7.71875));
#1732 = CARTESIAN_POINT('',(133.18795898321,58.337958983212,7.78125));
#1733 = CARTESIAN_POINT('',(133.87639891358,57.649519052838,7.84375));
#1734 = CARTESIAN_POINT('',(134.85,57.649519052838,7.90625));
#1735 = CARTESIAN_POINT('',(135.82360108641,57.649519052838,7.96875));
#1736 = CARTESIAN_POINT('',(136.51204101678,58.337958983212,8.03125));
#1737 = CARTESIAN_POINT('',(137.20048094716,59.026398913586,8.09375));
#1738 = CARTESIAN_POINT('',(137.20048094716,60.,8.15625));
#1739 = CARTESIAN_POINT('',(137.20048094716,60.973601086414,8.21875));
#1740 = CARTESIAN_POINT('',(136.51204101678,61.662041016788,8.28125));
#1741 = CARTESIAN_POINT('',(135.82360108641,62.350480947162,8.34375));
#1742 = CARTESIAN_POINT('',(134.85,62.350480947162,8.40625));
#1743 = CARTESIAN_POINT('',(133.87639891358,62.350480947162,8.46875));
#1744 = CARTESIAN_POINT('',(133.18795898321,61.662041016788,8.53125));
#1745 = CARTESIAN_POINT('',(132.49951905283,60.973601086414,8.59375));
#1746 = CARTESIAN_POINT('',(132.49951905283,60.,8.65625));
#1747 = CARTESIAN_POINT('',(132.49951905283,59.026398913586,8.71875));
#1748 = CARTESIAN_POINT('',(133.18795898321,58.337958983212,8.78125));
#1749 = CARTESIAN_POINT('',(133.87639891358,57.649519052838,8.84375));
#1750 = CARTESIAN_POINT('',(134.85,57.649519052838,8.90625));
#1751 = CARTESIAN_POINT('',(135.82360108641,57.649519052838,8.96875));
#1752 = CARTESIAN_POINT('',(136.51204101678,58.337958983212,9.03125));
#1753 = CARTESIAN_POINT('',(137.20048094716,59.026398913586,9.09375));
#1754 = CARTESIAN_POINT('',(137.20048094716,60.,9.15625));
#1755 = CARTESIAN_POINT('',(137.20048094716,60.973601086414,9.21875));
#1756 = CARTESIAN_POINT('',(136.51204101678,61.662041016788,9.28125));
#1757 = CARTESIAN_POINT('',(135.82360108641,62.350480947162,9.34375));
#1758 = CARTESIAN_POINT('',(134.85,62.350480947162,9.40625));
#1759 = CARTESIAN_POINT('',(133.87639891358,62.350480947162,9.46875));
#1760 = CARTESIAN_POINT('',(133.18795898321,61.662041016788,9.53125));
#1761 = CARTESIAN_POINT('',(132.49951905283,60.973601086414,9.59375));
#1762 = CARTESIAN_POINT('',(132.49951905283,60.,9.65625));
#1763 = CARTESIAN_POINT('',(132.49951905283,59.026398913586,9.71875));
#1764 = CARTESIAN_POINT('',(133.18795898321,58.337958983212,9.78125));
#1765 = CARTESIAN_POINT('',(133.87639891358,57.649519052838,9.84375));
#1766 = CARTESIAN_POINT('',(134.85,57.649519052838,9.90625));
#1767 = CARTESIAN_POINT('',(135.82360108641,57.649519052838,9.96875));
#1768 = CARTESIAN_POINT('',(136.51204101678,58.337958983212,10.03125));
#1769 = CARTESIAN_POINT('',(137.20048094716,59.026398913586,10.09375));
#1770 = CARTESIAN_POINT('',(137.20048094716,60.,10.15625));
#1771 = CARTESIAN_POINT('',(137.20048094716,60.973601086414,10.21875));
#1772 = CARTESIAN_POINT('',(136.51204101678,61.662041016788,10.28125));
#1773 = CARTESIAN_POINT('',(135.82360108641,62.350480947162,10.34375));
#1774 = CARTESIAN_POINT('',(134.85,62.350480947162,10.40625));
#1775 = CARTESIAN_POINT('',(133.87639891358,62.350480947162,10.46875));
#1776 = CARTESIAN_POINT('',(133.18795898321,61.662041016788,10.53125));
#1777 = CARTESIAN_POINT('',(132.49951905283,60.973601086414,10.59375));
#1778 = CARTESIAN_POINT('',(132.49951905283,60.,10.65625));
#1779 = CARTESIAN_POINT('',(132.49951905283,59.026398913586,10.71875));
#1780 = CARTESIAN_POINT('',(133.18795898321,58.337958983212,10.78125));
#1781 = CARTESIAN_POINT('',(133.87639891358,57.649519052838,10.84375));
#1782 = CARTESIAN_POINT('',(134.85,57.649519052838,10.90625));
#1783 = CARTESIAN_POINT('',(135.82360108641,57.649519052838,10.96875));
#1784 = CARTESIAN_POINT('',(136.51204101678,58.337958983212,11.03125));
#1785 = CARTESIAN_POINT('',(137.20048094716,59.026398913586,11.09375));
#1786 = CARTESIAN_POINT('',(137.20048094716,60.,11.15625));
#1787 = CARTESIAN_POINT('',(137.20048094716,60.973601086414,11.21875));
#1788 = CARTESIAN_POINT('',(136.51204101678,61.662041016788,11.28125));
#1789 = CARTESIAN_POINT('',(135.82360108641,62.350480947162,11.34375));
#1790 = CARTESIAN_POINT('',(134.85,62.350480947162,11.40625));
#1791 = ADVANCED_FACE('',(#1792),#1984,.F.);
#1792 = FACE_BOUND('',#1793,.F.);
#1793 = EDGE_LOOP('',(#1794,#1795,#1796,#1825,#1860,#1875,#1887,#1901,
    #1915,#1929,#1943,#1957,#1971,#1983));
#1794 = ORIENTED_EDGE('',*,*,#121,.T.);
#1795 = ORIENTED_EDGE('',*,*,#1232,.F.);
#1796 = ORIENTED_EDGE('',*,*,#1797,.F.);
#1797 = EDGE_CURVE('',#1798,#1220,#1800,.T.);
#1798 = VERTEX_POINT('',#1799);
#1799 = CARTESIAN_POINT('',(134.85000000001,62.603765877365,
    0.260015877365));
#1800 = B_SPLINE_CURVE_WITH_KNOTS('',3,(#1801,#1802,#1803,#1804,#1805,
    #1806,#1807,#1808,#1809,#1810,#1811,#1812,#1813,#1814,#1815,#1816,
    #1817,#1818,#1819,#1820,#1821,#1822,#1823,#1824),.UNSPECIFIED.,.F.,
  .F.,(4,2,2,2,2,2,2,2,2,2,2,4),(1.099591163706E-02,1.177327482696E-02,
    1.255063801686E-02,1.293931961181E-02,1.332800120675E-02,
    1.37166828017E-02,1.410536439665E-02,1.44940459916E-02,
    1.488272758655E-02,1.566009077644E-02,1.643745396634E-02,
    1.721481715624E-02),.UNSPECIFIED.);
#1801 = CARTESIAN_POINT('',(134.85000000001,62.603765877365,
    0.260015877365));
#1802 = CARTESIAN_POINT('',(135.10852197126,62.594268075924,
    0.250518075925));
#1803 = CARTESIAN_POINT('',(135.36903110911,62.544448166301,
    0.240236397379));
#1804 = CARTESIAN_POINT('',(135.85595991871,62.371751077765,
    0.219555380081));
#1805 = CARTESIAN_POINT('',(136.08982187286,62.246173350683,
    0.208838015565));
#1806 = CARTESIAN_POINT('',(136.39974121246,62.013000188319,
    0.193409973011));
#1807 = CARTESIAN_POINT('',(136.49699546156,61.927655874812,
    0.188345708135));
#1808 = CARTESIAN_POINT('',(136.67912502705,61.741381275184,
    0.178384921691));
#1809 = CARTESIAN_POINT('',(136.76350858574,61.640466072638,
    0.17337788273));
#1810 = CARTESIAN_POINT('',(136.91335479866,61.429523027327,
    0.163092205969));
#1811 = CARTESIAN_POINT('',(136.97972315934,61.3187427346,0.157851639905
    ));
#1812 = CARTESIAN_POINT('',(137.09521954826,61.086483746306,
    0.147166574311));
#1813 = CARTESIAN_POINT('',(137.14450668548,60.964068248906,
    0.141682861052));
#1814 = CARTESIAN_POINT('',(137.22219112965,60.716419039094,
    0.130868149064));
#1815 = CARTESIAN_POINT('',(137.25110779346,60.590447871972,
    0.125501283412));
#1816 = CARTESIAN_POINT('',(137.28921056083,60.334238367388,
    0.114850825999));
#1817 = CARTESIAN_POINT('',(137.29832643947,60.202805621323,
    0.109520767439));
#1818 = CARTESIAN_POINT('',(137.29450016186,59.812577221874,
    9.410321041481E-02));
#1819 = CARTESIAN_POINT('',(137.25051032609,59.555408514777,
    8.361399863956E-02));
#1820 = CARTESIAN_POINT('',(137.07997338937,59.061978444827,
    6.138000121928E-02));
#1821 = CARTESIAN_POINT('',(136.95673346348,58.833366515126,
    5.02024020894E-02));
#1822 = CARTESIAN_POINT('',(136.63715379468,58.418919955453,
    2.803863358345E-02));
#1823 = CARTESIAN_POINT('',(136.44866737607,58.241966546295,
    1.796297296104E-02));
#1824 = CARTESIAN_POINT('',(136.22983618283,58.09715665608,
    6.730947161679E-03));
#1825 = ORIENTED_EDGE('',*,*,#1826,.F.);
#1826 = EDGE_CURVE('',#1827,#1798,#1829,.T.);
#1827 = VERTEX_POINT('',#1828);
#1828 = CARTESIAN_POINT('',(134.85000000001,57.079246824526,
    0.577003175474));
#1829 = B_SPLINE_CURVE_WITH_KNOTS('',3,(#1830,#1831,#1832,#1833,#1834,
    #1835,#1836,#1837,#1838,#1839,#1840,#1841,#1842,#1843,#1844,#1845,
    #1846,#1847,#1848,#1849,#1850,#1851,#1852,#1853,#1854,#1855,#1856,
    #1857,#1858,#1859),.UNSPECIFIED.,.F.,.F.,(4,2,2,2,2,2,2,2,2,2,2,2,2,
    2,4),(2.322354287318E-03,3.406548956036E-03,3.948646290395E-03,
    4.490743624755E-03,5.032840959114E-03,5.574938293473E-03,
    6.117035627832E-03,6.659132962191E-03,7.74332763091E-03,
    8.285424965269E-03,8.827522299628E-03,9.369619633987E-03,
    9.911716968346E-03,1.045381430271E-02,1.099591163706E-02),
  .UNSPECIFIED.);
#1830 = CARTESIAN_POINT('',(134.85000000001,57.079246824526,
    0.577003175474));
#1831 = CARTESIAN_POINT('',(134.49022155882,57.091030148993,
    0.565219851005));
#1832 = CARTESIAN_POINT('',(134.12822959764,57.172367134747,
    0.552284023555));
#1833 = CARTESIAN_POINT('',(133.63283108746,57.387336261748,
    0.532906080178));
#1834 = CARTESIAN_POINT('',(133.47285161447,57.475340122444,
    0.526348910095));
#1835 = CARTESIAN_POINT('',(133.17253062671,57.679997167296,
    0.513405792517));
#1836 = CARTESIAN_POINT('',(133.03388729512,57.795108061853,
    0.507099251136));
#1837 = CARTESIAN_POINT('',(132.77910008299,58.050301547247,
    0.494819738429));
#1838 = CARTESIAN_POINT('',(132.66207454875,58.192290379456,
    0.488592811595));
#1839 = CARTESIAN_POINT('',(132.46048324526,58.492608748007,
    0.475709639319));
#1840 = CARTESIAN_POINT('',(132.3750469775,58.651029038598,
    0.469160664781));
#1841 = CARTESIAN_POINT('',(132.23487701733,58.984382744078,
    0.455838883169));
#1842 = CARTESIAN_POINT('',(132.18039080806,59.160155545992,
    0.449039448181));
#1843 = CARTESIAN_POINT('',(132.10744973557,59.513385017072,
    0.435799793003));
#1844 = CARTESIAN_POINT('',(132.08805968408,59.692626062573,
    0.429286088749));
#1845 = CARTESIAN_POINT('',(132.08250363598,60.238439852878,
    0.410089883148));
#1846 = CARTESIAN_POINT('',(132.15046732829,60.597681007593,
    0.397121663483));
#1847 = CARTESIAN_POINT('',(132.3569248157,61.103178441326,
    0.376423911498));
#1848 = CARTESIAN_POINT('',(132.4414861668,61.262397539271,
    0.369569024392));
#1849 = CARTESIAN_POINT('',(132.64124783798,61.562774062705,
    0.355946757143));
#1850 = CARTESIAN_POINT('',(132.75799810347,61.705181276135,
    0.349110405881));
#1851 = CARTESIAN_POINT('',(133.01396829106,61.960369620093,
    0.336071548088));
#1852 = CARTESIAN_POINT('',(133.15358532891,62.074100522021,
    0.329617235035));
#1853 = CARTESIAN_POINT('',(133.45687676014,62.272835903346,
    0.315902621419));
#1854 = CARTESIAN_POINT('',(133.61997705129,62.357013499547,
    0.308807773656));
#1855 = CARTESIAN_POINT('',(133.9553666262,62.488686222291,
    0.294719563539));
#1856 = CARTESIAN_POINT('',(134.13019918975,62.5375505464,0.28761480903)
  );
#1857 = CARTESIAN_POINT('',(134.48969895512,62.598710045421,
    0.273484326409));
#1858 = CARTESIAN_POINT('',(134.6697186678,62.610389207245,
    0.266639207244));
#1859 = CARTESIAN_POINT('',(134.85000000001,62.603765877365,
    0.260015877365));
#1860 = ORIENTED_EDGE('',*,*,#1861,.F.);
#1861 = EDGE_CURVE('',#1862,#1827,#1864,.T.);
#1862 = VERTEX_POINT('',#1863);
#1863 = CARTESIAN_POINT('',(136.97132034356,57.87867965644,0.65625));
#1864 = B_SPLINE_CURVE_WITH_KNOTS('',3,(#1865,#1866,#1867,#1868,#1869,
    #1870,#1871,#1872,#1873,#1874),.UNSPECIFIED.,.F.,.F.,(4,2,2,2,4),(0.
    ,5.805885718294E-04,1.161177143659E-03,1.741765715488E-03,
    2.322354287318E-03),.UNSPECIFIED.);
#1865 = CARTESIAN_POINT('',(136.97132034356,57.87867965644,0.65625));
#1866 = CARTESIAN_POINT('',(136.8286981831,57.744871868409,
    0.650017297484));
#1867 = CARTESIAN_POINT('',(136.67503239366,57.627024398695,
    0.643606799017));
#1868 = CARTESIAN_POINT('',(136.34625291023,57.42232703445,
    0.630424657111));
#1869 = CARTESIAN_POINT('',(136.16953273475,57.335177319505,
    0.623596430739));
#1870 = CARTESIAN_POINT('',(135.8077754358,57.199085368071,
    0.610087308355));
#1871 = CARTESIAN_POINT('',(135.62153990208,57.149061009085,
    0.603354614004));
#1872 = CARTESIAN_POINT('',(135.23818327536,57.085633048154,
    0.58993703865));
#1873 = CARTESIAN_POINT('',(135.04266212737,57.072936828987,
    0.583313171014));
#1874 = CARTESIAN_POINT('',(134.85000000001,57.079246824526,
    0.577003175474));
#1875 = ORIENTED_EDGE('',*,*,#1876,.T.);
#1876 = EDGE_CURVE('',#1862,#1877,#1879,.T.);
#1877 = VERTEX_POINT('',#1878);
#1878 = CARTESIAN_POINT('',(134.85,63.,1.03125));
#1879 = ( BOUNDED_CURVE() B_SPLINE_CURVE(2,(#1880,#1881,#1882,#1883,
#1884,#1885,#1886),.UNSPECIFIED.,.F.,.F.) B_SPLINE_CURVE_WITH_KNOTS((3,2
    ,2,3),(0.135416666667,0.145833333333,0.15625,0.166666666667),
.PIECEWISE_BEZIER_KNOTS.) CURVE() GEOMETRIC_REPRESENTATION_ITEM() 
RATIONAL_B_SPLINE_CURVE((1.,0.923879532511,1.,0.923879532511,1.,
0.923879532511,1.)) REPRESENTATION_ITEM('') );
#1880 = CARTESIAN_POINT('',(136.97132034356,57.87867965644,0.65625));
#1881 = CARTESIAN_POINT('',(137.85,58.757359312881,0.71875));
#1882 = CARTESIAN_POINT('',(137.85,60.,0.78125));
#1883 = CARTESIAN_POINT('',(137.85,61.242640687119,0.84375));
#1884 = CARTESIAN_POINT('',(136.97132034356,62.12132034356,0.90625));
#1885 = CARTESIAN_POINT('',(136.09264068711,63.,0.96875));
#1886 = CARTESIAN_POINT('',(134.85,63.,1.03125));
#1887 = ORIENTED_EDGE('',*,*,#1888,.T.);
#1888 = EDGE_CURVE('',#1877,#1889,#1891,.T.);
#1889 = VERTEX_POINT('',#1890);
#1890 = CARTESIAN_POINT('',(134.85,57.,1.53125));
#1891 = ( BOUNDED_CURVE() B_SPLINE_CURVE(2,(#1892,#1893,#1894,#1895,
    #1896,#1897,#1898,#1899,#1900),.UNSPECIFIED.,.F.,.F.) 
B_SPLINE_CURVE_WITH_KNOTS((3,2,2,2,3),(0.166666666667,0.177083333333,
    0.1875,0.197916666667,0.208333333333),.PIECEWISE_BEZIER_KNOTS.) 
CURVE() GEOMETRIC_REPRESENTATION_ITEM() RATIONAL_B_SPLINE_CURVE((1.,
    0.923879532511,1.,0.923879532511,1.,0.923879532511,1.,0.923879532511
,1.)) REPRESENTATION_ITEM('') );
#1892 = CARTESIAN_POINT('',(134.85,63.,1.03125));
#1893 = CARTESIAN_POINT('',(133.60735931288,63.,1.09375));
#1894 = CARTESIAN_POINT('',(132.72867965644,62.12132034356,1.15625));
#1895 = CARTESIAN_POINT('',(131.85,61.242640687119,1.21875));
#1896 = CARTESIAN_POINT('',(131.85,60.,1.28125));
#1897 = CARTESIAN_POINT('',(131.85,58.757359312881,1.34375));
#1898 = CARTESIAN_POINT('',(132.72867965644,57.87867965644,1.40625));
#1899 = CARTESIAN_POINT('',(133.60735931288,57.,1.46875));
#1900 = CARTESIAN_POINT('',(134.85,57.,1.53125));
#1901 = ORIENTED_EDGE('',*,*,#1902,.T.);
#1902 = EDGE_CURVE('',#1889,#1903,#1905,.T.);
#1903 = VERTEX_POINT('',#1904);
#1904 = CARTESIAN_POINT('',(134.85,63.,2.03125));
#1905 = ( BOUNDED_CURVE() B_SPLINE_CURVE(2,(#1906,#1907,#1908,#1909,
    #1910,#1911,#1912,#1913,#1914),.UNSPECIFIED.,.F.,.F.) 
B_SPLINE_CURVE_WITH_KNOTS((3,2,2,2,3),(0.208333333333,0.21875,
0.229166666667,0.239583333333,0.25),.PIECEWISE_BEZIER_KNOTS.) CURVE() 
GEOMETRIC_REPRESENTATION_ITEM() RATIONAL_B_SPLINE_CURVE((1.,
    0.923879532511,1.,0.923879532511,1.,0.923879532511,1.,0.923879532511
,1.)) REPRESENTATION_ITEM('') );
#1906 = CARTESIAN_POINT('',(134.85,57.,1.53125));
#1907 = CARTESIAN_POINT('',(136.09264068711,57.,1.59375));
#1908 = CARTESIAN_POINT('',(136.97132034356,57.87867965644,1.65625));
#1909 = CARTESIAN_POINT('',(137.85,58.757359312881,1.71875));
#1910 = CARTESIAN_POINT('',(137.85,60.,1.78125));
#1911 = CARTESIAN_POINT('',(137.85,61.242640687119,1.84375));
#1912 = CARTESIAN_POINT('',(136.97132034356,62.12132034356,1.90625));
#1913 = CARTESIAN_POINT('',(136.09264068711,63.,1.96875));
#1914 = CARTESIAN_POINT('',(134.85,63.,2.03125));
#1915 = ORIENTED_EDGE('',*,*,#1916,.T.);
#1916 = EDGE_CURVE('',#1903,#1917,#1919,.T.);
#1917 = VERTEX_POINT('',#1918);
#1918 = CARTESIAN_POINT('',(134.85,57.,2.53125));
#1919 = ( BOUNDED_CURVE() B_SPLINE_CURVE(2,(#1920,#1921,#1922,#1923,
    #1924,#1925,#1926,#1927,#1928),.UNSPECIFIED.,.F.,.F.) 
B_SPLINE_CURVE_WITH_KNOTS((3,2,2,2,3),(0.25,0.260416666667,
    0.270833333333,0.28125,0.291666666667),.PIECEWISE_BEZIER_KNOTS.) 
CURVE() GEOMETRIC_REPRESENTATION_ITEM() RATIONAL_B_SPLINE_CURVE((1.,
    0.923879532511,1.,0.923879532511,1.,0.923879532511,1.,0.923879532511
,1.)) REPRESENTATION_ITEM('') );
#1920 = CARTESIAN_POINT('',(134.85,63.,2.03125));
#1921 = CARTESIAN_POINT('',(133.60735931288,63.,2.09375));
#1922 = CARTESIAN_POINT('',(132.72867965644,62.12132034356,2.15625));
#1923 = CARTESIAN_POINT('',(131.85,61.242640687119,2.21875));
#1924 = CARTESIAN_POINT('',(131.85,60.,2.28125));
#1925 = CARTESIAN_POINT('',(131.85,58.757359312881,2.34375));
#1926 = CARTESIAN_POINT('',(132.72867965644,57.87867965644,2.40625));
#1927 = CARTESIAN_POINT('',(133.60735931288,57.,2.46875));
#1928 = CARTESIAN_POINT('',(134.85,57.,2.53125));
#1929 = ORIENTED_EDGE('',*,*,#1930,.T.);
#1930 = EDGE_CURVE('',#1917,#1931,#1933,.T.);
#1931 = VERTEX_POINT('',#1932);
#1932 = CARTESIAN_POINT('',(134.85,63.,3.03125));
#1933 = ( BOUNDED_CURVE() B_SPLINE_CURVE(2,(#1934,#1935,#1936,#1937,
    #1938,#1939,#1940,#1941,#1942),.UNSPECIFIED.,.F.,.F.) 
B_SPLINE_CURVE_WITH_KNOTS((3,2,2,2,3),(0.291666666667,0.302083333333,
    0.3125,0.322916666667,0.333333333333),.PIECEWISE_BEZIER_KNOTS.) 
CURVE() GEOMETRIC_REPRESENTATION_ITEM() RATIONAL_B_SPLINE_CURVE((1.,
    0.923879532511,1.,0.923879532511,1.,0.923879532511,1.,0.923879532511
,1.)) REPRESENTATION_ITEM('') );
#1934 = CARTESIAN_POINT('',(134.85,57.,2.53125));
#1935 = CARTESIAN_POINT('',(136.09264068711,57.,2.59375));
#1936 = CARTESIAN_POINT('',(136.97132034356,57.87867965644,2.65625));
#1937 = CARTESIAN_POINT('',(137.85,58.757359312881,2.71875));
#1938 = CARTESIAN_POINT('',(137.85,60.,2.78125));
#1939 = CARTESIAN_POINT('',(137.85,61.242640687119,2.84375));
#1940 = CARTESIAN_POINT('',(136.97132034356,62.12132034356,2.90625));
#1941 = CARTESIAN_POINT('',(136.09264068711,63.,2.96875));
#1942 = CARTESIAN_POINT('',(134.85,63.,3.03125));
#1943 = ORIENTED_EDGE('',*,*,#1944,.T.);
#1944 = EDGE_CURVE('',#1931,#1945,#1947,.T.);
#1945 = VERTEX_POINT('',#1946);
#1946 = CARTESIAN_POINT('',(134.85,57.,3.53125));
#1947 = ( BOUNDED_CURVE() B_SPLINE_CURVE(2,(#1948,#1949,#1950,#1951,
    #1952,#1953,#1954,#1955,#1956),.UNSPECIFIED.,.F.,.F.) 
B_SPLINE_CURVE_WITH_KNOTS((3,2,2,2,3),(0.333333333333,0.34375,
0.354166666667,0.364583333333,0.375),.PIECEWISE_BEZIER_KNOTS.) CURVE() 
GEOMETRIC_REPRESENTATION_ITEM() RATIONAL_B_SPLINE_CURVE((1.,
    0.923879532511,1.,0.923879532511,1.,0.923879532511,1.,0.923879532511
,1.)) REPRESENTATION_ITEM('') );
#1948 = CARTESIAN_POINT('',(134.85,63.,3.03125));
#1949 = CARTESIAN_POINT('',(133.60735931288,63.,3.09375));
#1950 = CARTESIAN_POINT('',(132.72867965644,62.12132034356,3.15625));
#1951 = CARTESIAN_POINT('',(131.85,61.242640687119,3.21875));
#1952 = CARTESIAN_POINT('',(131.85,60.,3.28125));
#1953 = CARTESIAN_POINT('',(131.85,58.757359312881,3.34375));
#1954 = CARTESIAN_POINT('',(132.72867965644,57.87867965644,3.40625));
#1955 = CARTESIAN_POINT('',(133.60735931288,57.,3.46875));
#1956 = CARTESIAN_POINT('',(134.85,57.,3.53125));
#1957 = ORIENTED_EDGE('',*,*,#1958,.T.);
#1958 = EDGE_CURVE('',#1945,#1959,#1961,.T.);
#1959 = VERTEX_POINT('',#1960);
#1960 = CARTESIAN_POINT('',(134.85,63.,4.03125));
#1961 = ( BOUNDED_CURVE() B_SPLINE_CURVE(2,(#1962,#1963,#1964,#1965,
    #1966,#1967,#1968,#1969,#1970),.UNSPECIFIED.,.F.,.F.) 
B_SPLINE_CURVE_WITH_KNOTS((3,2,2,2,3),(0.375,0.385416666667,
    0.395833333333,0.40625,0.416666666667),.PIECEWISE_BEZIER_KNOTS.) 
CURVE() GEOMETRIC_REPRESENTATION_ITEM() RATIONAL_B_SPLINE_CURVE((1.,
    0.923879532511,1.,0.923879532511,1.,0.923879532511,1.,0.923879532511
,1.)) REPRESENTATION_ITEM('') );
#1962 = CARTESIAN_POINT('',(134.85,57.,3.53125));
#1963 = CARTESIAN_POINT('',(136.09264068711,57.,3.59375));
#1964 = CARTESIAN_POINT('',(136.97132034356,57.87867965644,3.65625));
#1965 = CARTESIAN_POINT('',(137.85,58.757359312881,3.71875));
#1966 = CARTESIAN_POINT('',(137.85,60.,3.78125));
#1967 = CARTESIAN_POINT('',(137.85,61.242640687119,3.84375));
#1968 = CARTESIAN_POINT('',(136.97132034356,62.12132034356,3.90625));
#1969 = CARTESIAN_POINT('',(136.09264068711,63.,3.96875));
#1970 = CARTESIAN_POINT('',(134.85,63.,4.03125));
#1971 = ORIENTED_EDGE('',*,*,#1972,.T.);
#1972 = EDGE_CURVE('',#1959,#473,#1973,.T.);
#1973 = ( BOUNDED_CURVE() B_SPLINE_CURVE(2,(#1974,#1975,#1976,#1977,
    #1978,#1979,#1980,#1981,#1982),.UNSPECIFIED.,.F.,.F.) 
B_SPLINE_CURVE_WITH_KNOTS((3,2,2,2,3),(0.416666666667,0.427083333333,
    0.4375,0.447916666667,0.458333333333),.PIECEWISE_BEZIER_KNOTS.) 
CURVE() GEOMETRIC_REPRESENTATION_ITEM() RATIONAL_B_SPLINE_CURVE((1.,
    0.923879532511,1.,0.923879532511,1.,0.923879532511,1.,0.923879532511
,1.)) REPRESENTATION_ITEM('') );
#1974 = CARTESIAN_POINT('',(134.85,63.,4.03125));
#1975 = CARTESIAN_POINT('',(133.60735931288,63.,4.09375));
#1976 = CARTESIAN_POINT('',(132.72867965644,62.12132034356,4.15625));
#1977 = CARTESIAN_POINT('',(131.85,61.242640687119,4.21875));
#1978 = CARTESIAN_POINT('',(131.85,60.,4.28125));
#1979 = CARTESIAN_POINT('',(131.85,58.757359312881,4.34375));
#1980 = CARTESIAN_POINT('',(132.72867965644,57.87867965644,4.40625));
#1981 = CARTESIAN_POINT('',(133.60735931288,57.,4.46875));
#1982 = CARTESIAN_POINT('',(134.85,57.,4.53125));
#1983 = ORIENTED_EDGE('',*,*,#472,.T.);
#1984 = ( BOUNDED_SURFACE() B_SPLINE_SURFACE(1,2,(
    (#1985,#1986,#1987,#1988,#1989,#1990,#1991,#1992,#1993,#1994,#1995
      ,#1996,#1997,#1998,#1999,#2000,#2001,#2002,#2003,#2004,#2005,#2006
      ,#2007,#2008,#2009,#2010,#2011,#2012,#2013,#2014,#2015,#2016,#2017
      ,#2018,#2019,#2020,#2021,#2022,#2023,#2024,#2025,#2026,#2027,#2028
      ,#2029,#2030,#2031,#2032,#2033,#2034,#2035,#2036,#2037,#2038,#2039
      ,#2040,#2041,#2042,#2043,#2044,#2045,#2046,#2047,#2048,#2049,#2050
      ,#2051,#2052,#2053,#2054,#2055,#2056,#2057,#2058,#2059,#2060,#2061
      ,#2062,#2063,#2064,#2065,#2066,#2067,#2068,#2069,#2070,#2071,#2072
      ,#2073,#2074,#2075,#2076,#2077,#2078,#2079,#2080,#2081,#2082,#2083
      ,#2084,#2085,#2086,#2087,#2088,#2089,#2090,#2091,#2092,#2093,#2094
      ,#2095,#2096,#2097,#2098,#2099,#2100,#2101,#2102,#2103,#2104,#2105
      ,#2106,#2107,#2108,#2109,#2110,#2111,#2112,#2113,#2114,#2115,#2116
      ,#2117,#2118,#2119,#2120,#2121,#2122,#2123,#2124,#2125,#2126,#2127
      ,#2128,#2129,#2130,#2131,#2132,#2133,#2134,#2135,#2136,#2137,#2138
      ,#2139,#2140,#2141,#2142,#2143,#2144,#2145,#2146,#2147,#2148,#2149
      ,#2150,#2151,#2152,#2153,#2154,#2155,#2156,#2157,#2158,#2159,#2160
      ,#2161,#2162,#2163,#2164,#2165,#2166,#2167,#2168,#2169,#2170,#2171
      ,#2172,#2173,#2174,#2175,#2176,#2177)
    ,(#2178,#2179,#2180,#2181,#2182,#2183,#2184,#2185,#2186,#2187,#2188
      ,#2189,#2190,#2191,#2192,#2193,#2194,#2195,#2196,#2197,#2198,#2199
      ,#2200,#2201,#2202,#2203,#2204,#2205,#2206,#2207,#2208,#2209,#2210
      ,#2211,#2212,#2213,#2214,#2215,#2216,#2217,#2218,#2219,#2220,#2221
      ,#2222,#2223,#2224,#2225,#2226,#2227,#2228,#2229,#2230,#2231,#2232
      ,#2233,#2234,#2235,#2236,#2237,#2238,#2239,#2240,#2241,#2242,#2243
      ,#2244,#2245,#2246,#2247,#2248,#2249,#2250,#2251,#2252,#2253,#2254
      ,#2255,#2256,#2257,#2258,#2259,#2260,#2261,#2262,#2263,#2264,#2265
      ,#2266,#2267,#2268,#2269,#2270,#2271,#2272,#2273,#2274,#2275,#2276
      ,#2277,#2278,#2279,#2280,#2281,#2282,#2283,#2284,#2285,#2286,#2287
      ,#2288,#2289,#2290,#2291,#2292,#2293,#2294,#2295,#2296,#2297,#2298
      ,#2299,#2300,#2301,#2302,#2303,#2304,#2305,#2306,#2307,#2308,#2309
      ,#2310,#2311,#2312,#2313,#2314,#2315,#2316,#2317,#2318,#2319,#2320
      ,#2321,#2322,#2323,#2324,#2325,#2326,#2327,#2328,#2329,#2330,#2331
      ,#2332,#2333,#2334,#2335,#2336,#2337,#2338,#2339,#2340,#2341,#2342
      ,#2343,#2344,#2345,#2346,#2347,#2348,#2349,#2350,#2351,#2352,#2353
      ,#2354,#2355,#2356,#2357,#2358,#2359,#2360,#2361,#2362,#2363,#2364
      ,#2365,#2366,#2367,#2368,#2369,#2370
)),.UNSPECIFIED.,.F.,.F.,.F.) B_SPLINE_SURFACE_WITH_KNOTS((2,2),(3,2,2,2
    ,2,2,2,2,2,2,2,2,2,2,2,2,2,2,2,2,2,2,2,2,2,2,2,2,2,2,2,2,2,2,2,2,2,2
    ,2,2,2,2,2,2,2,2,2,2,2,2,2,2,2,2,2,2,2,2,2,2,2,2,2,2,2,2,2,2,2,2,2,2
    ,2,2,2,2,2,2,2,2,2,2,2,2,2,2,2,2,2,2,2,2,2,2,2,2,3),(0.,1.),(0.,
    1.041666666667E-02,2.083333333333E-02,3.125E-02,4.166666666667E-02,
    5.208333333333E-02,6.25E-02,7.291666666667E-02,8.333333333333E-02,
    9.375E-02,0.104166666667,0.114583333333,0.125,0.135416666667,
    0.145833333333,0.15625,0.166666666667,0.177083333333,0.1875,
    0.197916666667,0.208333333333,0.21875,0.229166666667,0.239583333333,
    0.25,0.260416666667,0.270833333333,0.28125,0.291666666667,
    0.302083333333,0.3125,0.322916666667,0.333333333333,0.34375,
    0.354166666667,0.364583333333,0.375,0.385416666667,0.395833333333,
    0.40625,0.416666666667,0.427083333333,0.4375,0.447916666667,
    0.458333333333,0.46875,0.479166666667,0.489583333333,0.5,
    0.510416666667,0.520833333333,0.53125,0.541666666667,0.552083333333,
    0.5625,0.572916666667,0.583333333333,0.59375,0.604166666667,
    0.614583333333,0.625,0.635416666667,0.645833333333,0.65625,
    0.666666666667,0.677083333333,0.6875,0.697916666667,0.708333333333,
    0.71875,0.729166666667,0.739583333333,0.75,0.760416666667,
    0.770833333333,0.78125,0.791666666667,0.802083333333,0.8125,
    0.822916666667,0.833333333333,0.84375,0.854166666667,0.864583333333,
    0.875,0.885416666667,0.895833333333,0.90625,0.916666666667,
    0.927083333333,0.9375,0.947916666667,0.958333333333,0.96875,
    0.979166666667,0.989583333333,1.),.PIECEWISE_BEZIER_KNOTS.) 
GEOMETRIC_REPRESENTATION_ITEM() RATIONAL_B_SPLINE_SURFACE((
    (1.,0.923879532511,1.,0.923879532511,1.,0.923879532511,1.
      ,0.923879532511,1.,0.923879532511,1.,0.923879532511,1.
      ,0.923879532511,1.,0.923879532511,1.,0.923879532511,1.
      ,0.923879532511,1.,0.923879532511,1.,0.923879532511,1.
      ,0.923879532511,1.,0.923879532511,1.,0.923879532511,1.
      ,0.923879532511,1.,0.923879532511,1.,0.923879532511,1.
      ,0.923879532511,1.,0.923879532511,1.,0.923879532511,1.
      ,0.923879532511,1.,0.923879532511,1.,0.923879532511,1.
      ,0.923879532511,1.,0.923879532511,1.,0.923879532511,1.
      ,0.923879532511,1.,0.923879532511,1.,0.923879532511,1.
      ,0.923879532511,1.,0.923879532511,1.,0.923879532511,1.
      ,0.923879532511,1.,0.923879532511,1.,0.923879532511,1.
      ,0.923879532511,1.,0.923879532511,1.,0.923879532511,1.
      ,0.923879532511,1.,0.923879532511,1.,0.923879532511,1.
      ,0.923879532511,1.,0.923879532511,1.,0.923879532511,1.
      ,0.923879532511,1.,0.923879532511,1.,0.923879532511,1.
      ,0.923879532511,1.,0.923879532511,1.,0.923879532511,1.
      ,0.923879532511,1.,0.923879532511,1.,0.923879532511,1.
      ,0.923879532511,1.,0.923879532511,1.,0.923879532511,1.
      ,0.923879532511,1.,0.923879532511,1.,0.923879532511,1.
      ,0.923879532511,1.,0.923879532511,1.,0.923879532511,1.
      ,0.923879532511,1.,0.923879532511,1.,0.923879532511,1.
      ,0.923879532511,1.,0.923879532511,1.,0.923879532511,1.
      ,0.923879532511,1.,0.923879532511,1.,0.923879532511,1.
      ,0.923879532511,1.,0.923879532511,1.,0.923879532511,1.
      ,0.923879532511,1.,0.923879532511,1.,0.923879532511,1.
      ,0.923879532511,1.,0.923879532511,1.,0.923879532511,1.
      ,0.923879532511,1.,0.923879532511,1.,0.923879532511,1.
      ,0.923879532511,1.,0.923879532511,1.,0.923879532511,1.
      ,0.923879532511,1.,0.923879532511,1.,0.923879532511,1.
      ,0.923879532511,1.,0.923879532511,1.,0.923879532511,1.
      ,0.923879532511,1.,0.923879532511,1.,0.923879532511,1.)
    ,(1.,0.923879532511,1.,0.923879532511,1.,0.923879532511,1.
      ,0.923879532511,1.,0.923879532511,1.,0.923879532511,1.
      ,0.923879532511,1.,0.923879532511,1.,0.923879532511,1.
      ,0.923879532511,1.,0.923879532511,1.,0.923879532511,1.
      ,0.923879532511,1.,0.923879532511,1.,0.923879532511,1.
      ,0.923879532511,1.,0.923879532511,1.,0.923879532511,1.
      ,0.923879532511,1.,0.923879532511,1.,0.923879532511,1.
      ,0.923879532511,1.,0.923879532511,1.,0.923879532511,1.
      ,0.923879532511,1.,0.923879532511,1.,0.923879532511,1.
      ,0.923879532511,1.,0.923879532511,1.,0.923879532511,1.
      ,0.923879532511,1.,0.923879532511,1.,0.923879532511,1.
      ,0.923879532511,1.,0.923879532511,1.,0.923879532511,1.
      ,0.923879532511,1.,0.923879532511,1.,0.923879532511,1.
      ,0.923879532511,1.,0.923879532511,1.,0.923879532511,1.
      ,0.923879532511,1.,0.923879532511,1.,0.923879532511,1.
      ,0.923879532511,1.,0.923879532511,1.,0.923879532511,1.
      ,0.923879532511,1.,0.923879532511,1.,0.923879532511,1.
      ,0.923879532511,1.,0.923879532511,1.,0.923879532511,1.
      ,0.923879532511,1.,0.923879532511,1.,0.923879532511,1.
      ,0.923879532511,1.,0.923879532511,1.,0.923879532511,1.
      ,0.923879532511,1.,0.923879532511,1.,0.923879532511,1.
      ,0.923879532511,1.,0.923879532511,1.,0.923879532511,1.
      ,0.923879532511,1.,0.923879532511,1.,0.923879532511,1.
      ,0.923879532511,1.,0.923879532511,1.,0.923879532511,1.
      ,0.923879532511,1.,0.923879532511,1.,0.923879532511,1.
      ,0.923879532511,1.,0.923879532511,1.,0.923879532511,1.
      ,0.923879532511,1.,0.923879532511,1.,0.923879532511,1.
      ,0.923879532511,1.,0.923879532511,1.,0.923879532511,1.
      ,0.923879532511,1.,0.923879532511,1.,0.923879532511,1.
      ,0.923879532511,1.,0.923879532511,1.,0.923879532511,1.
      ,0.923879532511,1.,0.923879532511,1.,0.923879532511,1.
      ,0.923879532511,1.,0.923879532511,1.,0.923879532511,1.
))) REPRESENTATION_ITEM('') SURFACE() );
#1985 = CARTESIAN_POINT('',(134.85,62.350480947162,-0.59375));
#1986 = CARTESIAN_POINT('',(133.87639891358,62.350480947162,-0.53125));
#1987 = CARTESIAN_POINT('',(133.18795898321,61.662041016788,-0.46875));
#1988 = CARTESIAN_POINT('',(132.49951905283,60.973601086414,-0.40625));
#1989 = CARTESIAN_POINT('',(132.49951905283,60.,-0.34375));
#1990 = CARTESIAN_POINT('',(132.49951905283,59.026398913586,-0.28125));
#1991 = CARTESIAN_POINT('',(133.18795898321,58.337958983212,-0.21875));
#1992 = CARTESIAN_POINT('',(133.87639891358,57.649519052838,-0.15625));
#1993 = CARTESIAN_POINT('',(134.85,57.649519052838,-9.375E-02));
#1994 = CARTESIAN_POINT('',(135.82360108641,57.649519052838,-3.125E-02)
  );
#1995 = CARTESIAN_POINT('',(136.51204101678,58.337958983212,3.125E-02));
#1996 = CARTESIAN_POINT('',(137.20048094716,59.026398913586,9.375E-02));
#1997 = CARTESIAN_POINT('',(137.20048094716,60.,0.15625));
#1998 = CARTESIAN_POINT('',(137.20048094716,60.973601086414,0.21875));
#1999 = CARTESIAN_POINT('',(136.51204101678,61.662041016788,0.28125));
#2000 = CARTESIAN_POINT('',(135.82360108641,62.350480947162,0.34375));
#2001 = CARTESIAN_POINT('',(134.85,62.350480947162,0.40625));
#2002 = CARTESIAN_POINT('',(133.87639891358,62.350480947162,0.46875));
#2003 = CARTESIAN_POINT('',(133.18795898321,61.662041016788,0.53125));
#2004 = CARTESIAN_POINT('',(132.49951905283,60.973601086414,0.59375));
#2005 = CARTESIAN_POINT('',(132.49951905283,60.,0.65625));
#2006 = CARTESIAN_POINT('',(132.49951905283,59.026398913586,0.71875));
#2007 = CARTESIAN_POINT('',(133.18795898321,58.337958983212,0.78125));
#2008 = CARTESIAN_POINT('',(133.87639891358,57.649519052838,0.84375));
#2009 = CARTESIAN_POINT('',(134.85,57.649519052838,0.90625));
#2010 = CARTESIAN_POINT('',(135.82360108641,57.649519052838,0.96875));
#2011 = CARTESIAN_POINT('',(136.51204101678,58.337958983212,1.03125));
#2012 = CARTESIAN_POINT('',(137.20048094716,59.026398913586,1.09375));
#2013 = CARTESIAN_POINT('',(137.20048094716,60.,1.15625));
#2014 = CARTESIAN_POINT('',(137.20048094716,60.973601086414,1.21875));
#2015 = CARTESIAN_POINT('',(136.51204101678,61.662041016788,1.28125));
#2016 = CARTESIAN_POINT('',(135.82360108641,62.350480947162,1.34375));
#2017 = CARTESIAN_POINT('',(134.85,62.350480947162,1.40625));
#2018 = CARTESIAN_POINT('',(133.87639891358,62.350480947162,1.46875));
#2019 = CARTESIAN_POINT('',(133.18795898321,61.662041016788,1.53125));
#2020 = CARTESIAN_POINT('',(132.49951905283,60.973601086414,1.59375));
#2021 = CARTESIAN_POINT('',(132.49951905283,60.,1.65625));
#2022 = CARTESIAN_POINT('',(132.49951905283,59.026398913586,1.71875));
#2023 = CARTESIAN_POINT('',(133.18795898321,58.337958983212,1.78125));
#2024 = CARTESIAN_POINT('',(133.87639891358,57.649519052838,1.84375));
#2025 = CARTESIAN_POINT('',(134.85,57.649519052838,1.90625));
#2026 = CARTESIAN_POINT('',(135.82360108641,57.649519052838,1.96875));
#2027 = CARTESIAN_POINT('',(136.51204101678,58.337958983212,2.03125));
#2028 = CARTESIAN_POINT('',(137.20048094716,59.026398913586,2.09375));
#2029 = CARTESIAN_POINT('',(137.20048094716,60.,2.15625));
#2030 = CARTESIAN_POINT('',(137.20048094716,60.973601086414,2.21875));
#2031 = CARTESIAN_POINT('',(136.51204101678,61.662041016788,2.28125));
#2032 = CARTESIAN_POINT('',(135.82360108641,62.350480947162,2.34375));
#2033 = CARTESIAN_POINT('',(134.85,62.350480947162,2.40625));
#2034 = CARTESIAN_POINT('',(133.87639891358,62.350480947162,2.46875));
#2035 = CARTESIAN_POINT('',(133.18795898321,61.662041016788,2.53125));
#2036 = CARTESIAN_POINT('',(132.49951905283,60.973601086414,2.59375));
#2037 = CARTESIAN_POINT('',(132.49951905283,60.,2.65625));
#2038 = CARTESIAN_POINT('',(132.49951905283,59.026398913586,2.71875));
#2039 = CARTESIAN_POINT('',(133.18795898321,58.337958983212,2.78125));
#2040 = CARTESIAN_POINT('',(133.87639891358,57.649519052838,2.84375));
#2041 = CARTESIAN_POINT('',(134.85,57.649519052838,2.90625));
#2042 = CARTESIAN_POINT('',(135.82360108641,57.649519052838,2.96875));
#2043 = CARTESIAN_POINT('',(136.51204101678,58.337958983212,3.03125));
#2044 = CARTESIAN_POINT('',(137.20048094716,59.026398913586,3.09375));
#2045 = CARTESIAN_POINT('',(137.20048094716,60.,3.15625));
#2046 = CARTESIAN_POINT('',(137.20048094716,60.973601086414,3.21875));
#2047 = CARTESIAN_POINT('',(136.51204101678,61.662041016788,3.28125));
#2048 = CARTESIAN_POINT('',(135.82360108641,62.350480947162,3.34375));
#2049 = CARTESIAN_POINT('',(134.85,62.350480947162,3.40625));
#2050 = CARTESIAN_POINT('',(133.87639891358,62.350480947162,3.46875));
#2051 = CARTESIAN_POINT('',(133.18795898321,61.662041016788,3.53125));
#2052 = CARTESIAN_POINT('',(132.49951905283,60.973601086414,3.59375));
#2053 = CARTESIAN_POINT('',(132.49951905283,60.,3.65625));
#2054 = CARTESIAN_POINT('',(132.49951905283,59.026398913586,3.71875));
#2055 = CARTESIAN_POINT('',(133.18795898321,58.337958983212,3.78125));
#2056 = CARTESIAN_POINT('',(133.87639891358,57.649519052838,3.84375));
#2057 = CARTESIAN_POINT('',(134.85,57.649519052838,3.90625));
#2058 = CARTESIAN_POINT('',(135.82360108641,57.649519052838,3.96875));
#2059 = CARTESIAN_POINT('',(136.51204101678,58.337958983212,4.03125));
#2060 = CARTESIAN_POINT('',(137.20048094716,59.026398913586,4.09375));
#2061 = CARTESIAN_POINT('',(137.20048094716,60.,4.15625));
#2062 = CARTESIAN_POINT('',(137.20048094716,60.973601086414,4.21875));
#2063 = CARTESIAN_POINT('',(136.51204101678,61.662041016788,4.28125));
#2064 = CARTESIAN_POINT('',(135.82360108641,62.350480947162,4.34375));
#2065 = CARTESIAN_POINT('',(134.85,62.350480947162,4.40625));
#2066 = CARTESIAN_POINT('',(133.87639891358,62.350480947162,4.46875));
#2067 = CARTESIAN_POINT('',(133.18795898321,61.662041016788,4.53125));
#2068 = CARTESIAN_POINT('',(132.49951905283,60.973601086414,4.59375));
#2069 = CARTESIAN_POINT('',(132.49951905283,60.,4.65625));
#2070 = CARTESIAN_POINT('',(132.49951905283,59.026398913586,4.71875));
#2071 = CARTESIAN_POINT('',(133.18795898321,58.337958983212,4.78125));
#2072 = CARTESIAN_POINT('',(133.87639891358,57.649519052838,4.84375));
#2073 = CARTESIAN_POINT('',(134.85,57.649519052838,4.90625));
#2074 = CARTESIAN_POINT('',(135.82360108641,57.649519052838,4.96875));
#2075 = CARTESIAN_POINT('',(136.51204101678,58.337958983212,5.03125));
#2076 = CARTESIAN_POINT('',(137.20048094716,59.026398913586,5.09375));
#2077 = CARTESIAN_POINT('',(137.20048094716,60.,5.15625));
#2078 = CARTESIAN_POINT('',(137.20048094716,60.973601086414,5.21875));
#2079 = CARTESIAN_POINT('',(136.51204101678,61.662041016788,5.28125));
#2080 = CARTESIAN_POINT('',(135.82360108641,62.350480947162,5.34375));
#2081 = CARTESIAN_POINT('',(134.85,62.350480947162,5.40625));
#2082 = CARTESIAN_POINT('',(133.87639891358,62.350480947162,5.46875));
#2083 = CARTESIAN_POINT('',(133.18795898321,61.662041016788,5.53125));
#2084 = CARTESIAN_POINT('',(132.49951905283,60.973601086414,5.59375));
#2085 = CARTESIAN_POINT('',(132.49951905283,60.,5.65625));
#2086 = CARTESIAN_POINT('',(132.49951905283,59.026398913586,5.71875));
#2087 = CARTESIAN_POINT('',(133.18795898321,58.337958983212,5.78125));
#2088 = CARTESIAN_POINT('',(133.87639891358,57.649519052838,5.84375));
#2089 = CARTESIAN_POINT('',(134.85,57.649519052838,5.90625));
#2090 = CARTESIAN_POINT('',(135.82360108641,57.649519052838,5.96875));
#2091 = CARTESIAN_POINT('',(136.51204101678,58.337958983212,6.03125));
#2092 = CARTESIAN_POINT('',(137.20048094716,59.026398913586,6.09375));
#2093 = CARTESIAN_POINT('',(137.20048094716,60.,6.15625));
#2094 = CARTESIAN_POINT('',(137.20048094716,60.973601086414,6.21875));
#2095 = CARTESIAN_POINT('',(136.51204101678,61.662041016788,6.28125));
#2096 = CARTESIAN_POINT('',(135.82360108641,62.350480947162,6.34375));
#2097 = CARTESIAN_POINT('',(134.85,62.350480947162,6.40625));
#2098 = CARTESIAN_POINT('',(133.87639891358,62.350480947162,6.46875));
#2099 = CARTESIAN_POINT('',(133.18795898321,61.662041016788,6.53125));
#2100 = CARTESIAN_POINT('',(132.49951905283,60.973601086414,6.59375));
#2101 = CARTESIAN_POINT('',(132.49951905283,60.,6.65625));
#2102 = CARTESIAN_POINT('',(132.49951905283,59.026398913586,6.71875));
#2103 = CARTESIAN_POINT('',(133.18795898321,58.337958983212,6.78125));
#2104 = CARTESIAN_POINT('',(133.87639891358,57.649519052838,6.84375));
#2105 = CARTESIAN_POINT('',(134.85,57.649519052838,6.90625));
#2106 = CARTESIAN_POINT('',(135.82360108641,57.649519052838,6.96875));
#2107 = CARTESIAN_POINT('',(136.51204101678,58.337958983212,7.03125));
#2108 = CARTESIAN_POINT('',(137.20048094716,59.026398913586,7.09375));
#2109 = CARTESIAN_POINT('',(137.20048094716,60.,7.15625));
#2110 = CARTESIAN_POINT('',(137.20048094716,60.973601086414,7.21875));
#2111 = CARTESIAN_POINT('',(136.51204101678,61.662041016788,7.28125));
#2112 = CARTESIAN_POINT('',(135.82360108641,62.350480947162,7.34375));
#2113 = CARTESIAN_POINT('',(134.85,62.350480947162,7.40625));
#2114 = CARTESIAN_POINT('',(133.87639891358,62.350480947162,7.46875));
#2115 = CARTESIAN_POINT('',(133.18795898321,61.662041016788,7.53125));
#2116 = CARTESIAN_POINT('',(132.49951905283,60.973601086414,7.59375));
#2117 = CARTESIAN_POINT('',(132.49951905283,60.,7.65625));
#2118 = CARTESIAN_POINT('',(132.49951905283,59.026398913586,7.71875));
#2119 = CARTESIAN_POINT('',(133.18795898321,58.337958983212,7.78125));
#2120 = CARTESIAN_POINT('',(133.87639891358,57.649519052838,7.84375));
#2121 = CARTESIAN_POINT('',(134.85,57.649519052838,7.90625));
#2122 = CARTESIAN_POINT('',(135.82360108641,57.649519052838,7.96875));
#2123 = CARTESIAN_POINT('',(136.51204101678,58.337958983212,8.03125));
#2124 = CARTESIAN_POINT('',(137.20048094716,59.026398913586,8.09375));
#2125 = CARTESIAN_POINT('',(137.20048094716,60.,8.15625));
#2126 = CARTESIAN_POINT('',(137.20048094716,60.973601086414,8.21875));
#2127 = CARTESIAN_POINT('',(136.51204101678,61.662041016788,8.28125));
#2128 = CARTESIAN_POINT('',(135.82360108641,62.350480947162,8.34375));
#2129 = CARTESIAN_POINT('',(134.85,62.350480947162,8.40625));
#2130 = CARTESIAN_POINT('',(133.87639891358,62.350480947162,8.46875));
#2131 = CARTESIAN_POINT('',(133.18795898321,61.662041016788,8.53125));
#2132 = CARTESIAN_POINT('',(132.49951905283,60.973601086414,8.59375));
#2133 = CARTESIAN_POINT('',(132.49951905283,60.,8.65625));
#2134 = CARTESIAN_POINT('',(132.49951905283,59.026398913586,8.71875));
#2135 = CARTESIAN_POINT('',(133.18795898321,58.337958983212,8.78125));
#2136 = CARTESIAN_POINT('',(133.87639891358,57.649519052838,8.84375));
#2137 = CARTESIAN_POINT('',(134.85,57.649519052838,8.90625));
#2138 = CARTESIAN_POINT('',(135.82360108641,57.649519052838,8.96875));
#2139 = CARTESIAN_POINT('',(136.51204101678,58.337958983212,9.03125));
#2140 = CARTESIAN_POINT('',(137.20048094716,59.026398913586,9.09375));
#2141 = CARTESIAN_POINT('',(137.20048094716,60.,9.15625));
#2142 = CARTESIAN_POINT('',(137.20048094716,60.973601086414,9.21875));
#2143 = CARTESIAN_POINT('',(136.51204101678,61.662041016788,9.28125));
#2144 = CARTESIAN_POINT('',(135.82360108641,62.350480947162,9.34375));
#2145 = CARTESIAN_POINT('',(134.85,62.350480947162,9.40625));
#2146 = CARTESIAN_POINT('',(133.87639891358,62.350480947162,9.46875));
#2147 = CARTESIAN_POINT('',(133.18795898321,61.662041016788,9.53125));
#2148 = CARTESIAN_POINT('',(132.49951905283,60.973601086414,9.59375));
#2149 = CARTESIAN_POINT('',(132.49951905283,60.,9.65625));
#2150 = CARTESIAN_POINT('',(132.49951905283,59.026398913586,9.71875));
#2151 = CARTESIAN_POINT('',(133.18795898321,58.337958983212,9.78125));
#2152 = CARTESIAN_POINT('',(133.87639891358,57.649519052838,9.84375));
#2153 = CARTESIAN_POINT('',(134.85,57.649519052838,9.90625));
#2154 = CARTESIAN_POINT('',(135.82360108641,57.649519052838,9.96875));
#2155 = CARTESIAN_POINT('',(136.51204101678,58.337958983212,10.03125));
#2156 = CARTESIAN_POINT('',(137.20048094716,59.026398913586,10.09375));
#2157 = CARTESIAN_POINT('',(137.20048094716,60.,10.15625));
#2158 = CARTESIAN_POINT('',(137.20048094716,60.973601086414,10.21875));
#2159 = CARTESIAN_POINT('',(136.51204101678,61.662041016788,10.28125));
#2160 = CARTESIAN_POINT('',(135.82360108641,62.350480947162,10.34375));
#2161 = CARTESIAN_POINT('',(134.85,62.350480947162,10.40625));
#2162 = CARTESIAN_POINT('',(133.87639891358,62.350480947162,10.46875));
#2163 = CARTESIAN_POINT('',(133.18795898321,61.662041016788,10.53125));
#2164 = CARTESIAN_POINT('',(132.49951905283,60.973601086414,10.59375));
#2165 = CARTESIAN_POINT('',(132.49951905283,60.,10.65625));
#2166 = CARTESIAN_POINT('',(132.49951905283,59.026398913586,10.71875));
#2167 = CARTESIAN_POINT('',(133.18795898321,58.337958983212,10.78125));
#2168 = CARTESIAN_POINT('',(133.87639891358,57.649519052838,10.84375));
#2169 = CARTESIAN_POINT('',(134.85,57.649519052838,10.90625));
#2170 = CARTESIAN_POINT('',(135.82360108641,57.649519052838,10.96875));
#2171 = CARTESIAN_POINT('',(136.51204101678,58.337958983212,11.03125));
#2172 = CARTESIAN_POINT('',(137.20048094716,59.026398913586,11.09375));
#2173 = CARTESIAN_POINT('',(137.20048094716,60.,11.15625));
#2174 = CARTESIAN_POINT('',(137.20048094716,60.973601086414,11.21875));
#2175 = CARTESIAN_POINT('',(136.51204101678,61.662041016788,11.28125));
#2176 = CARTESIAN_POINT('',(135.82360108641,62.350480947162,11.34375));
#2177 = CARTESIAN_POINT('',(134.85,62.350480947162,11.40625));
#2178 = CARTESIAN_POINT('',(134.85,63.054126587737,-1.));
#2179 = CARTESIAN_POINT('',(133.58493934615,63.054126587737,-0.9375));
#2180 = CARTESIAN_POINT('',(132.6904063792,62.159593620791,-0.875));
#2181 = CARTESIAN_POINT('',(131.79587341226,61.265060653845,-0.8125));
#2182 = CARTESIAN_POINT('',(131.79587341226,60.,-0.75));
#2183 = CARTESIAN_POINT('',(131.79587341226,58.734939346155,-0.6875));
#2184 = CARTESIAN_POINT('',(132.6904063792,57.840406379209,-0.625));
#2185 = CARTESIAN_POINT('',(133.58493934615,56.945873412263,-0.5625));
#2186 = CARTESIAN_POINT('',(134.85,56.945873412263,-0.5));
#2187 = CARTESIAN_POINT('',(136.11506065384,56.945873412263,-0.4375));
#2188 = CARTESIAN_POINT('',(137.00959362079,57.840406379209,-0.375));
#2189 = CARTESIAN_POINT('',(137.90412658773,58.734939346155,-0.3125));
#2190 = CARTESIAN_POINT('',(137.90412658773,60.,-0.25));
#2191 = CARTESIAN_POINT('',(137.90412658773,61.265060653845,-0.1875));
#2192 = CARTESIAN_POINT('',(137.00959362079,62.159593620791,-0.125));
#2193 = CARTESIAN_POINT('',(136.11506065384,63.054126587737,-6.25E-02));
#2194 = CARTESIAN_POINT('',(134.85,63.054126587737,8.881784197001E-16));
#2195 = CARTESIAN_POINT('',(133.58493934615,63.054126587737,6.25E-02));
#2196 = CARTESIAN_POINT('',(132.6904063792,62.159593620791,0.125));
#2197 = CARTESIAN_POINT('',(131.79587341226,61.265060653845,0.1875));
#2198 = CARTESIAN_POINT('',(131.79587341226,60.,0.25));
#2199 = CARTESIAN_POINT('',(131.79587341226,58.734939346155,0.3125));
#2200 = CARTESIAN_POINT('',(132.6904063792,57.840406379209,0.375));
#2201 = CARTESIAN_POINT('',(133.58493934615,56.945873412263,0.4375));
#2202 = CARTESIAN_POINT('',(134.85,56.945873412263,0.5));
#2203 = CARTESIAN_POINT('',(136.11506065384,56.945873412263,0.5625));
#2204 = CARTESIAN_POINT('',(137.00959362079,57.840406379209,0.625));
#2205 = CARTESIAN_POINT('',(137.90412658773,58.734939346155,0.6875));
#2206 = CARTESIAN_POINT('',(137.90412658773,60.,0.75));
#2207 = CARTESIAN_POINT('',(137.90412658773,61.265060653845,0.8125));
#2208 = CARTESIAN_POINT('',(137.00959362079,62.159593620791,0.875));
#2209 = CARTESIAN_POINT('',(136.11506065384,63.054126587737,0.9375));
#2210 = CARTESIAN_POINT('',(134.85,63.054126587737,1.));
#2211 = CARTESIAN_POINT('',(133.58493934615,63.054126587737,1.0625));
#2212 = CARTESIAN_POINT('',(132.6904063792,62.159593620791,1.125));
#2213 = CARTESIAN_POINT('',(131.79587341226,61.265060653845,1.1875));
#2214 = CARTESIAN_POINT('',(131.79587341226,60.,1.25));
#2215 = CARTESIAN_POINT('',(131.79587341226,58.734939346155,1.3125));
#2216 = CARTESIAN_POINT('',(132.6904063792,57.840406379209,1.375));
#2217 = CARTESIAN_POINT('',(133.58493934615,56.945873412263,1.4375));
#2218 = CARTESIAN_POINT('',(134.85,56.945873412263,1.5));
#2219 = CARTESIAN_POINT('',(136.11506065384,56.945873412263,1.5625));
#2220 = CARTESIAN_POINT('',(137.00959362079,57.840406379209,1.625));
#2221 = CARTESIAN_POINT('',(137.90412658773,58.734939346155,1.6875));
#2222 = CARTESIAN_POINT('',(137.90412658773,60.,1.75));
#2223 = CARTESIAN_POINT('',(137.90412658773,61.265060653845,1.8125));
#2224 = CARTESIAN_POINT('',(137.00959362079,62.159593620791,1.875));
#2225 = CARTESIAN_POINT('',(136.11506065384,63.054126587737,1.9375));
#2226 = CARTESIAN_POINT('',(134.85,63.054126587737,2.));
#2227 = CARTESIAN_POINT('',(133.58493934615,63.054126587737,2.0625));
#2228 = CARTESIAN_POINT('',(132.6904063792,62.159593620791,2.125));
#2229 = CARTESIAN_POINT('',(131.79587341226,61.265060653845,2.1875));
#2230 = CARTESIAN_POINT('',(131.79587341226,60.,2.25));
#2231 = CARTESIAN_POINT('',(131.79587341226,58.734939346155,2.3125));
#2232 = CARTESIAN_POINT('',(132.6904063792,57.840406379209,2.375));
#2233 = CARTESIAN_POINT('',(133.58493934615,56.945873412263,2.4375));
#2234 = CARTESIAN_POINT('',(134.85,56.945873412263,2.5));
#2235 = CARTESIAN_POINT('',(136.11506065384,56.945873412263,2.5625));
#2236 = CARTESIAN_POINT('',(137.00959362079,57.840406379209,2.625));
#2237 = CARTESIAN_POINT('',(137.90412658773,58.734939346155,2.6875));
#2238 = CARTESIAN_POINT('',(137.90412658773,60.,2.75));
#2239 = CARTESIAN_POINT('',(137.90412658773,61.265060653845,2.8125));
#2240 = CARTESIAN_POINT('',(137.00959362079,62.159593620791,2.875));
#2241 = CARTESIAN_POINT('',(136.11506065384,63.054126587737,2.9375));
#2242 = CARTESIAN_POINT('',(134.85,63.054126587737,3.));
#2243 = CARTESIAN_POINT('',(133.58493934615,63.054126587737,3.0625));
#2244 = CARTESIAN_POINT('',(132.6904063792,62.159593620791,3.125));
#2245 = CARTESIAN_POINT('',(131.79587341226,61.265060653845,3.1875));
#2246 = CARTESIAN_POINT('',(131.79587341226,60.,3.25));
#2247 = CARTESIAN_POINT('',(131.79587341226,58.734939346155,3.3125));
#2248 = CARTESIAN_POINT('',(132.6904063792,57.840406379209,3.375));
#2249 = CARTESIAN_POINT('',(133.58493934615,56.945873412263,3.4375));
#2250 = CARTESIAN_POINT('',(134.85,56.945873412263,3.5));
#2251 = CARTESIAN_POINT('',(136.11506065384,56.945873412263,3.5625));
#2252 = CARTESIAN_POINT('',(137.00959362079,57.840406379209,3.625));
#2253 = CARTESIAN_POINT('',(137.90412658773,58.734939346155,3.6875));
#2254 = CARTESIAN_POINT('',(137.90412658773,60.,3.75));
#2255 = CARTESIAN_POINT('',(137.90412658773,61.265060653845,3.8125));
#2256 = CARTESIAN_POINT('',(137.00959362079,62.159593620791,3.875));
#2257 = CARTESIAN_POINT('',(136.11506065384,63.054126587737,3.9375));
#2258 = CARTESIAN_POINT('',(134.85,63.054126587737,4.));
#2259 = CARTESIAN_POINT('',(133.58493934615,63.054126587737,4.0625));
#2260 = CARTESIAN_POINT('',(132.6904063792,62.159593620791,4.125));
#2261 = CARTESIAN_POINT('',(131.79587341226,61.265060653845,4.1875));
#2262 = CARTESIAN_POINT('',(131.79587341226,60.,4.25));
#2263 = CARTESIAN_POINT('',(131.79587341226,58.734939346155,4.3125));
#2264 = CARTESIAN_POINT('',(132.6904063792,57.840406379209,4.375));
#2265 = CARTESIAN_POINT('',(133.58493934615,56.945873412263,4.4375));
#2266 = CARTESIAN_POINT('',(134.85,56.945873412263,4.5));
#2267 = CARTESIAN_POINT('',(136.11506065384,56.945873412263,4.5625));
#2268 = CARTESIAN_POINT('',(137.00959362079,57.840406379209,4.625));
#2269 = CARTESIAN_POINT('',(137.90412658773,58.734939346155,4.6875));
#2270 = CARTESIAN_POINT('',(137.90412658773,60.,4.75));
#2271 = CARTESIAN_POINT('',(137.90412658773,61.265060653845,4.8125));
#2272 = CARTESIAN_POINT('',(137.00959362079,62.159593620791,4.875));
#2273 = CARTESIAN_POINT('',(136.11506065384,63.054126587737,4.9375));
#2274 = CARTESIAN_POINT('',(134.85,63.054126587737,5.));
#2275 = CARTESIAN_POINT('',(133.58493934615,63.054126587737,5.0625));
#2276 = CARTESIAN_POINT('',(132.6904063792,62.159593620791,5.125));
#2277 = CARTESIAN_POINT('',(131.79587341226,61.265060653845,5.1875));
#2278 = CARTESIAN_POINT('',(131.79587341226,60.,5.25));
#2279 = CARTESIAN_POINT('',(131.79587341226,58.734939346155,5.3125));
#2280 = CARTESIAN_POINT('',(132.6904063792,57.840406379209,5.375));
#2281 = CARTESIAN_POINT('',(133.58493934615,56.945873412263,5.4375));
#2282 = CARTESIAN_POINT('',(134.85,56.945873412263,5.5));
#2283 = CARTESIAN_POINT('',(136.11506065384,56.945873412263,5.5625));
#2284 = CARTESIAN_POINT('',(137.00959362079,57.840406379209,5.625));
#2285 = CARTESIAN_POINT('',(137.90412658773,58.734939346155,5.6875));
#2286 = CARTESIAN_POINT('',(137.90412658773,60.,5.75));
#2287 = CARTESIAN_POINT('',(137.90412658773,61.265060653845,5.8125));
#2288 = CARTESIAN_POINT('',(137.00959362079,62.159593620791,5.875));
#2289 = CARTESIAN_POINT('',(136.11506065384,63.054126587737,5.9375));
#2290 = CARTESIAN_POINT('',(134.85,63.054126587737,6.));
#2291 = CARTESIAN_POINT('',(133.58493934615,63.054126587737,6.0625));
#2292 = CARTESIAN_POINT('',(132.6904063792,62.159593620791,6.125));
#2293 = CARTESIAN_POINT('',(131.79587341226,61.265060653845,6.1875));
#2294 = CARTESIAN_POINT('',(131.79587341226,60.,6.25));
#2295 = CARTESIAN_POINT('',(131.79587341226,58.734939346155,6.3125));
#2296 = CARTESIAN_POINT('',(132.6904063792,57.840406379209,6.375));
#2297 = CARTESIAN_POINT('',(133.58493934615,56.945873412263,6.4375));
#2298 = CARTESIAN_POINT('',(134.85,56.945873412263,6.5));
#2299 = CARTESIAN_POINT('',(136.11506065384,56.945873412263,6.5625));
#2300 = CARTESIAN_POINT('',(137.00959362079,57.840406379209,6.625));
#2301 = CARTESIAN_POINT('',(137.90412658773,58.734939346155,6.6875));
#2302 = CARTESIAN_POINT('',(137.90412658773,60.,6.75));
#2303 = CARTESIAN_POINT('',(137.90412658773,61.265060653845,6.8125));
#2304 = CARTESIAN_POINT('',(137.00959362079,62.159593620791,6.875));
#2305 = CARTESIAN_POINT('',(136.11506065384,63.054126587737,6.9375));
#2306 = CARTESIAN_POINT('',(134.85,63.054126587737,7.));
#2307 = CARTESIAN_POINT('',(133.58493934615,63.054126587737,7.0625));
#2308 = CARTESIAN_POINT('',(132.6904063792,62.159593620791,7.125));
#2309 = CARTESIAN_POINT('',(131.79587341226,61.265060653845,7.1875));
#2310 = CARTESIAN_POINT('',(131.79587341226,60.,7.25));
#2311 = CARTESIAN_POINT('',(131.79587341226,58.734939346155,7.3125));
#2312 = CARTESIAN_POINT('',(132.6904063792,57.840406379209,7.375));
#2313 = CARTESIAN_POINT('',(133.58493934615,56.945873412263,7.4375));
#2314 = CARTESIAN_POINT('',(134.85,56.945873412263,7.5));
#2315 = CARTESIAN_POINT('',(136.11506065384,56.945873412263,7.5625));
#2316 = CARTESIAN_POINT('',(137.00959362079,57.840406379209,7.625));
#2317 = CARTESIAN_POINT('',(137.90412658773,58.734939346155,7.6875));
#2318 = CARTESIAN_POINT('',(137.90412658773,60.,7.75));
#2319 = CARTESIAN_POINT('',(137.90412658773,61.265060653845,7.8125));
#2320 = CARTESIAN_POINT('',(137.00959362079,62.159593620791,7.875));
#2321 = CARTESIAN_POINT('',(136.11506065384,63.054126587737,7.9375));
#2322 = CARTESIAN_POINT('',(134.85,63.054126587737,8.));
#2323 = CARTESIAN_POINT('',(133.58493934615,63.054126587737,8.0625));
#2324 = CARTESIAN_POINT('',(132.6904063792,62.159593620791,8.125));
#2325 = CARTESIAN_POINT('',(131.79587341226,61.265060653845,8.1875));
#2326 = CARTESIAN_POINT('',(131.79587341226,60.,8.25));
#2327 = CARTESIAN_POINT('',(131.79587341226,58.734939346155,8.3125));
#2328 = CARTESIAN_POINT('',(132.6904063792,57.840406379209,8.375));
#2329 = CARTESIAN_POINT('',(133.58493934615,56.945873412263,8.4375));
#2330 = CARTESIAN_POINT('',(134.85,56.945873412263,8.5));
#2331 = CARTESIAN_POINT('',(136.11506065384,56.945873412263,8.5625));
#2332 = CARTESIAN_POINT('',(137.00959362079,57.840406379209,8.625));
#2333 = CARTESIAN_POINT('',(137.90412658773,58.734939346155,8.6875));
#2334 = CARTESIAN_POINT('',(137.90412658773,60.,8.75));
#2335 = CARTESIAN_POINT('',(137.90412658773,61.265060653845,8.8125));
#2336 = CARTESIAN_POINT('',(137.00959362079,62.159593620791,8.875));
#2337 = CARTESIAN_POINT('',(136.11506065384,63.054126587737,8.9375));
#2338 = CARTESIAN_POINT('',(134.85,63.054126587737,9.));
#2339 = CARTESIAN_POINT('',(133.58493934615,63.054126587737,9.0625));
#2340 = CARTESIAN_POINT('',(132.6904063792,62.159593620791,9.125));
#2341 = CARTESIAN_POINT('',(131.79587341226,61.265060653845,9.1875));
#2342 = CARTESIAN_POINT('',(131.79587341226,60.,9.25));
#2343 = CARTESIAN_POINT('',(131.79587341226,58.734939346155,9.3125));
#2344 = CARTESIAN_POINT('',(132.6904063792,57.840406379209,9.375));
#2345 = CARTESIAN_POINT('',(133.58493934615,56.945873412263,9.4375));
#2346 = CARTESIAN_POINT('',(134.85,56.945873412263,9.5));
#2347 = CARTESIAN_POINT('',(136.11506065384,56.945873412263,9.5625));
#2348 = CARTESIAN_POINT('',(137.00959362079,57.840406379209,9.625));
#2349 = CARTESIAN_POINT('',(137.90412658773,58.734939346155,9.6875));
#2350 = CARTESIAN_POINT('',(137.90412658773,60.,9.75));
#2351 = CARTESIAN_POINT('',(137.90412658773,61.265060653845,9.8125));
#2352 = CARTESIAN_POINT('',(137.00959362079,62.159593620791,9.875));
#2353 = CARTESIAN_POINT('',(136.11506065384,63.054126587737,9.9375));
#2354 = CARTESIAN_POINT('',(134.85,63.054126587737,10.));
#2355 = CARTESIAN_POINT('',(133.58493934615,63.054126587737,10.0625));
#2356 = CARTESIAN_POINT('',(132.6904063792,62.159593620791,10.125));
#2357 = CARTESIAN_POINT('',(131.79587341226,61.265060653845,10.1875));
#2358 = CARTESIAN_POINT('',(131.79587341226,60.,10.25));
#2359 = CARTESIAN_POINT('',(131.79587341226,58.734939346155,10.3125));
#2360 = CARTESIAN_POINT('',(132.6904063792,57.840406379209,10.375));
#2361 = CARTESIAN_POINT('',(133.58493934615,56.945873412263,10.4375));
#2362 = CARTESIAN_POINT('',(134.85,56.945873412263,10.5));
#2363 = CARTESIAN_POINT('',(136.11506065384,56.945873412263,10.5625));
#2364 = CARTESIAN_POINT('',(137.00959362079,57.840406379209,10.625));
#2365 = CARTESIAN_POINT('',(137.90412658773,58.734939346155,10.6875));
#2366 = CARTESIAN_POINT('',(137.90412658773,60.,10.75));
#2367 = CARTESIAN_POINT('',(137.90412658773,61.265060653845,10.8125));
#2368 = CARTESIAN_POINT('',(137.00959362079,62.159593620791,10.875));
#2369 = CARTESIAN_POINT('',(136.11506065384,63.054126587737,10.9375));
#2370 = CARTESIAN_POINT('',(134.85,63.054126587737,11.));
#2371 = ADVANCED_FACE('',(#2372),#2389,.F.);
#2372 = FACE_BOUND('',#2373,.F.);
#2373 = EDGE_LOOP('',(#2374,#2375,#2381,#2382,#2383));
#2374 = ORIENTED_EDGE('',*,*,#411,.T.);
#2375 = ORIENTED_EDGE('',*,*,#2376,.T.);
#2376 = EDGE_CURVE('',#414,#1798,#2377,.T.);
#2377 = LINE('',#2378,#2379);
#2378 = CARTESIAN_POINT('',(134.85,63.,0.65625));
#2379 = VECTOR('',#2380,1.);
#2380 = DIRECTION('',(8.659560562355E-17,0.707106781187,0.707106781187)
  );
#2381 = ORIENTED_EDGE('',*,*,#1797,.T.);
#2382 = ORIENTED_EDGE('',*,*,#1219,.T.);
#2383 = ORIENTED_EDGE('',*,*,#2384,.F.);
#2384 = EDGE_CURVE('',#412,#1222,#2385,.T.);
#2385 = LINE('',#2386,#2387);
#2386 = CARTESIAN_POINT('',(134.85,57.,0.65625));
#2387 = VECTOR('',#2388,1.);
#2388 = DIRECTION('',(0.,-0.707106781187,0.707106781187));
#2389 = CONICAL_SURFACE('',#2390,3.,0.785398163397);
#2390 = AXIS2_PLACEMENT_3D('',#2391,#2392,#2393);
#2391 = CARTESIAN_POINT('',(134.85,60.,0.65625));
#2392 = DIRECTION('',(-0.,-1.836970198721E-16,1.));
#2393 = DIRECTION('',(0.,-1.,-1.836970198721E-16));
#2394 = ADVANCED_FACE('',(#2395),#2409,.F.);
#2395 = FACE_BOUND('',#2396,.F.);
#2396 = EDGE_LOOP('',(#2397,#2398,#2399,#2400,#2401,#2402,#2408));
#2397 = ORIENTED_EDGE('',*,*,#2376,.F.);
#2398 = ORIENTED_EDGE('',*,*,#422,.T.);
#2399 = ORIENTED_EDGE('',*,*,#2384,.T.);
#2400 = ORIENTED_EDGE('',*,*,#1398,.T.);
#2401 = ORIENTED_EDGE('',*,*,#522,.T.);
#2402 = ORIENTED_EDGE('',*,*,#2403,.T.);
#2403 = EDGE_CURVE('',#525,#1827,#2404,.T.);
#2404 = LINE('',#2405,#2406);
#2405 = CARTESIAN_POINT('',(134.85,57.,0.65625));
#2406 = VECTOR('',#2407,1.);
#2407 = DIRECTION('',(0.,-0.707106781187,0.707106781187));
#2408 = ORIENTED_EDGE('',*,*,#1826,.T.);
#2409 = CONICAL_SURFACE('',#2410,3.,0.785398163397);
#2410 = AXIS2_PLACEMENT_3D('',#2411,#2412,#2413);
#2411 = CARTESIAN_POINT('',(134.85,60.,0.65625));
#2412 = DIRECTION('',(-0.,-1.836970198721E-16,1.));
#2413 = DIRECTION('',(0.,-1.,-1.836970198721E-16));
#2414 = ADVANCED_FACE('',(#2415),#2426,.F.);
#2415 = FACE_BOUND('',#2416,.F.);
#2416 = EDGE_LOOP('',(#2417,#2423,#2424,#2425));
#2417 = ORIENTED_EDGE('',*,*,#2418,.F.);
#2418 = EDGE_CURVE('',#701,#1959,#2419,.T.);
#2419 = LINE('',#2420,#2421);
#2420 = CARTESIAN_POINT('',(134.85,63.,9.90625));
#2421 = VECTOR('',#2422,1.);
#2422 = DIRECTION('',(-0.,-1.836970198721E-16,1.));
#2423 = ORIENTED_EDGE('',*,*,#700,.F.);
#2424 = ORIENTED_EDGE('',*,*,#486,.T.);
#2425 = ORIENTED_EDGE('',*,*,#1972,.F.);
#2426 = CYLINDRICAL_SURFACE('',#2427,3.);
#2427 = AXIS2_PLACEMENT_3D('',#2428,#2429,#2430);
#2428 = CARTESIAN_POINT('',(134.85,60.,9.90625));
#2429 = DIRECTION('',(-0.,-1.836970198721E-16,1.));
#2430 = DIRECTION('',(0.,-1.,-1.836970198721E-16));
#2431 = ADVANCED_FACE('',(#2432),#2444,.F.);
#2432 = FACE_BOUND('',#2433,.F.);
#2433 = EDGE_LOOP('',(#2434,#2435,#2436,#2443));
#2434 = ORIENTED_EDGE('',*,*,#2403,.F.);
#2435 = ORIENTED_EDGE('',*,*,#808,.T.);
#2436 = ORIENTED_EDGE('',*,*,#2437,.F.);
#2437 = EDGE_CURVE('',#1862,#799,#2438,.T.);
#2438 = CIRCLE('',#2439,3.);
#2439 = AXIS2_PLACEMENT_3D('',#2440,#2441,#2442);
#2440 = CARTESIAN_POINT('',(134.85,60.,0.65625));
#2441 = DIRECTION('',(0.,-1.836970198721E-16,1.));
#2442 = DIRECTION('',(0.,-1.,-1.836970198721E-16));
#2443 = ORIENTED_EDGE('',*,*,#1861,.T.);
#2444 = CONICAL_SURFACE('',#2445,3.,0.785398163397);
#2445 = AXIS2_PLACEMENT_3D('',#2446,#2447,#2448);
#2446 = CARTESIAN_POINT('',(134.85,60.,0.65625));
#2447 = DIRECTION('',(-0.,-1.836970198721E-16,1.));
#2448 = DIRECTION('',(0.,-1.,-1.836970198721E-16));
#2449 = ADVANCED_FACE('',(#2450),#2461,.F.);
#2450 = FACE_BOUND('',#2451,.F.);
#2451 = EDGE_LOOP('',(#2452,#2453,#2459,#2460));
#2452 = ORIENTED_EDGE('',*,*,#798,.F.);
#2453 = ORIENTED_EDGE('',*,*,#2454,.T.);
#2454 = EDGE_CURVE('',#785,#1877,#2455,.T.);
#2455 = LINE('',#2456,#2457);
#2456 = CARTESIAN_POINT('',(134.85,63.,9.90625));
#2457 = VECTOR('',#2458,1.);
#2458 = DIRECTION('',(-0.,-1.836970198721E-16,1.));
#2459 = ORIENTED_EDGE('',*,*,#1876,.F.);
#2460 = ORIENTED_EDGE('',*,*,#2437,.T.);
#2461 = CYLINDRICAL_SURFACE('',#2462,3.);
#2462 = AXIS2_PLACEMENT_3D('',#2463,#2464,#2465);
#2463 = CARTESIAN_POINT('',(134.85,60.,9.90625));
#2464 = DIRECTION('',(-0.,-1.836970198721E-16,1.));
#2465 = DIRECTION('',(0.,-1.,-1.836970198721E-16));
#2466 = ADVANCED_FACE('',(#2467),#2478,.F.);
#2467 = FACE_BOUND('',#2468,.F.);
#2468 = EDGE_LOOP('',(#2469,#2470,#2471,#2477));
#2469 = ORIENTED_EDGE('',*,*,#2454,.F.);
#2470 = ORIENTED_EDGE('',*,*,#784,.F.);
#2471 = ORIENTED_EDGE('',*,*,#2472,.T.);
#2472 = EDGE_CURVE('',#771,#1889,#2473,.T.);
#2473 = LINE('',#2474,#2475);
#2474 = CARTESIAN_POINT('',(134.85,57.,9.90625));
#2475 = VECTOR('',#2476,1.);
#2476 = DIRECTION('',(-0.,-1.836970198721E-16,1.));
#2477 = ORIENTED_EDGE('',*,*,#1888,.F.);
#2478 = CYLINDRICAL_SURFACE('',#2479,3.);
#2479 = AXIS2_PLACEMENT_3D('',#2480,#2481,#2482);
#2480 = CARTESIAN_POINT('',(134.85,60.,9.90625));
#2481 = DIRECTION('',(-0.,-1.836970198721E-16,1.));
#2482 = DIRECTION('',(0.,-1.,-1.836970198721E-16));
#2483 = ADVANCED_FACE('',(#2484),#2495,.F.);
#2484 = FACE_BOUND('',#2485,.F.);
#2485 = EDGE_LOOP('',(#2486,#2487,#2493,#2494));
#2486 = ORIENTED_EDGE('',*,*,#770,.F.);
#2487 = ORIENTED_EDGE('',*,*,#2488,.T.);
#2488 = EDGE_CURVE('',#757,#1903,#2489,.T.);
#2489 = LINE('',#2490,#2491);
#2490 = CARTESIAN_POINT('',(134.85,63.,9.90625));
#2491 = VECTOR('',#2492,1.);
#2492 = DIRECTION('',(-0.,-1.836970198721E-16,1.));
#2493 = ORIENTED_EDGE('',*,*,#1902,.F.);
#2494 = ORIENTED_EDGE('',*,*,#2472,.F.);
#2495 = CYLINDRICAL_SURFACE('',#2496,3.);
#2496 = AXIS2_PLACEMENT_3D('',#2497,#2498,#2499);
#2497 = CARTESIAN_POINT('',(134.85,60.,9.90625));
#2498 = DIRECTION('',(-0.,-1.836970198721E-16,1.));
#2499 = DIRECTION('',(0.,-1.,-1.836970198721E-16));
#2500 = ADVANCED_FACE('',(#2501),#2512,.F.);
#2501 = FACE_BOUND('',#2502,.F.);
#2502 = EDGE_LOOP('',(#2503,#2504,#2505,#2511));
#2503 = ORIENTED_EDGE('',*,*,#2488,.F.);
#2504 = ORIENTED_EDGE('',*,*,#756,.F.);
#2505 = ORIENTED_EDGE('',*,*,#2506,.T.);
#2506 = EDGE_CURVE('',#743,#1917,#2507,.T.);
#2507 = LINE('',#2508,#2509);
#2508 = CARTESIAN_POINT('',(134.85,57.,9.90625));
#2509 = VECTOR('',#2510,1.);
#2510 = DIRECTION('',(-0.,-1.836970198721E-16,1.));
#2511 = ORIENTED_EDGE('',*,*,#1916,.F.);
#2512 = CYLINDRICAL_SURFACE('',#2513,3.);
#2513 = AXIS2_PLACEMENT_3D('',#2514,#2515,#2516);
#2514 = CARTESIAN_POINT('',(134.85,60.,9.90625));
#2515 = DIRECTION('',(-0.,-1.836970198721E-16,1.));
#2516 = DIRECTION('',(0.,-1.,-1.836970198721E-16));
#2517 = ADVANCED_FACE('',(#2518),#2529,.F.);
#2518 = FACE_BOUND('',#2519,.F.);
#2519 = EDGE_LOOP('',(#2520,#2521,#2527,#2528));
#2520 = ORIENTED_EDGE('',*,*,#742,.F.);
#2521 = ORIENTED_EDGE('',*,*,#2522,.T.);
#2522 = EDGE_CURVE('',#729,#1931,#2523,.T.);
#2523 = LINE('',#2524,#2525);
#2524 = CARTESIAN_POINT('',(134.85,63.,9.90625));
#2525 = VECTOR('',#2526,1.);
#2526 = DIRECTION('',(-0.,-1.836970198721E-16,1.));
#2527 = ORIENTED_EDGE('',*,*,#1930,.F.);
#2528 = ORIENTED_EDGE('',*,*,#2506,.F.);
#2529 = CYLINDRICAL_SURFACE('',#2530,3.);
#2530 = AXIS2_PLACEMENT_3D('',#2531,#2532,#2533);
#2531 = CARTESIAN_POINT('',(134.85,60.,9.90625));
#2532 = DIRECTION('',(-0.,-1.836970198721E-16,1.));
#2533 = DIRECTION('',(0.,-1.,-1.836970198721E-16));
#2534 = ADVANCED_FACE('',(#2535),#2546,.F.);
#2535 = FACE_BOUND('',#2536,.F.);
#2536 = EDGE_LOOP('',(#2537,#2538,#2539,#2545));
#2537 = ORIENTED_EDGE('',*,*,#2522,.F.);
#2538 = ORIENTED_EDGE('',*,*,#728,.F.);
#2539 = ORIENTED_EDGE('',*,*,#2540,.T.);
#2540 = EDGE_CURVE('',#715,#1945,#2541,.T.);
#2541 = LINE('',#2542,#2543);
#2542 = CARTESIAN_POINT('',(134.85,57.,9.90625));
#2543 = VECTOR('',#2544,1.);
#2544 = DIRECTION('',(-0.,-1.836970198721E-16,1.));
#2545 = ORIENTED_EDGE('',*,*,#1944,.F.);
#2546 = CYLINDRICAL_SURFACE('',#2547,3.);
#2547 = AXIS2_PLACEMENT_3D('',#2548,#2549,#2550);
#2548 = CARTESIAN_POINT('',(134.85,60.,9.90625));
#2549 = DIRECTION('',(-0.,-1.836970198721E-16,1.));
#2550 = DIRECTION('',(0.,-1.,-1.836970198721E-16));
#2551 = ADVANCED_FACE('',(#2552),#2558,.F.);
#2552 = FACE_BOUND('',#2553,.F.);
#2553 = EDGE_LOOP('',(#2554,#2555,#2556,#2557));
#2554 = ORIENTED_EDGE('',*,*,#714,.F.);
#2555 = ORIENTED_EDGE('',*,*,#2418,.T.);
#2556 = ORIENTED_EDGE('',*,*,#1958,.F.);
#2557 = ORIENTED_EDGE('',*,*,#2540,.F.);
#2558 = CYLINDRICAL_SURFACE('',#2559,3.);
#2559 = AXIS2_PLACEMENT_3D('',#2560,#2561,#2562);
#2560 = CARTESIAN_POINT('',(134.85,60.,9.90625));
#2561 = DIRECTION('',(-0.,-1.836970198721E-16,1.));
#2562 = DIRECTION('',(0.,-1.,-1.836970198721E-16));
#2563 = ( GEOMETRIC_REPRESENTATION_CONTEXT(3) 
GLOBAL_UNCERTAINTY_ASSIGNED_CONTEXT((#2567)) 
GLOBAL_UNIT_ASSIGNED_CONTEXT((#2564,#2565,#2566)) REPRESENTATION_CONTEXT
('Context #1','3D Context with UNIT and UNCERTAINTY') );
#2564 = ( LENGTH_UNIT() NAMED_UNIT(*) SI_UNIT(.MILLI.,.METRE.) );
#2565 = ( NAMED_UNIT(*) PLANE_ANGLE_UNIT() SI_UNIT($,.RADIAN.) );
#2566 = ( NAMED_UNIT(*) SI_UNIT($,.STERADIAN.) SOLID_ANGLE_UNIT() );
#2567 = UNCERTAINTY_MEASURE_WITH_UNIT(LENGTH_MEASURE(2.E-05),#2564,
  'distance_accuracy_value','confusion accuracy');
#2568 = PRODUCT_RELATED_PRODUCT_CATEGORY('part',$,(#7));
ENDSEC;
END-ISO-10303-21;
