ISO-10303-21;
HEADER;
FILE_DESCRIPTION (( 'STEP AP203' ),
    '1' );
FILE_NAME ('92005A420_Steel Pan Head Phillips Screw.STEP',
    '2026-01-08T10:27:56',
    ( 'McMaster Carr Supply' ),
    ( 'McMaster Carr Supply' ),
    'SwSTEP 2.0',
    'SolidWorks 2024',
    '' );
FILE_SCHEMA (( 'CONFIG_CONTROL_DESIGN' ));
ENDSEC;

DATA;
#1 = EDGE_CURVE ( 'NONE', #876, #3796, #379, .T. ) ;
#2 = CARTESIAN_POINT ( 'NONE',  ( -1.662041016787796366, -1.662041016787795256, -4.000000000000000000 ) ) ;
#3 = CARTESIAN_POINT ( 'NONE',  ( 1.662041016787796810, 1.662041016787796810, 2.374999999999999556 ) ) ;
#4 =( GEOMETRIC_REPRESENTATION_CONTEXT ( 3 ) GLOBAL_UNCERTAINTY_ASSIGNED_CONTEXT ( ( #239 ) ) GLOBAL_UNIT_ASSIGNED_CONTEXT ( ( #2702, #1368, #3973 ) ) REPRESENTATION_CONTEXT ( 'NONE', 'WORKASPACE' ) );
#5 = CARTESIAN_POINT ( 'NONE',  ( 2.448435378459417056, -1.092006051232839337, 4.999999999999999112 ) ) ;
#6 = DIRECTION ( 'NONE',  ( -1.000000000000000000, 1.224646799147353207E-16, 2.249639673992786412E-32 ) ) ;
#7 = CIRCLE ( 'NONE', #279, 3.425913082399787868 ) ;
#8 = CARTESIAN_POINT ( 'NONE',  ( 2.159593620790628776, -2.159593620790628776, -3.281250000000000888 ) ) ;
#9 = CARTESIAN_POINT ( 'NONE',  ( 0.9736010864139238441, 2.350480947161670997, -0.5625000000000004441 ) ) ;
#10 = B_SPLINE_CURVE_WITH_KNOTS ( 'NONE', 3,
 ( #127, #1079, #2033, #415 ),
 .UNSPECIFIED., .F., .F.,
 ( 4, 4 ),
 ( 0.001484819686597230745, 0.001859157136663712202 ),
 .UNSPECIFIED. ) ;
#11 = CARTESIAN_POINT ( 'NONE',  ( 1.242640687119274334, -3.000000000000009770, -2.437500000000000888 ) ) ;
#12 = CARTESIAN_POINT ( 'NONE',  ( -2.350480947161670553, -0.9736010864139212906, -5.062500000000001776 ) ) ;
#13 = CARTESIAN_POINT ( 'NONE',  ( 2.350480947161670109, -0.9736010864139228449, -0.6875000000000005551 ) ) ;
#14 = DIRECTION ( 'NONE',  ( -1.000000000000000000, 1.224646799147353207E-16, 2.249639673992786412E-32 ) ) ;
#15 = CARTESIAN_POINT ( 'NONE',  ( 2.159593620790629664, 2.159593620790629664, -3.093750000000000000 ) ) ;
#16 = ORIENTED_EDGE ( 'NONE', *, *, #2153, .T. ) ;
#17 = CARTESIAN_POINT ( 'NONE',  ( 0.000000000000000000, -3.526982781544377710E-15, 9.600000000000001421 ) ) ;
#18 = CARTESIAN_POINT ( 'NONE',  ( 2.121320343559641941, -2.121320343559641941, -1.375000000000000000 ) ) ;
#19 = DIRECTION ( 'NONE',  ( 0.9098437264664077651, -0.3768696111424676420, 0.1736481776669308030 ) ) ;
#20 = CARTESIAN_POINT ( 'NONE',  ( -2.878508968398378757E-16, -2.350480947161669665, -4.000000000000000000 ) ) ;
#21 = B_SPLINE_CURVE_WITH_KNOTS ( 'NONE', 3,
 ( #2783, #4017, #3412, #2171 ),
 .UNSPECIFIED., .F., .F.,
 ( 4, 4 ),
 ( 0.000000000000000000, 4.435033181973182110E-05 ),
 .UNSPECIFIED. ) ;
#22 = EDGE_CURVE ( 'NONE', #1471, #3199, #4032, .T. ) ;
#23 = APPLICATION_PROTOCOL_DEFINITION ( 'international standard', 'config_control_design', 1994, #2012 ) ;
#24 = CARTESIAN_POINT ( 'NONE',  ( -3.173005460241596687, 1.314301895115947305, -18.72635058279349707 ) ) ;
#25 = CARTESIAN_POINT ( 'NONE',  ( -0.9736010864139222898, 2.350480947161671441, 1.562499999999999556 ) ) ;
#26 = CARTESIAN_POINT ( 'NONE',  ( 3.054126587736526677, 3.574511468811600284E-16, 5.843749999999999112 ) ) ;
#27 = EDGE_CURVE ( 'NONE', #955, #930, #3409, .T. ) ;
#28 = DIRECTION ( 'NONE',  ( 0.000000000000000000, -1.000000000000000000, -1.836970198721029688E-16 ) ) ;
#29 = ADVANCED_FACE ( 'NONE', ( #3427 ), #508, .T. ) ;
#30 = AXIS2_PLACEMENT_3D ( 'NONE', #3011, #3329, #1365 ) ;
#31 = CARTESIAN_POINT ( 'NONE',  ( 3.054126587736526677, 3.574511468811600284E-16, -4.156250000000000888 ) ) ;
#32 = CARTESIAN_POINT ( 'NONE',  ( -0.9736010864139225118, -2.350480947161669665, -2.062500000000000888 ) ) ;
#33 = CARTESIAN_POINT ( 'NONE',  ( -3.673940397442059375E-16, -2.999999999999999112, 2.500000000000000000 ) ) ;
#34 = CARTESIAN_POINT ( 'NONE',  ( 0.9736010864139216237, -2.350480947161670109, -4.812500000000000888 ) ) ;
#35 = VERTEX_POINT ( 'NONE', #2238 ) ;
#36 = CARTESIAN_POINT ( 'NONE',  ( 1.662041016787796810, 1.662041016787796810, -1.500000000000000444 ) ) ;
#37 = DIRECTION ( 'NONE',  ( -0.9848077530122080203, -7.323040713759303225E-17, 0.1736481776669307198 ) ) ;
#38 = CARTESIAN_POINT ( 'NONE',  ( -3.054126587736526677, 1.105496416853632984E-15, -1.718749999999999778 ) ) ;
#39 = CARTESIAN_POINT ( 'NONE',  ( 2.350480947161670553, 4.867087541007580301E-16, -4.750000000000000888 ) ) ;
#40 = LINE ( 'NONE', #682, #791 ) ;
#41 = CARTESIAN_POINT ( 'NONE',  ( 1.662999268763198644E-11, -2.920753175473597807, -4.329246824526400417 ) ) ;
#42 = CARTESIAN_POINT ( 'NONE',  ( -0.9736010864139225118, -2.350480947161669665, -0.06250000000000005551 ) ) ;
#43 = CARTESIAN_POINT ( 'NONE',  ( -2.121320343559641941, 2.121320343559643717, -2.875000000000000000 ) ) ;
#44 = CONICAL_SURFACE ( 'NONE', #4041, 0.1000000000000002554, 0.1745329251994333364 ) ;
#45 = CARTESIAN_POINT ( 'NONE',  ( -0.9736010864139225118, -2.350480947161669665, -1.937500000000000444 ) ) ;
#46 = EDGE_LOOP ( 'NONE', ( #973, #3180, #3606, #194 ) ) ;
#47 = CARTESIAN_POINT ( 'NONE',  ( -3.895892978921546582E-14, -4.074790491780801105, -18.61343887244345652 ) ) ;
#48 = DIRECTION ( 'NONE',  ( -0.1604299972043609634, -0.06645228065352365432, -0.9848077530122080203 ) ) ;
#49 = CARTESIAN_POINT ( 'NONE',  ( -2.350480947161670553, 1.062410547780433880E-15, 5.749999999999999112 ) ) ;
#50 = CARTESIAN_POINT ( 'NONE',  ( 1.662041016787796144, -1.662041016787795922, -2.875000000000000444 ) ) ;
#51 =( BOUNDED_CURVE ( )  B_SPLINE_CURVE ( 2, ( #2870, #4154, #3556, #235, #2532, #4111, #922, #1299, #3820 ),
 .UNSPECIFIED., .F., .F. ) 
 B_SPLINE_CURVE_WITH_KNOTS ( ( 3, 2, 2, 2, 3 ),
 ( 0.3750000000000000000, 0.3854166666666666852, 0.3958333333333332593, 0.4062499999999999445, 0.4166666666666666297 ),
 .UNSPECIFIED. ) 
 CURVE ( )  GEOMETRIC_REPRESENTATION_ITEM ( )  RATIONAL_B_SPLINE_CURVE ( ( 1.000000000000000000, 0.9238795325112867385, 1.000000000000000000, 0.9238795325112867385, 1.000000000000000000, 0.9238795325112867385, 1.000000000000000000, 0.9238795325112871826, 0.9999999999999995559 ) ) 
 REPRESENTATION_ITEM ( '' )  );
#52 = FACE_OUTER_BOUND ( 'NONE', #3559, .T. ) ;
#53 = CARTESIAN_POINT ( 'NONE',  ( -2.878508968398378757E-16, -2.350480947161669665, 1.125000000000000222 ) ) ;
#54 = CARTESIAN_POINT ( 'NONE',  ( 0.9736010864139238441, 2.350480947161670997, -3.437500000000000444 ) ) ;
#55 = CARTESIAN_POINT ( 'NONE',  ( 2.121320343559642385, -2.121320343559642385, 4.749999999999999112 ) ) ;
#56 = CARTESIAN_POINT ( 'NONE',  ( 3.054126587736527121, 1.265060653844733318, -0.1562500000000001388 ) ) ;
#57 = VERTEX_POINT ( 'NONE', #2575 ) ;
#58 = CARTESIAN_POINT ( 'NONE',  ( -1.662041016787796144, 1.662041016787797254, -1.375000000000000444 ) ) ;
#59 = DIRECTION ( 'NONE',  ( -0.1604299972043612688, 0.06645228065352352942, -0.9848077530122079093 ) ) ;
#60 = DIRECTION ( 'NONE',  ( 0.9238795325112889589, -0.3826834323650843972, 0.000000000000000000 ) ) ;
#61 = CARTESIAN_POINT ( 'NONE',  ( 0.9736010864139217347, -2.350480947161670109, -1.937500000000000444 ) ) ;
#62 = DIRECTION ( 'NONE',  ( 1.048438438967730795E-14, 1.000000000000000000, 0.000000000000000000 ) ) ;
#63 = CARTESIAN_POINT ( 'NONE',  ( 0.9736010864139238441, 2.350480947161670997, 1.562499999999999556 ) ) ;
#64 = ORIENTED_EDGE ( 'NONE', *, *, #2064, .T. ) ;
#65 = CARTESIAN_POINT ( 'NONE',  ( 2.797428881303655857, 0.1706216393849610546, 5.000000000000000000 ) ) ;
#66 = AXIS2_PLACEMENT_3D ( 'NONE', #1209, #3229, #1578 ) ;
#67 = CARTESIAN_POINT ( 'NONE',  ( 0.000000000000000000, -2.999999999999999556, 4.999999999999999112 ) ) ;
#68 = CARTESIAN_POINT ( 'NONE',  ( 1.662041016787796144, -1.662041016787795922, 6.124999999999999112 ) ) ;
#69 = CARTESIAN_POINT ( 'NONE',  ( -1.662041016787796366, -1.662041016787795256, -3.125000000000000444 ) ) ;
#70 = AXIS2_PLACEMENT_3D ( 'NONE', #1353, #737, #1084 ) ;
#71 = LINE ( 'NONE', #3944, #1159 ) ;
#72 = ADVANCED_FACE ( 'NONE', ( #990 ), #1574, .T. ) ;
#73 = CARTESIAN_POINT ( 'NONE',  ( -0.9736010864139222898, 2.350480947161671441, -1.312500000000000444 ) ) ;
#74 = ORIENTED_EDGE ( 'NONE', *, *, #910, .T. ) ;
#75 = CC_DESIGN_DATE_AND_TIME_ASSIGNMENT ( #4084, #2722, ( #967 ) ) ;
#76 =( BOUNDED_CURVE ( )  B_SPLINE_CURVE ( 2, ( #4053, #2215, #2131, #190, #3487, #1810, #212, #870, #2779 ),
 .UNSPECIFIED., .F., .F. ) 
 B_SPLINE_CURVE_WITH_KNOTS ( ( 3, 2, 2, 2, 3 ),
 ( 0.5416666666666667407, 0.5520833333333332593, 0.5625000000000000000, 0.5729166666666668517, 0.5833333333333333703 ),
 .UNSPECIFIED. ) 
 CURVE ( )  GEOMETRIC_REPRESENTATION_ITEM ( )  RATIONAL_B_SPLINE_CURVE ( ( 1.000000000000000000, 0.9238795325112867385, 1.000000000000000000, 0.9238795325112867385, 1.000000000000000000, 0.9238795325112867385, 1.000000000000000000, 0.9238795325112859613, 1.000000000000000888 ) ) 
 REPRESENTATION_ITEM ( '' )  );
#77 = CARTESIAN_POINT ( 'NONE',  ( -2.350480947161670553, 1.062410547780433880E-15, -2.125000000000000000 ) ) ;
#78 = CARTESIAN_POINT ( 'NONE',  ( -3.673940397442059375E-16, -2.999999999999999112, 1.624999999999998668 ) ) ;
#79 = CARTESIAN_POINT ( 'NONE',  ( 0.000000000000000000, 3.054126587736527565, -0.9687500000000000000 ) ) ;
#80 = EDGE_CURVE ( 'NONE', #2781, #120, #3225, .T. ) ;
#81 = CARTESIAN_POINT ( 'NONE',  ( -2.761940315911131538, -0.3073739374268187885, -4.476963911251124806 ) ) ;
#82 = CARTESIAN_POINT ( 'NONE',  ( -3.673940397442059375E-16, -2.999999999999999112, 2.500000000000000000 ) ) ;
#83 = CARTESIAN_POINT ( 'NONE',  ( 2.350480947161670553, 4.867087541007580301E-16, -2.750000000000000888 ) ) ;
#84 = CARTESIAN_POINT ( 'NONE',  ( 2.439210560835169517, 0.3342383673883542183, -4.791399174000589234 ) ) ;
#85 = COORDINATED_UNIVERSAL_TIME_OFFSET ( 6, 0, .BEHIND. ) ;
#86 = CARTESIAN_POINT ( 'NONE',  ( -2.350480947161670553, 0.9736010864139232890, -1.187500000000000000 ) ) ;
#87 = EDGE_LOOP ( 'NONE', ( #4072, #914, #2530, #308 ) ) ;
#88 = CARTESIAN_POINT ( 'NONE',  ( -2.121320343559642385, -2.121320343559641497, 4.500000000000000000 ) ) ;
#89 = CARTESIAN_POINT ( 'NONE',  ( 0.000000000000000000, -2.999999999999999556, 4.999999999999999112 ) ) ;
#90 = CARTESIAN_POINT ( 'NONE',  ( -2.159593620790628776, 2.159593620790630109, 0.2187499999999993339 ) ) ;
#91 = CARTESIAN_POINT ( 'NONE',  ( 0.9736010864139216237, -2.350480947161670109, 1.062499999999999334 ) ) ;
#92 = FACE_OUTER_BOUND ( 'NONE', #3233, .T. ) ;
#93 = CARTESIAN_POINT ( 'NONE',  ( 1.662041016787796810, 1.662041016787796810, 1.499999999999999556 ) ) ;
#94 = AXIS2_PLACEMENT_3D ( 'NONE', #3305, #1444, #2737 ) ;
#95 = CARTESIAN_POINT ( 'NONE',  ( 0.9736010864139216237, -2.350480947161670109, -0.8125000000000007772 ) ) ;
#96 = DIRECTION ( 'NONE',  ( 1.084202172485501594E-14, 1.000000000000000000, 0.000000000000000000 ) ) ;
#97 = CARTESIAN_POINT ( 'NONE',  ( -3.054126587736526677, 1.105496416853632984E-15, 2.281250000000000444 ) ) ;
#98 = VECTOR ( 'NONE', #1091, 1000.000000000000114 ) ;
#99 = EDGE_CURVE ( 'NONE', #1567, #316, #3841, .T. ) ;
#100 = CARTESIAN_POINT ( 'NONE',  ( 1.242640687119276999, 3.000000000000009770, -1.062499999999999334 ) ) ;
#101 = CARTESIAN_POINT ( 'NONE',  ( 0.2739002683744709565, -1.623503712237180041, 5.709927797833932672 ) ) ;
#102 = EDGE_CURVE ( 'NONE', #4158, #3324, #1807, .T. ) ;
#103 = CARTESIAN_POINT ( 'NONE',  ( 0.000000000000000000, 2.350480947161671441, -0.5000000000000004441 ) ) ;
#104 = CARTESIAN_POINT ( 'NONE',  ( -2.308190754282218204, 1.450051614352960483, 4.999999999999999112 ) ) ;
#105 = PERSON_AND_ORGANIZATION ( #605, #884 ) ;
#106 = B_SPLINE_CURVE_WITH_KNOTS ( 'NONE', 3,
 ( #3516, #531, #2221, #3470 ),
 .UNSPECIFIED., .F., .F.,
 ( 4, 4 ),
 ( 0.000000000000000000, 4.435033181973185498E-05 ),
 .UNSPECIFIED. ) ;
#107 = CARTESIAN_POINT ( 'NONE',  ( -1.662041016787796366, -1.662041016787795256, 0.000000000000000000 ) ) ;
#108 = EDGE_LOOP ( 'NONE', ( #144, #3255, #1234, #937 ) ) ;
#109 = DIRECTION ( 'NONE',  ( -0.000000000000000000, -1.836970198721029688E-16, 1.000000000000000000 ) ) ;
#110 = ORIENTED_EDGE ( 'NONE', *, *, #1675, .T. ) ;
#111 = CYLINDRICAL_SURFACE ( 'NONE', #1216, 2.999999999999999112 ) ;
#112 = CARTESIAN_POINT ( 'NONE',  ( -3.740226349862365271E-16, -3.054126587736525789, -2.406250000000000888 ) ) ;
#113 = AXIS2_PLACEMENT_3D ( 'NONE', #1771, #2705, #3077 ) ;
#114 = CARTESIAN_POINT ( 'NONE',  ( -1.662041016787796144, 1.662041016787797254, 0.6249999999999996669 ) ) ;
#115 = CARTESIAN_POINT ( 'NONE',  ( -0.8999999999999998002, -3.593906875330443408E-15, 9.600000000000001421 ) ) ;
#116 = CARTESIAN_POINT ( 'NONE',  ( -1.662041016787796366, -1.662041016787795256, -1.000000000000000000 ) ) ;
#117 = CARTESIAN_POINT ( 'NONE',  ( -0.9736010864139225118, -2.350480947161669665, 4.062499999999999112 ) ) ;
#118 = CARTESIAN_POINT ( 'NONE',  ( -1.924264068711931674, -1.000000000000011102, 9.600000000000001421 ) ) ;
#119 = CARTESIAN_POINT ( 'NONE',  ( -3.054126587736527121, -1.265060653844730876, -0.6562499999999997780 ) ) ;
#120 = VERTEX_POINT ( 'NONE', #2508 ) ;
#121 = CARTESIAN_POINT ( 'NONE',  ( 0.8896129467993241224, 1.894522849892236183, 9.524198720165907517 ) ) ;
#122 = CARTESIAN_POINT ( 'NONE',  ( 1.662041016787796144, -1.662041016787795922, -0.8750000000000007772 ) ) ;
#123 = CARTESIAN_POINT ( 'NONE',  ( 0.000000000000000000, 3.000000000000000888, 2.124999999999998668 ) ) ;
#124 =( BOUNDED_CURVE ( )  B_SPLINE_CURVE ( 2, ( #2075, #2036, #733, #3999, #378, #438, #2997, #1676, #3920 ),
 .UNSPECIFIED., .F., .F. ) 
 B_SPLINE_CURVE_WITH_KNOTS ( ( 3, 2, 2, 2, 3 ),
 ( 0.1666666666666666297, 0.1770833333333333148, 0.1874999999999999445, 0.1979166666666666019, 0.2083333333333332871 ),
 .UNSPECIFIED. ) 
 CURVE ( )  GEOMETRIC_REPRESENTATION_ITEM ( )  RATIONAL_B_SPLINE_CURVE ( ( 1.000000000000000222, 0.9238795325112865164, 1.000000000000000000, 0.9238795325112867385, 1.000000000000000000, 0.9238795325112867385, 1.000000000000000000, 0.9238795325112871826, 0.9999999999999995559 ) ) 
 REPRESENTATION_ITEM ( '' )  );
#125 = CARTESIAN_POINT ( 'NONE',  ( -1.662041016787796144, 1.662041016787797254, -1.250000000000000222 ) ) ;
#126 = EDGE_LOOP ( 'NONE', ( #2847, #749, #4100, #3189 ) ) ;
#127 = CARTESIAN_POINT ( 'NONE',  ( -2.878508968398378264E-16, -2.350480947161669221, -4.899519052838321898 ) ) ;
#128 = CARTESIAN_POINT ( 'NONE',  ( -0.1551499373679018356, -2.350480947161669665, 5.000000000000000000 ) ) ;
#129 = EDGE_CURVE ( 'NONE', #2540, #1527, #51, .T. ) ;
#130 = VECTOR ( 'NONE', #4142, 999.9999999999998863 ) ;
#131 = CARTESIAN_POINT ( 'NONE',  ( 0.000000000000000000, 3.054126587736527565, 1.093749999999999334 ) ) ;
#132 = CARTESIAN_POINT ( 'NONE',  ( -0.9736010864139225118, -2.350480947161669665, 3.937499999999999112 ) ) ;
#133 = DIRECTION ( 'NONE',  ( 8.820551857043883172E-15, 1.000000000000000000, 0.000000000000000000 ) ) ;
#134 = CARTESIAN_POINT ( 'NONE',  ( -1.662041016787796366, -1.662041016787795256, 2.000000000000000000 ) ) ;
#135 = CARTESIAN_POINT ( 'NONE',  ( 1.662041016787796810, 1.662041016787796810, 0.3749999999999994449 ) ) ;
#136 = AXIS2_PLACEMENT_3D ( 'NONE', #2931, #2979, #2636 ) ;
#137 = CARTESIAN_POINT ( 'NONE',  ( 0.000000000000000000, 2.350480947161671441, 2.624999999999999556 ) ) ;
#138 = DIRECTION ( 'NONE',  ( 0.000000000000000000, -1.000000000000000000, -3.395938470592040599E-16 ) ) ;
#139 = CARTESIAN_POINT ( 'NONE',  ( -3.054126587736527121, 1.265060653844732874, 0.2187500000000001665 ) ) ;
#140 = CARTESIAN_POINT ( 'NONE',  ( 0.000000000000000000, 0.000000000000000000, -19.33193437687872773 ) ) ;
#141 = CARTESIAN_POINT ( 'NONE',  ( -2.350480947161670553, 0.9736010864139232890, 0.6874999999999997780 ) ) ;
#142 = DIRECTION ( 'NONE',  ( 0.000000000000000000, -3.673940397442059375E-16, 1.000000000000000000 ) ) ;
#143 = CARTESIAN_POINT ( 'NONE',  ( -2.878508968398378757E-16, -2.350480947161669665, -0.8749999999999998890 ) ) ;
#144 = ORIENTED_EDGE ( 'NONE', *, *, #758, .T. ) ;
#145 = CARTESIAN_POINT ( 'NONE',  ( -1.174952136387353407, 1.217759924316335951, 9.550474210214579429 ) ) ;
#146 = ADVANCED_FACE ( 'NONE', ( #638 ), #44, .T. ) ;
#147 = VERTEX_POINT ( 'NONE', #1621 ) ;
#148 = DIRECTION ( 'NONE',  ( -0.000000000000000000, -1.836970198721029688E-16, 1.000000000000000000 ) ) ;
#149 = CARTESIAN_POINT ( 'NONE',  ( 0.000000000000000000, 3.054126587736527565, -1.906250000000000888 ) ) ;
#150 = EDGE_CURVE ( 'NONE', #189, #1371, #3562, .T. ) ;
#151 = CARTESIAN_POINT ( 'NONE',  ( 2.350480947161670553, 4.867087541007580301E-16, 2.249999999999999556 ) ) ;
#152 = EDGE_CURVE ( 'NONE', #3604, #2733, #2086, .T. ) ;
#153 = EDGE_CURVE ( 'NONE', #3391, #3829, #805, .T. ) ;
#154 = ORIENTED_EDGE ( 'NONE', *, *, #2679, .F. ) ;
#155 = DIRECTION ( 'NONE',  ( 1.836970198721029688E-16, -1.836970198721036097E-16, 1.000000000000000000 ) ) ;
#156 = CARTESIAN_POINT ( 'NONE',  ( -0.9736010864139222898, 2.350480947161671441, 3.687499999999998668 ) ) ;
#157 = CARTESIAN_POINT ( 'NONE',  ( -2.350480947161670553, 1.062410547780433880E-15, -1.250000000000000222 ) ) ;
#158 = CARTESIAN_POINT ( 'NONE',  ( -2.878508968398378757E-16, -2.350480947161669665, 3.125000000000000000 ) ) ;
#159 = LINE ( 'NONE', #559, #2856 ) ;
#160 = ORIENTED_EDGE ( 'NONE', *, *, #2909, .F. ) ;
#161 = AXIS2_PLACEMENT_3D ( 'NONE', #3226, #970, #1938 ) ;
#162 = CARTESIAN_POINT ( 'NONE',  ( -3.054126587736527121, 1.265060653844732874, 3.218750000000000444 ) ) ;
#163 = CARTESIAN_POINT ( 'NONE',  ( 0.2140753138541260370, 1.591866264628332686E-17, 5.709927797833932672 ) ) ;
#164 = CIRCLE ( 'NONE', #334, 2.249999999999995115 ) ;
#165 = CARTESIAN_POINT ( 'NONE',  ( 2.245219548264287379, 1.086483746306335263, -4.759083425688782398 ) ) ;
#166 = CARTESIAN_POINT ( 'NONE',  ( 2.591436363339676419, -1.174361074102080460, -4.410368975689675786 ) ) ;
#167 = B_SPLINE_CURVE_WITH_KNOTS ( 'NONE', 3,
 ( #392, #3272, #579, #2943 ),
 .UNSPECIFIED., .F., .F.,
 ( 4, 4 ),
 ( 0.02552814494913629301, 0.02947233068991247928 ),
 .UNSPECIFIED. ) ;
#168 = ORIENTED_EDGE ( 'NONE', *, *, #1001, .T. ) ;
#169 = CARTESIAN_POINT ( 'NONE',  ( 0.000000000000000000, -2.449293598294706907E-16, 5.000000000000000000 ) ) ;
#170 = EDGE_LOOP ( 'NONE', ( #1716, #3846, #940, #711 ) ) ;
#171 = FACE_OUTER_BOUND ( 'NONE', #578, .T. ) ;
#172 = FACE_OUTER_BOUND ( 'NONE', #3273, .T. ) ;
#173 = CARTESIAN_POINT ( 'NONE',  ( -2.159593620790629220, -2.159593620790628332, 0.4687499999999995559 ) ) ;
#174 = CARTESIAN_POINT ( 'NONE',  ( -0.9736010864139225118, -2.350480947161669665, 1.937500000000000000 ) ) ;
#175 = VECTOR ( 'NONE', #206, 1000.000000000000000 ) ;
#176 = DIRECTION ( 'NONE',  ( -0.000000000000000000, -1.836970198721029688E-16, 1.000000000000000000 ) ) ;
#177 = CARTESIAN_POINT ( 'NONE',  ( -2.878508968398378757E-16, -2.350480947161669665, 6.124999999999999112 ) ) ;
#178 = CONICAL_SURFACE ( 'NONE', #3584, 0.1000000000000004774, 0.1745329251994333364 ) ;
#179 = ADVANCED_FACE ( 'NONE', ( #1551, #2842 ), #1596, .T. ) ;
#180 = CARTESIAN_POINT ( 'NONE',  ( -1.662041016787796366, -1.662041016787795256, -1.125000000000000222 ) ) ;
#181 = CARTESIAN_POINT ( 'NONE',  ( 2.350480947161670109, -0.9736010864139228449, 4.312500000000000888 ) ) ;
#182 = CARTESIAN_POINT ( 'NONE',  ( 0.000000000000000000, 3.000000000000000444, 3.000000000000000000 ) ) ;
#183 = ORIENTED_EDGE ( 'NONE', *, *, #3814, .F. ) ;
#184 = CARTESIAN_POINT ( 'NONE',  ( 3.054126587736526677, -1.265060653844732652, 4.718750000000000000 ) ) ;
#185 = CARTESIAN_POINT ( 'NONE',  ( 0.8863044580934434924, 1.924264068711935227, 9.522328722175538829 ) ) ;
#186 = CARTESIAN_POINT ( 'NONE',  ( 0.000000000000000000, 3.000000000000000444, 5.000000000000000888 ) ) ;
#187 =( BOUNDED_CURVE ( )  B_SPLINE_CURVE ( 2, ( #1985, #277, #2576, #2556, #2917, #1341, #3865, #1575, #2871 ),
 .UNSPECIFIED., .F., .T. ) 
 B_SPLINE_CURVE_WITH_KNOTS ( ( 3, 2, 2, 2, 3 ),
 ( 0.6250000000000000000, 0.6354166666666667407, 0.6458333333333332593, 0.6562499999999998890, 0.6666666666666666297 ),
 .UNSPECIFIED. ) 
 CURVE ( )  GEOMETRIC_REPRESENTATION_ITEM ( )  RATIONAL_B_SPLINE_CURVE ( ( 1.000000000000000000, 0.9238795325112867385, 1.000000000000000000, 0.9238795325112867385, 1.000000000000000000, 0.9238795325112867385, 1.000000000000000000, 0.9238795325112875156, 0.9999999999999992228 ) ) 
 REPRESENTATION_ITEM ( '' )  );
#188 = CARTESIAN_POINT ( 'NONE',  ( 0.9736010864139217347, -2.350480947161670109, 3.187500000000000444 ) ) ;
#189 = VERTEX_POINT ( 'NONE', #1889 ) ;
#190 = CARTESIAN_POINT ( 'NONE',  ( -2.999999999999999556, -1.242640687119284104, 0.3125000000000003886 ) ) ;
#191 = ORIENTED_EDGE ( 'NONE', *, *, #3148, .T. ) ;
#192 = CARTESIAN_POINT ( 'NONE',  ( 0.5970869958228123275, -1.441495523232060982, 9.600000000000001421 ) ) ;
#193 = CARTESIAN_POINT ( 'NONE',  ( 2.159593620790629664, 2.159593620790629664, 2.968750000000000000 ) ) ;
#194 = ORIENTED_EDGE ( 'NONE', *, *, #4118, .T. ) ;
#195 = CARTESIAN_POINT ( 'NONE',  ( 1.242640687119287213, 2.999999999999999556, -1.937500000000001332 ) ) ;
#196 = CARTESIAN_POINT ( 'NONE',  ( -2.350480947161670553, -0.9736010864139212906, 3.937499999999999112 ) ) ;
#197 = CARTESIAN_POINT ( 'NONE',  ( -2.878508968398378757E-16, -2.350480947161669665, 3.999999999999999112 ) ) ;
#198 = CARTESIAN_POINT ( 'NONE',  ( 2.350480947161670553, 4.867087541007580301E-16, 3.375000000000000444 ) ) ;
#199 = EDGE_CURVE ( 'NONE', #1508, #1870, #3048, .T. ) ;
#200 = DIRECTION ( 'NONE',  ( 0.3420201433256694901, 0.000000000000000000, 0.9396926207859082059 ) ) ;
#201 = EDGE_LOOP ( 'NONE', ( #3341, #1256, #3918, #2314 ) ) ;
#202 = VECTOR ( 'NONE', #3543, 1000.000000000000000 ) ;
#203 = CARTESIAN_POINT ( 'NONE',  ( -3.740226349862365271E-16, -3.054126587736525789, 5.531250000000000888 ) ) ;
#204 = VERTEX_POINT ( 'NONE', #3662 ) ;
#205 = LOCAL_TIME ( 4, 27, 56.00000000000000000, #3129 ) ;
#206 = DIRECTION ( 'NONE',  ( -1.000000000000000000, 1.040008391232265979E-14, -1.836970198721010706E-16 ) ) ;
#207 = CARTESIAN_POINT ( 'NONE',  ( 1.242640687119297649, 2.999999999999990230, 1.937499999999999556 ) ) ;
#208 = EDGE_CURVE ( 'NONE', #465, #204, #2024, .T. ) ;
#209 = CIRCLE ( 'NONE', #1905, 2.084129509265169489 ) ;
#210 = CARTESIAN_POINT ( 'NONE',  ( 0.7126547491180866833, -2.418990881959563133, -4.734400297835313687 ) ) ;
#211 = ORIENTED_EDGE ( 'NONE', *, *, #2909, .T. ) ;
#212 = CARTESIAN_POINT ( 'NONE',  ( -2.121320343559641941, 2.121320343559643717, 0.1250000000000002220 ) ) ;
#213 =( BOUNDED_CURVE ( )  B_SPLINE_CURVE ( 2, ( #657, #2258, #1294, #2304, #2549, #3552, #4174, #943, #2234 ),
 .UNSPECIFIED., .F., .F. ) 
 B_SPLINE_CURVE_WITH_KNOTS ( ( 3, 2, 2, 2, 3 ),
 ( 0.4583333333333333148, 0.4687499999999999445, 0.4791666666666666297, 0.4895833333333333703, 0.5000000000000000000 ),
 .UNSPECIFIED. ) 
 CURVE ( )  GEOMETRIC_REPRESENTATION_ITEM ( )  RATIONAL_B_SPLINE_CURVE ( ( 1.000000000000000444, 0.9238795325112862944, 1.000000000000000000, 0.9238795325112867385, 1.000000000000000000, 0.9238795325112867385, 1.000000000000000000, 0.9238795325112867385, 1.000000000000000000 ) ) 
 REPRESENTATION_ITEM ( '' )  );
#214 = VERTEX_POINT ( 'NONE', #3328 ) ;
#215 = ORIENTED_EDGE ( 'NONE', *, *, #3033, .F. ) ;
#216 = DIRECTION ( 'NONE',  ( -0.9238795325112888479, -0.3826834323650846748, 9.941611076326164810E-17 ) ) ;
#217 = DIRECTION ( 'NONE',  ( 1.000000000000000000, 0.000000000000000000, 0.000000000000000000 ) ) ;
#218 = CARTESIAN_POINT ( 'NONE',  ( -2.159593620790628776, 2.159593620790630109, 5.218749999999998224 ) ) ;
#219 = ORIENTED_EDGE ( 'NONE', *, *, #677, .T. ) ;
#220 = LINE ( 'NONE', #2096, #3013 ) ;
#221 = ORIENTED_EDGE ( 'NONE', *, *, #4149, .F. ) ;
#222 = CARTESIAN_POINT ( 'NONE',  ( 2.350480947161670109, -0.9736010864139228449, 6.312500000000000000 ) ) ;
#223 = CARTESIAN_POINT ( 'NONE',  ( 1.662041016787796144, -1.662041016787795922, 3.125000000000000000 ) ) ;
#224 = CARTESIAN_POINT ( 'NONE',  ( 0.000000000000000000, 2.350480947161671441, -4.500000000000000888 ) ) ;
#225 = B_SPLINE_CURVE_WITH_KNOTS ( 'NONE', 3,
 ( #3165, #2008, #666, #1560 ),
 .UNSPECIFIED., .F., .F.,
 ( 4, 4 ),
 ( 0.02552814494913629301, 0.02947233068991247928 ),
 .UNSPECIFIED. ) ;
#226 = CARTESIAN_POINT ( 'NONE',  ( -2.999999999999999556, -1.242640687119284104, 3.312500000000000444 ) ) ;
#227 = CARTESIAN_POINT ( 'NONE',  ( 2.159593620790628776, -2.159593620790628776, 6.656250000000000000 ) ) ;
#228 = ORIENTED_EDGE ( 'NONE', *, *, #1747, .F. ) ;
#229 = CARTESIAN_POINT ( 'NONE',  ( -2.350480947161670553, 0.9736010864139231780, -4.187500000000000000 ) ) ;
#230 = CARTESIAN_POINT ( 'NONE',  ( -1.674265857802290869, 2.290212628526627547, 4.999999999999986677 ) ) ;
#231 = ADVANCED_FACE ( 'NONE', ( #348 ), #408, .T. ) ;
#232 = CIRCLE ( 'NONE', #2618, 28.72098086650471771 ) ;
#233 = EDGE_CURVE ( 'NONE', #2170, #3840, #40, .T. ) ;
#234 = CARTESIAN_POINT ( 'NONE',  ( -2.350480947161670553, -0.9736010864139211796, 2.937500000000000000 ) ) ;
#235 = CARTESIAN_POINT ( 'NONE',  ( 2.999999999999999112, -1.242640687119286103, -1.187500000000001332 ) ) ;
#236 = CARTESIAN_POINT ( 'NONE',  ( 2.999999999999999112, -1.242640687119285881, 2.687500000000000444 ) ) ;
#237 = ORIENTED_EDGE ( 'NONE', *, *, #3897, .T. ) ;
#238 = CARTESIAN_POINT ( 'NONE',  ( 3.425913082399787424, 0.000000000000000000, 9.396447866816426853 ) ) ;
#239 = UNCERTAINTY_MEASURE_WITH_UNIT (LENGTH_MEASURE( 1.000000000000000082E-05 ), #2702, 'distance_accuracy_value', 'NONE');
#240 = FACE_OUTER_BOUND ( 'NONE', #1559, .T. ) ;
#241 = CARTESIAN_POINT ( 'NONE',  ( -3.054126587736526677, 1.105496416853632984E-15, 4.343749999999999112 ) ) ;
#242 = VERTEX_POINT ( 'NONE', #2047 ) ;
#243 = DIRECTION ( 'NONE',  ( -0.000000000000000000, 3.673940397442059375E-16, -1.000000000000000000 ) ) ;
#244 = CARTESIAN_POINT ( 'NONE',  ( 0.9736010864139238441, 2.350480947161670997, 3.562500000000000888 ) ) ;
#245 = CARTESIAN_POINT ( 'NONE',  ( -0.9736010864139222898, 2.350480947161671441, 2.562500000000000000 ) ) ;
#246 = CARTESIAN_POINT ( 'NONE',  ( 2.350480947161670109, -0.9736010864139228449, -3.812500000000000888 ) ) ;
#247 = CARTESIAN_POINT ( 'NONE',  ( -2.878508968398378264E-16, -2.350480947161669221, -4.899519052838321898 ) ) ;
#248 = CARTESIAN_POINT ( 'NONE',  ( -2.159593620790629220, -2.159593620790628332, 3.406250000000000444 ) ) ;
#249 = CARTESIAN_POINT ( 'NONE',  ( 0.9736010864139238441, 2.350480947161670997, -4.437500000000000888 ) ) ;
#250 = CARTESIAN_POINT ( 'NONE',  ( -3.673940397442059375E-16, -2.999999999999999112, -3.375000000000001332 ) ) ;
#251 = ORIENTED_EDGE ( 'NONE', *, *, #152, .T. ) ;
#252 = CARTESIAN_POINT ( 'NONE',  ( 0.1758710095337314150, -2.434562618139068491, -4.815437381860921739 ) ) ;
#253 = CARTESIAN_POINT ( 'NONE',  ( 1.000000000000002665, -1.924264068711937004, 9.600000000000001421 ) ) ;
#254 = CARTESIAN_POINT ( 'NONE',  ( -1.229080925788975653, -1.170207565446117481, 9.550184678336927746 ) ) ;
#255 = CARTESIAN_POINT ( 'NONE',  ( 0.9736010864139216237, -2.350480947161670109, 5.062500000000001776 ) ) ;
#256 = EDGE_LOOP ( 'NONE', ( #1240, #3082, #3743, #1512 ) ) ;
#257 = CARTESIAN_POINT ( 'NONE',  ( -2.999999999999999556, 1.242640687119286325, -0.6875000000000007772 ) ) ;
#258 = APPROVAL ( #1750, 'UNSPECIFIED' ) ;
#259 = CARTESIAN_POINT ( 'NONE',  ( -2.999999999999999556, -1.242640687119284104, -3.687500000000000444 ) ) ;
#260 = CARTESIAN_POINT ( 'NONE',  ( 0.9736010864139217347, -2.350480947161670109, 2.062499999999999112 ) ) ;
#261 = CARTESIAN_POINT ( 'NONE',  ( -3.740226349862365271E-16, -3.054126587736525789, 1.593749999999998890 ) ) ;
#262 = ORIENTED_EDGE ( 'NONE', *, *, #425, .T. ) ;
#263 = DIRECTION ( 'NONE',  ( -1.637961866169332420E-15, -0.1736481776669305532, -0.9848077530122081313 ) ) ;
#264 = ORIENTED_EDGE ( 'NONE', *, *, #2634, .F. ) ;
#265 = DIRECTION ( 'NONE',  ( 6.714498225044183380E-16, -0.1736481776669307198, -0.9848077530122080203 ) ) ;
#266 = EDGE_CURVE ( 'NONE', #3067, #3223, #3644, .T. ) ;
#267 = CARTESIAN_POINT ( 'NONE',  ( -0.9736010864139222898, 2.350480947161671441, 4.562500000000000888 ) ) ;
#268 = CARTESIAN_POINT ( 'NONE',  ( -2.350480947161670553, 1.062410547780433880E-15, 5.874999999999999112 ) ) ;
#269 = CARTESIAN_POINT ( 'NONE',  ( -2.121320343559642385, 2.121320343559643273, 2.249999999999999112 ) ) ;
#270 = CARTESIAN_POINT ( 'NONE',  ( -1.662041016787796366, -1.662041016787795256, -3.000000000000000444 ) ) ;
#271 = CARTESIAN_POINT ( 'NONE',  ( 1.189935400753340922, -1.197977864460540998, 9.550685476007084063 ) ) ;
#272 = AXIS2_PLACEMENT_3D ( 'NONE', #2057, #2373, #1696 ) ;
#273 = CARTESIAN_POINT ( 'NONE',  ( -1.229080925788969658, 1.170207565446120590, 9.550184678336927746 ) ) ;
#274 = DIRECTION ( 'NONE',  ( -0.000000000000000000, -1.836970198721029688E-16, 1.000000000000000000 ) ) ;
#275 = ORIENTED_EDGE ( 'NONE', *, *, #1433, .T. ) ;
#276 = CARTESIAN_POINT ( 'NONE',  ( 3.173005460241587361, -1.314301895115962404, -18.72635058279349707 ) ) ;
#277 = CARTESIAN_POINT ( 'NONE',  ( -1.242640687119285658, -2.999999999999999112, -0.5624999999999995559 ) ) ;
#278 = CARTESIAN_POINT ( 'NONE',  ( 1.662041016787796144, -1.662041016787795922, -3.875000000000000444 ) ) ;
#279 = AXIS2_PLACEMENT_3D ( 'NONE', #822, #2771, #3751 ) ;
#280 = ORIENTED_EDGE ( 'NONE', *, *, #1959, .T. ) ;
#281 = DIRECTION ( 'NONE',  ( 0.000000000000000000, -1.000000000000000000, -2.891205793294679312E-16 ) ) ;
#282 = CARTESIAN_POINT ( 'NONE',  ( -1.662041016787796366, -1.662041016787795256, -2.000000000000000444 ) ) ;
#283 = CARTESIAN_POINT ( 'NONE',  ( 0.9736010864139217347, -2.350480947161670109, 3.062500000000000000 ) ) ;
#284 = CARTESIAN_POINT ( 'NONE',  ( 2.159593620790629664, 2.159593620790629664, 4.968750000000000000 ) ) ;
#285 = ORIENTED_EDGE ( 'NONE', *, *, #2944, .F. ) ;
#286 = ORIENTED_EDGE ( 'NONE', *, *, #1982, .F. ) ;
#287 = DIRECTION ( 'NONE',  ( 0.000000000000000000, 0.000000000000000000, 1.000000000000000000 ) ) ;
#288 = EDGE_CURVE ( 'NONE', #1791, #1568, #3680, .T. ) ;
#289 = CARTESIAN_POINT ( 'NONE',  ( 0.9736010864139238441, 2.350480947161670997, 4.437500000000000888 ) ) ;
#290 = ADVANCED_FACE ( 'NONE', ( #1030 ), #4175, .T. ) ;
#291 = CARTESIAN_POINT ( 'NONE',  ( 1.662041016787796810, 1.662041016787796810, 4.500000000000000000 ) ) ;
#292 = FACE_OUTER_BOUND ( 'NONE', #994, .T. ) ;
#293 = CARTESIAN_POINT ( 'NONE',  ( -1.662041016787796366, -1.662041016787795256, -2.000000000000000444 ) ) ;
#294 = CARTESIAN_POINT ( 'NONE',  ( 1.662041016787796810, 1.662041016787796810, -4.500000000000000888 ) ) ;
#295 = DIRECTION ( 'NONE',  ( -0.000000000000000000, -1.836970198721029688E-16, 1.000000000000000000 ) ) ;
#296 = CARTESIAN_POINT ( 'NONE',  ( 3.054126587736526677, -1.265060653844732652, -1.281250000000000000 ) ) ;
#297 = ORIENTED_EDGE ( 'NONE', *, *, #857, .F. ) ;
#298 = CARTESIAN_POINT ( 'NONE',  ( -2.350480947161670553, 1.062410547780433880E-15, -3.250000000000000444 ) ) ;
#299 = DIRECTION ( 'NONE',  ( 0.9098437264664077651, -0.3768696111424676976, 0.1736481776669308308 ) ) ;
#300 = CARTESIAN_POINT ( 'NONE',  ( 1.924264068711933895, -0.8863044580934519301, 9.522328722175538829 ) ) ;
#301 = CARTESIAN_POINT ( 'NONE',  ( 1.662041016787796144, -1.662041016787795922, 6.124999999999999112 ) ) ;
#302 = ORIENTED_EDGE ( 'NONE', *, *, #3366, .T. ) ;
#303 = CYLINDRICAL_SURFACE ( 'NONE', #1900, 2.999999999999999112 ) ;
#304 = AXIS2_PLACEMENT_3D ( 'NONE', #3987, #3066, #1087 ) ;
#305 = CARTESIAN_POINT ( 'NONE',  ( 0.9736010864139238441, 2.350480947161670997, -2.437500000000000444 ) ) ;
#306 = CARTESIAN_POINT ( 'NONE',  ( 2.350480947161670553, 4.867087541007580301E-16, 3.250000000000000444 ) ) ;
#307 = CARTESIAN_POINT ( 'NONE',  ( 1.744539087186225412, -1.874818816674030941, 5.000000000000008882 ) ) ;
#308 = ORIENTED_EDGE ( 'NONE', *, *, #3693, .F. ) ;
#309 = CARTESIAN_POINT ( 'NONE',  ( 2.350480947161670109, 0.9736010864139235110, 6.437500000000000000 ) ) ;
#310 = AXIS2_PLACEMENT_3D ( 'NONE', #1142, #1710, #432 ) ;
#311 = CARTESIAN_POINT ( 'NONE',  ( 2.350480947161670553, 4.867087541007580301E-16, 6.249999999999999112 ) ) ;
#312 = CARTESIAN_POINT ( 'NONE',  ( -0.9736010864139225118, -2.350480947161669665, -3.062500000000001332 ) ) ;
#313 = DIRECTION ( 'NONE',  ( 0.06645228065352194735, -0.1604299972043615741, -0.9848077530122080203 ) ) ;
#314 = CIRCLE ( 'NONE', #3590, 0.7859246861458732969 ) ;
#315 = CARTESIAN_POINT ( 'NONE',  ( 0.9736010864139238441, 2.350480947161670997, -4.437500000000000888 ) ) ;
#316 = VERTEX_POINT ( 'NONE', #3029 ) ;
#317 = CARTESIAN_POINT ( 'NONE',  ( -1.662041016787796144, 1.662041016787797254, -5.250000000000000000 ) ) ;
#318 = DIRECTION ( 'NONE',  ( -0.000000000000000000, -0.000000000000000000, -1.000000000000000000 ) ) ;
#319 = VECTOR ( 'NONE', #3368, 1000.000000000000000 ) ;
#320 = CARTESIAN_POINT ( 'NONE',  ( -3.054126587736526677, 1.105496416853632984E-15, -4.718750000000000000 ) ) ;
#321 = EDGE_CURVE ( 'NONE', #491, #189, #959, .T. ) ;
#322 = EDGE_LOOP ( 'NONE', ( #2743, #3565, #3638, #1883 ) ) ;
#323 = CONICAL_SURFACE ( 'NONE', #1076, 3.499999999999998668, 0.3490658503988666728 ) ;
#324 = CARTESIAN_POINT ( 'NONE',  ( -2.350480947161670553, 1.062410547780433880E-15, -4.250000000000000000 ) ) ;
#325 = DIRECTION ( 'NONE',  ( 0.000000000000000000, -1.000000000000000000, -2.891205793294679312E-16 ) ) ;
#326 = CARTESIAN_POINT ( 'NONE',  ( 0.000000000000000000, 0.000000000000000000, 9.600000000000001421 ) ) ;
#327 = CARTESIAN_POINT ( 'NONE',  ( 0.000000000000000000, 2.350480947161671441, -4.500000000000000888 ) ) ;
#328 = ORIENTED_EDGE ( 'NONE', *, *, #470, .T. ) ;
#329 = CARTESIAN_POINT ( 'NONE',  ( 2.908612572434727372, 0.6469996767293437756, 8.165163866277007187 ) ) ;
#330 = CARTESIAN_POINT ( 'NONE',  ( 0.000000000000000000, 2.350480947161671441, -3.375000000000000444 ) ) ;
#331 = CARTESIAN_POINT ( 'NONE',  ( -2.350480947161670553, 0.9736010864139232890, 1.687499999999999778 ) ) ;
#332 = CARTESIAN_POINT ( 'NONE',  ( 0.9199018348012537594, -2.281141431501543693, 4.999999999999999112 ) ) ;
#333 = DIRECTION ( 'NONE',  ( 1.836970198721029688E-16, -1.836970198721036097E-16, 1.000000000000000000 ) ) ;
#334 = AXIS2_PLACEMENT_3D ( 'NONE', #3877, #2202, #3212 ) ;
#335 = CARTESIAN_POINT ( 'NONE',  ( 0.000000000000000000, 3.054126587736527565, -3.906250000000000888 ) ) ;
#336 = CARTESIAN_POINT ( 'NONE',  ( 2.350480947161670109, 0.9736010864139235110, -3.687500000000000888 ) ) ;
#337 = DIRECTION ( 'NONE',  ( -0.9098437264664103186, 0.3768696111424612583, 0.1736481776669309973 ) ) ;
#338 = CARTESIAN_POINT ( 'NONE',  ( -1.662041016787796366, -1.662041016787795256, -4.000000000000000000 ) ) ;
#339 = CARTESIAN_POINT ( 'NONE',  ( 2.350480947161670109, -0.9736010864139228449, -1.687500000000000222 ) ) ;
#340 = CC_DESIGN_DATE_AND_TIME_ASSIGNMENT ( #707, #2052, ( #2035 ) ) ;
#341 = DIRECTION ( 'NONE',  ( 1.000000000000000000, 0.000000000000000000, 0.000000000000000000 ) ) ;
#342 = ORIENTED_EDGE ( 'NONE', *, *, #27, .F. ) ;
#343 = CARTESIAN_POINT ( 'NONE',  ( 0.000000000000000000, 3.054126587736527565, -1.968750000000000000 ) ) ;
#344 = EDGE_LOOP ( 'NONE', ( #2794, #1280, #1916, #1910 ) ) ;
#345 = CIRCLE ( 'NONE', #2169, 28.72098086650472126 ) ;
#346 = EDGE_CURVE ( 'NONE', #3549, #3796, #2698, .T. ) ;
#347 = CARTESIAN_POINT ( 'NONE',  ( 0.9736010864139238441, 2.350480947161670997, -3.562500000000000888 ) ) ;
#348 = FACE_OUTER_BOUND ( 'NONE', #1658, .T. ) ;
#349 = CARTESIAN_POINT ( 'NONE',  ( 3.000000000000000000, 3.673940397442060361E-16, 3.750000000000000888 ) ) ;
#350 = EDGE_CURVE ( 'NONE', #1789, #4076, #4052, .T. ) ;
#351 = CARTESIAN_POINT ( 'NONE',  ( -2.350480947161670553, 1.062410547780433880E-15, -4.250000000000000000 ) ) ;
#352 = CARTESIAN_POINT ( 'NONE',  ( -2.999999999999999556, 1.242640687119286325, 4.187500000000000000 ) ) ;
#353 = ORIENTED_EDGE ( 'NONE', *, *, #2242, .T. ) ;
#354 = SECURITY_CLASSIFICATION_LEVEL ( 'unclassified' ) ;
#355 = CARTESIAN_POINT ( 'NONE',  ( -2.350480947161670553, 1.062410547780433880E-15, -3.125000000000000000 ) ) ;
#356 = CARTESIAN_POINT ( 'NONE',  ( -2.878508968398378757E-16, -2.350480947161669665, 5.000000000000000000 ) ) ;
#357 = SPHERICAL_SURFACE ( 'NONE', #1812, 28.93193437687872915 ) ;
#358 = DIRECTION ( 'NONE',  ( -0.000000000000000000, -1.836970198721027715E-16, 1.000000000000000000 ) ) ;
#359 = CIRCLE ( 'NONE', #3612, 0.7859246861458737410 ) ;
#360 = CARTESIAN_POINT ( 'NONE',  ( 1.265060653844731542, -3.054126587736527121, -4.343750000000000000 ) ) ;
#361 = AXIS2_PLACEMENT_3D ( 'NONE', #2138, #535, #1438 ) ;
#362 = CARTESIAN_POINT ( 'NONE',  ( -0.9736010864139222898, 2.350480947161671441, -2.437500000000000444 ) ) ;
#363 = DIRECTION ( 'NONE',  ( 1.224646799147353207E-16, 1.000000000000000000, 0.000000000000000000 ) ) ;
#364 = CARTESIAN_POINT ( 'NONE',  ( 2.350480947161670109, -0.9736010864139228449, -1.687500000000000222 ) ) ;
#365 = ORIENTED_EDGE ( 'NONE', *, *, #2400, .T. ) ;
#366 = CARTESIAN_POINT ( 'NONE',  ( -1.662041016787796366, -1.662041016787795256, -2.000000000000000444 ) ) ;
#367 = CARTESIAN_POINT ( 'NONE',  ( -3.000000000000000000, 1.102182119232617714E-15, 0.3749999999999991673 ) ) ;
#368 = CARTESIAN_POINT ( 'NONE',  ( 2.159593620790628776, -2.159593620790628776, -2.343750000000000000 ) ) ;
#369 = FACE_OUTER_BOUND ( 'NONE', #1854, .T. ) ;
#370 = DIRECTION ( 'NONE',  ( -0.1604299972043611855, 0.06645228065352377922, -0.9848077530122079093 ) ) ;
#371 = CARTESIAN_POINT ( 'NONE',  ( 0.000000000000000000, 3.000000000000000444, 4.000000000000000888 ) ) ;
#372 = CARTESIAN_POINT ( 'NONE',  ( -2.878508968398378757E-16, -2.350480947161669665, -1.000000000000000000 ) ) ;
#373 = DIRECTION ( 'NONE',  ( -0.000000000000000000, -1.836970198721029688E-16, 1.000000000000000000 ) ) ;
#374 = CARTESIAN_POINT ( 'NONE',  ( -2.350480947161670553, 0.9736010864139232890, -2.187500000000000444 ) ) ;
#375 = VERTEX_POINT ( 'NONE', #2461 ) ;
#376 = CARTESIAN_POINT ( 'NONE',  ( -3.054126587736527121, 1.265060653844732874, 5.281249999999998224 ) ) ;
#377 = CIRCLE ( 'NONE', #30, 4.945794552264513477 ) ;
#378 = CARTESIAN_POINT ( 'NONE',  ( -3.000000000000000000, 1.102182119232617714E-15, -3.625000000000000444 ) ) ;
#379 = CIRCLE ( 'NONE', #2629, 0.7859246861458735189 ) ;
#380 = CARTESIAN_POINT ( 'NONE',  ( 3.054126587736527121, 1.265060653844733318, -3.093750000000001776 ) ) ;
#381 = CARTESIAN_POINT ( 'NONE',  ( 2.350480947161670109, 0.9736010864139235110, -1.687500000000000888 ) ) ;
#382 = CARTESIAN_POINT ( 'NONE',  ( 1.173320811696927590, 1.222161061795168369, 9.550352266878380902 ) ) ;
#383 = CARTESIAN_POINT ( 'NONE',  ( 2.350480947161670109, -0.9736010864139228449, 2.312500000000000444 ) ) ;
#384 =( BOUNDED_CURVE ( )  B_SPLINE_CURVE ( 2, ( #437, #731, #3392, #3997, #2744, #1391, #88, #2688, #4016 ),
 .UNSPECIFIED., .F., .F. ) 
 B_SPLINE_CURVE_WITH_KNOTS ( ( 3, 2, 2, 2, 3 ),
 ( 0.8333333333333331483, 0.8437499999999997780, 0.8541666666666665186, 0.8645833333333332593, 0.8750000000000000000 ),
 .UNSPECIFIED. ) 
 CURVE ( )  GEOMETRIC_REPRESENTATION_ITEM ( )  RATIONAL_B_SPLINE_CURVE ( ( 1.000000000000001554, 0.9238795325112850731, 1.000000000000000000, 0.9238795325112867385, 1.000000000000000000, 0.9238795325112867385, 1.000000000000000000, 0.9238795325112867385, 1.000000000000000000 ) ) 
 REPRESENTATION_ITEM ( '' )  );
#385 = CARTESIAN_POINT ( 'NONE',  ( 2.350480947161670109, 0.9736010864139235110, 0.4374999999999995559 ) ) ;
#386 = CARTESIAN_POINT ( 'NONE',  ( 3.673940397442058882E-16, 2.999999999999998668, 5.000000000000000888 ) ) ;
#387 = CARTESIAN_POINT ( 'NONE',  ( 3.054126587736526677, -1.265060653844732652, -3.281250000000000444 ) ) ;
#388 = CARTESIAN_POINT ( 'NONE',  ( -2.350480947161670553, 0.9736010864139231780, -1.312500000000000444 ) ) ;
#389 = CARTESIAN_POINT ( 'NONE',  ( 2.999999999999999556, 1.242640687119286769, -1.187500000000000000 ) ) ;
#390 = CARTESIAN_POINT ( 'NONE',  ( -8.231607347182166112E-15, -2.084129509265170377, 5.709927797833932672 ) ) ;
#391 = CARTESIAN_POINT ( 'NONE',  ( 2.350480947161670109, 0.9736010864139237331, 0.3124999999999993339 ) ) ;
#392 = CARTESIAN_POINT ( 'NONE',  ( 3.315146656056974006, -0.8641082669389864579, 9.396447866816426853 ) ) ;
#393 = APPROVAL_STATUS ( 'not_yet_approved' ) ;
#394 = AXIS2_PLACEMENT_3D ( 'NONE', #276, #299, #4201 ) ;
#395 = CARTESIAN_POINT ( 'NONE',  ( 0.9736010864139217347, -2.350480947161670109, -0.8125000000000006661 ) ) ;
#396 = ORIENTED_EDGE ( 'NONE', *, *, #3480, .T. ) ;
#397 = EDGE_CURVE ( 'NONE', #3566, #3988, #1607, .T. ) ;
#398 = CARTESIAN_POINT ( 'NONE',  ( -2.949554038080556304E-16, -2.408493649053873753, -4.841506350946118253 ) ) ;
#399 = CARTESIAN_POINT ( 'NONE',  ( -3.054126587736526677, 1.105496416853632984E-15, -3.656250000000000444 ) ) ;
#400 = CARTESIAN_POINT ( 'NONE',  ( 0.9736010864139216237, -2.350480947161670109, -0.9375000000000007772 ) ) ;
#401 = EDGE_CURVE ( 'NONE', #2465, #883, #932, .T. ) ;
#402 = CARTESIAN_POINT ( 'NONE',  ( 1.242640687119279885, -3.000000000000005329, -2.312500000000000888 ) ) ;
#403 = CARTESIAN_POINT ( 'NONE',  ( -2.350480947161670553, 1.062410547780433880E-15, 0.8749999999999998890 ) ) ;
#404 = VERTEX_POINT ( 'NONE', #4049 ) ;
#405 = CARTESIAN_POINT ( 'NONE',  ( -1.662041016787796366, -1.662041016787795256, 0.000000000000000000 ) ) ;
#406 = CARTESIAN_POINT ( 'NONE',  ( -2.121320343559642385, -2.121320343559641497, 1.499999999999999112 ) ) ;
#407 = CARTESIAN_POINT ( 'NONE',  ( -3.054126587736527121, 1.265060653844732874, 1.218750000000000222 ) ) ;
#408 = PLANE ( 'NONE',  #856 ) ;
#409 = CARTESIAN_POINT ( 'NONE',  ( 0.000000000000000000, 3.000000000000000888, -0.8750000000000011102 ) ) ;
#410 = CARTESIAN_POINT ( 'NONE',  ( -1.662041016787796366, -1.662041016787795256, -2.125000000000000444 ) ) ;
#411 = CARTESIAN_POINT ( 'NONE',  ( 0.2585219712599904351, 2.594268075924127892, -4.655731924074720141 ) ) ;
#412 = DIRECTION ( 'NONE',  ( 1.000000000000000000, 0.000000000000000000, 0.000000000000000000 ) ) ;
#413 = CARTESIAN_POINT ( 'NONE',  ( 0.9736010864139217347, -2.350480947161670109, 0.1874999999999993339 ) ) ;
#414 = ORIENTED_EDGE ( 'NONE', *, *, #655, .T. ) ;
#415 = CARTESIAN_POINT ( 'NONE',  ( -0.3698219102109476242, -2.321204953832802786, -4.899519052838323674 ) ) ;
#416 = AXIS2_PLACEMENT_3D ( 'NONE', #3079, #2803, #530 ) ;
#417 = LINE ( 'NONE', #89, #3277 ) ;
#418 = CARTESIAN_POINT ( 'NONE',  ( -3.740226349862365271E-16, -3.054126587736525789, -1.406250000000000444 ) ) ;
#419 = CARTESIAN_POINT ( 'NONE',  ( -2.350480947161670553, -0.9736010864139212906, 1.812500000000000000 ) ) ;
#420 = CIRCLE ( 'NONE', #2118, 28.63453637561146436 ) ;
#421 = CARTESIAN_POINT ( 'NONE',  ( 2.121320343559642385, -2.121320343559642385, -2.250000000000001332 ) ) ;
#422 = CARTESIAN_POINT ( 'NONE',  ( 2.350480947161670553, 4.867087541007580301E-16, -0.6250000000000005551 ) ) ;
#423 = EDGE_CURVE ( 'NONE', #3164, #3481, #1990, .T. ) ;
#424 = ADVANCED_FACE ( 'NONE', ( #1141 ), #804, .T. ) ;
#425 = EDGE_CURVE ( 'NONE', #2294, #849, #2633, .T. ) ;
#426 = CARTESIAN_POINT ( 'NONE',  ( -0.9736010864139222898, 2.350480947161671441, -3.312500000000000444 ) ) ;
#427 = CARTESIAN_POINT ( 'NONE',  ( -0.9076120467488717480, -1.885995725475430040, 9.600000000000001421 ) ) ;
#428 = CARTESIAN_POINT ( 'NONE',  ( -1.265060653844732430, -3.054126587736526677, 0.4687500000000003886 ) ) ;
#429 = CARTESIAN_POINT ( 'NONE',  ( -2.208752162012890707, 1.562774062705299505, -4.550303242857453689 ) ) ;
#430 = CARTESIAN_POINT ( 'NONE',  ( -2.999999999999999556, -1.242640687119284104, 2.312500000000001332 ) ) ;
#431 = CARTESIAN_POINT ( 'NONE',  ( -2.350480947161670553, 1.062410547780433880E-15, -1.250000000000000222 ) ) ;
#432 = DIRECTION ( 'NONE',  ( -1.000000000000000000, 5.329070518200751394E-15, 0.000000000000000000 ) ) ;
#433 = APPROVAL_DATE_TIME ( #3352, #776 ) ;
#434 = CARTESIAN_POINT ( 'NONE',  ( -2.350480947161670553, 0.9736010864139232890, -0.1875000000000001665 ) ) ;
#435 = B_SPLINE_CURVE_WITH_KNOTS ( 'NONE', 3,
 ( #4073, #3469, #1113, #1169 ),
 .UNSPECIFIED., .F., .F.,
 ( 4, 4 ),
 ( 0.000000000000000000, 4.435033181973194985E-05 ),
 .UNSPECIFIED. ) ;
#436 = EDGE_LOOP ( 'NONE', ( #4114, #2553, #4190, #1803 ) ) ;
#437 = CARTESIAN_POINT ( 'NONE',  ( 0.000000000000000000, 3.000000000000000888, 4.124999999999998224 ) ) ;
#438 = CARTESIAN_POINT ( 'NONE',  ( -2.999999999999999556, -1.242640687119284104, -3.562500000000001776 ) ) ;
#439 = CARTESIAN_POINT ( 'NONE',  ( 3.054126587736526677, -1.265060653844732652, 0.7812499999999990008 ) ) ;
#440 = CARTESIAN_POINT ( 'NONE',  ( 1.662041016787796144, -1.662041016787795922, 3.125000000000000000 ) ) ;
#441 = CARTESIAN_POINT ( 'NONE',  ( 0.000000000000000000, 3.000000000000000444, 2.000000000000000000 ) ) ;
#442 = CARTESIAN_POINT ( 'NONE',  ( 0.9736010864139216237, -2.350480947161670109, 1.187499999999999334 ) ) ;
#443 = EDGE_CURVE ( 'NONE', #1281, #3467, #1108, .T. ) ;
#444 = AXIS2_PLACEMENT_3D ( 'NONE', #3557, #3246, #683 ) ;
#445 = CARTESIAN_POINT ( 'NONE',  ( 0.9736010864139238441, 2.350480947161670997, 3.562500000000000888 ) ) ;
#446 = CARTESIAN_POINT ( 'NONE',  ( -2.999999999999999556, -1.242640687119284104, 1.437499999999999112 ) ) ;
#447 = CARTESIAN_POINT ( 'NONE',  ( 1.265060653844733762, 3.054126587736527121, -1.031250000000000000 ) ) ;
#448 = EDGE_CURVE ( 'NONE', #1714, #147, #2886, .T. ) ;
#449 = CARTESIAN_POINT ( 'NONE',  ( 1.880928570309210901, 0.8953788520239597259, 9.524905907753261403 ) ) ;
#450 = CARTESIAN_POINT ( 'NONE',  ( 2.350480947161670553, 4.867087541007580301E-16, -0.7500000000000006661 ) ) ;
#451 = CARTESIAN_POINT ( 'NONE',  ( -2.439511553441074732, -0.6105449855724456310, 4.999999999999998224 ) ) ;
#452 = EDGE_CURVE ( 'NONE', #3796, #214, #2426, .T. ) ;
#453 = CARTESIAN_POINT ( 'NONE',  ( -2.350480947161670553, 0.9736010864139232890, 0.8124999999999998890 ) ) ;
#454 = ORIENTED_EDGE ( 'NONE', *, *, #1589, .T. ) ;
#455 = PLANE ( 'NONE',  #1411 ) ;
#456 = CIRCLE ( 'NONE', #520, 4.945794552264513477 ) ;
#457 = DIRECTION ( 'NONE',  ( -0.000000000000000000, -1.836970198721029688E-16, 1.000000000000000000 ) ) ;
#458 = CARTESIAN_POINT ( 'NONE',  ( 3.054126587736526677, 3.574511468811600284E-16, -1.156250000000001110 ) ) ;
#459 = CARTESIAN_POINT ( 'NONE',  ( -2.350480947161670553, 1.062410547780433880E-15, 3.749999999999999112 ) ) ;
#460 = DIRECTION ( 'NONE',  ( -0.000000000000000000, -1.836970198721029688E-16, 1.000000000000000000 ) ) ;
#461 = CARTESIAN_POINT ( 'NONE',  ( 2.350480947161670109, -0.9736010864139228449, 1.312499999999999556 ) ) ;
#462 = CARTESIAN_POINT ( 'NONE',  ( 2.350480947161670109, 0.9736010864139235110, -0.6875000000000005551 ) ) ;
#463 = CARTESIAN_POINT ( 'NONE',  ( 0.9736010864139238441, 2.350480947161670997, 1.562499999999999556 ) ) ;
#464 = CARTESIAN_POINT ( 'NONE',  ( 3.000000000000000000, 3.673940397442059375E-16, 4.875000000000000000 ) ) ;
#465 = VERTEX_POINT ( 'NONE', #449 ) ;
#466 = CARTESIAN_POINT ( 'NONE',  ( 2.159593620790629664, 2.159593620790629664, -1.093750000000000000 ) ) ;
#467 = EDGE_CURVE ( 'NONE', #3195, #3228, #3250, .T. ) ;
#468 = SPHERICAL_SURFACE ( 'NONE', #3772, 28.93193437687872915 ) ;
#469 = CARTESIAN_POINT ( 'NONE',  ( 0.9736010864139238441, 2.350480947161670997, 0.4374999999999995004 ) ) ;
#470 = EDGE_CURVE ( 'NONE', #3619, #2903, #2145, .T. ) ;
#471 = EDGE_CURVE ( 'NONE', #2468, #949, #1407, .T. ) ;
#472 = CARTESIAN_POINT ( 'NONE',  ( -2.350480947161670553, -0.9736010864139211796, 1.937500000000000000 ) ) ;
#473 = ORIENTED_EDGE ( 'NONE', *, *, #448, .F. ) ;
#474 = CARTESIAN_POINT ( 'NONE',  ( 3.000000000000000000, 3.673940397442060361E-16, -0.2500000000000001110 ) ) ;
#475 = ORIENTED_EDGE ( 'NONE', *, *, #208, .F. ) ;
#476 = CARTESIAN_POINT ( 'NONE',  ( -6.255777513808729229E-16, -5.108229995917396238, 9.145474443040736645 ) ) ;
#477 = CARTESIAN_POINT ( 'NONE',  ( 1.265060653844733762, 3.054126587736527121, -0.9687500000000008882 ) ) ;
#478 = CARTESIAN_POINT ( 'NONE',  ( 0.000000000000000000, 2.350480947161671441, 0.4999999999999995559 ) ) ;
#479 = ORIENTED_EDGE ( 'NONE', *, *, #1081, .F. ) ;
#480 = SPHERICAL_SURFACE ( 'NONE', #3215, 6.000000000000001776 ) ;
#481 = CARTESIAN_POINT ( 'NONE',  ( -1.662041016787796366, -1.662041016787795256, 3.000000000000000000 ) ) ;
#482 = CARTESIAN_POINT ( 'NONE',  ( -2.350480947161670553, 0.9736010864139231780, 0.6874999999999997780 ) ) ;
#483 = CARTESIAN_POINT ( 'NONE',  ( -2.878508968398378757E-16, -2.350480947161669665, 1.125000000000000222 ) ) ;
#484 = DIRECTION ( 'NONE',  ( 0.000000000000000000, -1.000000000000000000, -2.891205793294679312E-16 ) ) ;
#485 = CARTESIAN_POINT ( 'NONE',  ( -3.740226349862365271E-16, -3.054126587736525789, -0.4687499999999995559 ) ) ;
#486 = AXIS2_PLACEMENT_3D ( 'NONE', #1015, #2990, #62 ) ;
#487 = DIRECTION ( 'NONE',  ( -0.000000000000000000, -0.000000000000000000, -1.000000000000000000 ) ) ;
#488 = CARTESIAN_POINT ( 'NONE',  ( 0.9699503216438999376, 0.5446109464931279120, 5.709927797833932672 ) ) ;
#489 =( BOUNDED_CURVE ( )  B_SPLINE_CURVE ( 2, ( #665, #2844, #618, #1598, #1964, #3247, #923, #1322, #327, #2218, #3890, #3513, #351, #1644, #594, #2942, #20, #1891, #278, #3913, #4157, #1255, #2557, #3291, #3012, #2049, #2989, #1014, #1729, #2349, #1090, #3935, #1689, #1366, #1073, #1987, #83, #2367, #1386, #763, #2069, #1032, #3349, #1748, #3646, #3330, #410, #2384, #3627, #61, #745, #705, #3031, #684, #2645, #2309, #3681, #3992, #2683, #2663, #431, #3369, #3664, #3052, #372, #726, #122, #2028, #450, #3971, #1427, #2720, #103, #3602, #1667, #3952, #2965, #1408, #2700, #42, #1342, #2330, #2007, #3310, #1709, #391, #1054, #469, #3071, #3388, #1766, #141, #3700, #1109, #2405, #1448, #785, #2087, #4011, #600, #1310, #2222, #1602, #1943, #3252, #25, #3494, #331, #4188, #1627, #4162, #2925, #2583, #260, #1557, #1327, #952, #3540, #3, #3805, #1895, #903, #3873, #3208, #2608, #928, #3563, #2198, #576, #283, #1873, #2876, #306, #3895, #998, #3851, #645, #3185, #623, #1238, #2851, #1919, #2293, #4139, #1580, #2538, #1259, #670, #2561, #3827, #3517, #3586, #2246, #2899, #3231, #1284, #977, #1969, #2268, #3275, #356 ),
 .UNSPECIFIED., .F., .F. ) 
 B_SPLINE_CURVE_WITH_KNOTS ( ( 3, 2, 2, 2, 2, 2, 2, 2, 2, 2, 2, 2, 2, 2, 2, 2, 2, 2, 2, 2, 2, 2, 2, 2, 2, 2, 2, 2, 2, 2, 2, 2, 2, 2, 2, 2, 2, 2, 2, 2, 2, 2, 2, 2, 2, 2, 2, 2, 2, 2, 2, 2, 2, 2, 2, 2, 2, 2, 2, 2, 2, 2, 2, 2, 2, 2, 2, 2, 2, 2, 2, 2, 2, 2, 2, 2, 2, 2, 2, 2, 3 ),
 ( 0.04996193206463750425, 0.05208333333333333565, 0.06250000000000000000, 0.07291666666666667129, 0.08333333333333332871, 0.09375000000000000000, 0.1041666666666666713, 0.1145833333333333287, 0.1250000000000000000, 0.1354166666666666574, 0.1458333333333333426, 0.1562500000000000000, 0.1666666666666666574, 0.1770833333333333426, 0.1875000000000000000, 0.1979166666666666574, 0.2083333333333333426, 0.2187500000000000000, 0.2291666666666666297, 0.2395833333333333426, 0.2500000000000000000, 0.2604166666666666852, 0.2708333333333333148, 0.2812500000000000000, 0.2916666666666667407, 0.3020833333333333148, 0.3125000000000000000, 0.3229166666666666852, 0.3333333333333333148, 0.3437500000000000000, 0.3541666666666666852, 0.3645833333333333148, 0.3750000000000000000, 0.3854166666666666297, 0.3958333333333333148, 0.4062500000000000000, 0.4166666666666666852, 0.4270833333333333148, 0.4375000000000000000, 0.4479166666666667407, 0.4583333333333333703, 0.4687500000000000000, 0.4791666666666666852, 0.4895833333333333148, 0.5000000000000000000, 0.5104166666666666297, 0.5208333333333332593, 0.5312500000000000000, 0.5416666666666665186, 0.5520833333333333703, 0.5625000000000000000, 0.5729166666666666297, 0.5833333333333333703, 0.5937500000000000000, 0.6041666666666666297, 0.6145833333333333703, 0.6250000000000000000, 0.6354166666666666297, 0.6458333333333333703, 0.6562500000000000000, 0.6666666666666666297, 0.6770833333333333703, 0.6875000000000000000, 0.6979166666666666297, 0.7083333333333333703, 0.7187500000000000000, 0.7291666666666666297, 0.7395833333333333703, 0.7500000000000000000, 0.7604166666666666297, 0.7708333333333332593, 0.7812499999999998890, 0.7916666666666665186, 0.8020833333333333703, 0.8125000000000000000, 0.8229166666666666297, 0.8333333333333333703, 0.8437500000000000000, 0.8541666666666666297, 0.8645833333333333703, 0.8750000000000000000 ),
 .UNSPECIFIED. ) 
 CURVE ( )  GEOMETRIC_REPRESENTATION_ITEM ( )  RATIONAL_B_SPLINE_CURVE ( ( 0.9753096629729560707, 0.9844977225947895150, 1.000000000000000000, 0.9238795325112867385, 1.000000000000000000, 0.9238795325112867385, 1.000000000000000000, 0.9238795325112867385, 1.000000000000000000, 0.9238795325112867385, 1.000000000000000000, 0.9238795325112867385, 1.000000000000000000, 0.9238795325112867385, 1.000000000000000000, 0.9238795325112867385, 1.000000000000000000, 0.9238795325112867385, 1.000000000000000000, 0.9238795325112867385, 1.000000000000000000, 0.9238795325112867385, 1.000000000000000000, 0.9238795325112867385, 1.000000000000000000, 0.9238795325112867385, 1.000000000000000000, 0.9238795325112867385, 1.000000000000000000, 0.9238795325112867385, 1.000000000000000000, 0.9238795325112867385, 1.000000000000000000, 0.9238795325112867385, 1.000000000000000000, 0.9238795325112867385, 1.000000000000000000, 0.9238795325112867385, 1.000000000000000000, 0.9238795325112867385, 1.000000000000000000, 0.9238795325112867385, 1.000000000000000000, 0.9238795325112867385, 1.000000000000000000, 0.9238795325112867385, 1.000000000000000000, 0.9238795325112867385, 1.000000000000000000, 0.9238795325112867385, 1.000000000000000000, 0.9238795325112867385, 1.000000000000000000, 0.9238795325112867385, 1.000000000000000000, 0.9238795325112867385, 1.000000000000000000, 0.9238795325112867385, 1.000000000000000000, 0.9238795325112867385, 1.000000000000000000, 0.9238795325112867385, 1.000000000000000000, 0.9238795325112867385, 1.000000000000000000, 0.9238795325112867385, 1.000000000000000000, 0.9238795325112867385, 1.000000000000000000, 0.9238795325112867385, 1.000000000000000000, 0.9238795325112867385, 1.000000000000000000, 0.9238795325112867385, 1.000000000000000000, 0.9238795325112867385, 1.000000000000000000, 0.9238795325112867385, 1.000000000000000000, 0.9238795325112867385, 1.000000000000000000, 0.9238795325112867385, 1.000000000000000000, 0.9238795325112867385, 1.000000000000000000, 0.9238795325112867385, 1.000000000000000000, 0.9238795325112867385, 1.000000000000000000, 0.9238795325112867385, 1.000000000000000000, 0.9238795325112867385, 1.000000000000000000, 0.9238795325112867385, 1.000000000000000000, 0.9238795325112867385, 1.000000000000000000, 0.9238795325112867385, 1.000000000000000000, 0.9238795325112867385, 1.000000000000000000, 0.9238795325112867385, 1.000000000000000000, 0.9238795325112867385, 1.000000000000000000, 0.9238795325112867385, 1.000000000000000000, 0.9238795325112867385, 1.000000000000000000, 0.9238795325112867385, 1.000000000000000000, 0.9238795325112867385, 1.000000000000000000, 0.9238795325112867385, 1.000000000000000000, 0.9238795325112867385, 1.000000000000000000, 0.9238795325112867385, 1.000000000000000000, 0.9238795325112867385, 1.000000000000000000, 0.9238795325112867385, 1.000000000000000000, 0.9238795325112867385, 1.000000000000000000, 0.9238795325112867385, 1.000000000000000000, 0.9238795325112867385, 1.000000000000000000, 0.9238795325112867385, 1.000000000000000000, 0.9238795325112867385, 1.000000000000000000, 0.9238795325112867385, 1.000000000000000000, 0.9238795325112867385, 1.000000000000000000, 0.9238795325112867385, 1.000000000000000000, 0.9238795325112867385, 1.000000000000000000, 0.9238795325112867385, 1.000000000000000000, 0.9238795325112867385, 1.000000000000000000, 0.9238795325112867385, 1.000000000000000000, 0.9238795325112867385, 1.000000000000000000, 0.9238795325112867385, 1.000000000000000000, 0.9238795325112867385, 1.000000000000000000, 0.9238795325112867385, 1.000000000000000000, 0.9238795325112867385, 1.000000000000000000, 0.9238795325112867385, 1.000000000000000000, 0.9238795325112867385, 1.000000000000000000 ) ) 
 REPRESENTATION_ITEM ( '' )  );
#490 = CARTESIAN_POINT ( 'NONE',  ( 2.350480947161670553, 4.867087541007580301E-16, 3.375000000000000444 ) ) ;
#491 = VERTEX_POINT ( 'NONE', #1504 ) ;
#492 = VERTEX_POINT ( 'NONE', #3699 ) ;
#493 = CARTESIAN_POINT ( 'NONE',  ( 0.6469952317479682469, 2.908604249243456508, 8.165138657535667477 ) ) ;
#494 = CARTESIAN_POINT ( 'NONE',  ( -3.054126587736527121, -1.265060653844730876, 0.4062499999999995004 ) ) ;
#495 = CARTESIAN_POINT ( 'NONE',  ( 2.350480947161670109, 0.9736010864139235110, 0.3124999999999993339 ) ) ;
#496 = CARTESIAN_POINT ( 'NONE',  ( -3.673940397442059375E-16, -2.999999999999999112, -2.500000000000000000 ) ) ;
#497 = CARTESIAN_POINT ( 'NONE',  ( 0.9736010864139238441, 2.350480947161670997, 5.562500000000002665 ) ) ;
#498 = CARTESIAN_POINT ( 'NONE',  ( 0.000000000000000000, 2.350480947161671441, -0.5000000000000004441 ) ) ;
#499 = CARTESIAN_POINT ( 'NONE',  ( 1.662041016787796144, -1.662041016787795922, 2.249999999999999556 ) ) ;
#500 = CARTESIAN_POINT ( 'NONE',  ( -2.878508968398378264E-16, -2.350480947161669221, -4.899519052838321898 ) ) ;
#501 = ORIENTED_EDGE ( 'NONE', *, *, #1641, .T. ) ;
#502 = AXIS2_PLACEMENT_3D ( 'NONE', #1763, #2402, #138 ) ;
#503 = CARTESIAN_POINT ( 'NONE',  ( -2.159593620790629220, -2.159593620790628332, 5.406250000000000888 ) ) ;
#504 = DIRECTION ( 'NONE',  ( 0.9238795325112889589, -0.3826834323650843972, -1.405956121597869546E-16 ) ) ;
#505 = CARTESIAN_POINT ( 'NONE',  ( -2.908612572434727372, -0.6469996767293466622, 8.165163866277007187 ) ) ;
#506 = ORIENTED_EDGE ( 'NONE', *, *, #4095, .T. ) ;
#507 = CARTESIAN_POINT ( 'NONE',  ( 2.999999999999999556, 7.669329927961027605E-14, -4.249999999999997335 ) ) ;
#508 = CYLINDRICAL_SURFACE ( 'NONE', #934, 2.999999999999999112 ) ;
#509 = CARTESIAN_POINT ( 'NONE',  ( -1.207097663527946230, -1.181714235612966624, 9.550645913738115667 ) ) ;
#510 =( BOUNDED_CURVE ( )  B_SPLINE_CURVE ( 2, ( #3132, #207, #1506, #4086, #2483, #4108, #1204, #2504, #2641 ),
 .UNSPECIFIED., .F., .F. ) 
 B_SPLINE_CURVE_WITH_KNOTS ( ( 3, 2, 2, 2, 3 ),
 ( 0.4166666666666667407, 0.4270833333333334259, 0.4375000000000000000, 0.4479166666666666297, 0.4583333333333333148 ),
 .UNSPECIFIED. ) 
 CURVE ( )  GEOMETRIC_REPRESENTATION_ITEM ( )  RATIONAL_B_SPLINE_CURVE ( ( 0.9999999999999992228, 0.9238795325112875156, 1.000000000000000000, 0.9238795325112867385, 1.000000000000000000, 0.9238795325112867385, 1.000000000000000000, 0.9238795325112871826, 0.9999999999999995559 ) ) 
 REPRESENTATION_ITEM ( '' )  );
#511 = ORIENTED_EDGE ( 'NONE', *, *, #1, .T. ) ;
#512 = ORIENTED_EDGE ( 'NONE', *, *, #3921, .T. ) ;
#513 = CARTESIAN_POINT ( 'NONE',  ( -1.042221157141715926, -2.112405179870928684, 4.999999999999998224 ) ) ;
#514 = ADVANCED_FACE ( 'NONE', ( #784 ), #468, .T. ) ;
#515 = DIRECTION ( 'NONE',  ( 1.000000000000000000, 0.000000000000000000, 0.000000000000000000 ) ) ;
#516 = CARTESIAN_POINT ( 'NONE',  ( 3.054126587736526677, 3.574511468811600284E-16, 2.843750000000000000 ) ) ;
#517 = ORIENTED_EDGE ( 'NONE', *, *, #1081, .T. ) ;
#518 = DIRECTION ( 'NONE',  ( -3.491481338843133355E-15, -1.000000000000000000, 0.000000000000000000 ) ) ;
#519 = CARTESIAN_POINT ( 'NONE',  ( -2.350480947161670553, -0.9736010864139212906, 5.937499999999999112 ) ) ;
#520 = AXIS2_PLACEMENT_3D ( 'NONE', #4200, #591, #1664 ) ;
#521 = CARTESIAN_POINT ( 'NONE',  ( -0.9736010864139222898, 2.350480947161671441, -1.437500000000000666 ) ) ;
#522 = EDGE_CURVE ( 'NONE', #1464, #1508, #3365, .T. ) ;
#523 = CARTESIAN_POINT ( 'NONE',  ( 0.9736010864139238441, 2.350480947161670997, 2.562500000000000000 ) ) ;
#524 = CARTESIAN_POINT ( 'NONE',  ( -3.740226349862365271E-16, -3.054126587736525789, 4.531250000000000000 ) ) ;
#525 = CALENDAR_DATE ( 2026, 8, 1 ) ;
#526 = DIRECTION ( 'NONE',  ( -0.9238795325112889589, 0.3826834323650843972, 1.405956121597869546E-16 ) ) ;
#527 = CARTESIAN_POINT ( 'NONE',  ( 2.940084479891901026, -0.3566005090467688210, -4.293697699074676244 ) ) ;
#528 = ORIENTED_EDGE ( 'NONE', *, *, #1356, .F. ) ;
#529 = EDGE_LOOP ( 'NONE', ( #237, #664, #4034, #3211 ) ) ;
#530 = DIRECTION ( 'NONE',  ( 0.3826834323650878944, -0.9238795325112876267, 0.000000000000000000 ) ) ;
#531 = CARTESIAN_POINT ( 'NONE',  ( -1.909514043183162535, -0.8864769705118425991, 9.523307088717604785 ) ) ;
#532 =( BOUNDED_CURVE ( )  B_SPLINE_CURVE ( 2, ( #907, #1898, #1605, #3278, #2855, #3190, #626, #1922, #3256 ),
 .UNSPECIFIED., .F., .F. ) 
 B_SPLINE_CURVE_WITH_KNOTS ( ( 3, 2, 2, 2, 3 ),
 ( 0.7500000000000000000, 0.7604166666666666297, 0.7708333333333333703, 0.7812500000000000000, 0.7916666666666666297 ),
 .UNSPECIFIED. ) 
 CURVE ( )  GEOMETRIC_REPRESENTATION_ITEM ( )  RATIONAL_B_SPLINE_CURVE ( ( 1.000000000000000000, 0.9238795325112867385, 1.000000000000000000, 0.9238795325112867385, 1.000000000000000000, 0.9238795325112867385, 1.000000000000000000, 0.9238795325112867385, 1.000000000000000000 ) ) 
 REPRESENTATION_ITEM ( '' )  );
#533 = CARTESIAN_POINT ( 'NONE',  ( -3.740226349862365271E-16, -3.054126587736525789, 4.593750000000000000 ) ) ;
#534 = ORIENTED_EDGE ( 'NONE', *, *, #2551, .F. ) ;
#535 = DIRECTION ( 'NONE',  ( -0.000000000000000000, -1.836970198721029688E-16, 1.000000000000000000 ) ) ;
#536 = CARTESIAN_POINT ( 'NONE',  ( 2.350480947161670553, 4.867087541007580301E-16, 4.374999999999999112 ) ) ;
#537 = CARTESIAN_POINT ( 'NONE',  ( -2.350480947161670553, 0.9736010864139231780, 5.687499999999999112 ) ) ;
#538 = CARTESIAN_POINT ( 'NONE',  ( -1.662041016787796366, -1.662041016787795256, 5.999999999999999112 ) ) ;
#539 = DIRECTION ( 'NONE',  ( 1.637961866169332420E-15, 0.1736481776669305532, 0.9848077530122081313 ) ) ;
#540 = AXIS2_PLACEMENT_3D ( 'NONE', #3332, #1057, #412 ) ;
#541 = EDGE_CURVE ( 'NONE', #2170, #1261, #2957, .T. ) ;
#542 = CARTESIAN_POINT ( 'NONE',  ( 2.159593620790628776, -2.159593620790628776, 3.656250000000000444 ) ) ;
#543 = ORIENTED_EDGE ( 'NONE', *, *, #919, .F. ) ;
#544 = EDGE_CURVE ( 'NONE', #3459, #3067, #1818, .T. ) ;
#545 = CARTESIAN_POINT ( 'NONE',  ( 1.825032393669162589, -2.372975601305287174, -4.262643200982907388 ) ) ;
#546 = DIRECTION ( 'NONE',  ( 0.000000000000000000, -1.000000000000000000, -2.891205793294679312E-16 ) ) ;
#547 = CARTESIAN_POINT ( 'NONE',  ( -1.662041016787796144, 1.662041016787797254, 2.750000000000000000 ) ) ;
#548 = AXIS2_PLACEMENT_3D ( 'NONE', #3416, #2415, #2787 ) ;
#549 = ORIENTED_EDGE ( 'NONE', *, *, #452, .F. ) ;
#550 = CARTESIAN_POINT ( 'NONE',  ( -3.673940397442059375E-16, -2.999999999999999112, 3.624999999999998668 ) ) ;
#551 = VERTEX_POINT ( 'NONE', #3171 ) ;
#552 = DIRECTION ( 'NONE',  ( 0.1736481776669306920, 0.000000000000000000, 0.9848077530122080203 ) ) ;
#553 = CARTESIAN_POINT ( 'NONE',  ( -1.265060653844732208, 3.054126587736527565, 2.156250000000000000 ) ) ;
#554 = EDGE_LOOP ( 'NONE', ( #2821, #3440, #2225, #3905 ) ) ;
#555 = CARTESIAN_POINT ( 'NONE',  ( -3.000000000000000000, 1.102182119232617714E-15, -2.750000000000000000 ) ) ;
#556 = CARTESIAN_POINT ( 'NONE',  ( -2.350480947161670553, -0.9736010864139212906, 2.937500000000000444 ) ) ;
#557 = CARTESIAN_POINT ( 'NONE',  ( -2.350480947161670553, 0.9736010864139231780, 2.687500000000000000 ) ) ;
#558 = CARTESIAN_POINT ( 'NONE',  ( 2.350480947161670109, -0.9736010864139228449, -4.812500000000000888 ) ) ;
#559 = CARTESIAN_POINT ( 'NONE',  ( 0.000000000000000000, -2.999999999999997780, -4.249999999999998224 ) ) ;
#560 = ORIENTED_EDGE ( 'NONE', *, *, #2396, .F. ) ;
#561 = CARTESIAN_POINT ( 'NONE',  ( 3.054126587736527121, 1.265060653844733318, 5.843750000000000888 ) ) ;
#562 = CARTESIAN_POINT ( 'NONE',  ( 0.1926621273739732576, -2.927063171013173370, -4.322936828985727509 ) ) ;
#563 = CARTESIAN_POINT ( 'NONE',  ( -1.251446308495999249, 2.602894380813568276, 4.999999999999987566 ) ) ;
#564 = EDGE_LOOP ( 'NONE', ( #2602, #979, #1639, #812, #1612, #353, #1752 ) ) ;
#565 = CIRCLE ( 'NONE', #304, 6.000000000000001776 ) ;
#566 = CARTESIAN_POINT ( 'NONE',  ( -0.9736010864139222898, 2.350480947161671441, 3.687499999999999112 ) ) ;
#567 = DIRECTION ( 'NONE',  ( 1.000000000000000000, -5.329070518200751394E-15, 0.000000000000000000 ) ) ;
#568 = CARTESIAN_POINT ( 'NONE',  ( -1.171672494725314095, -1.225585463979570022, 9.550274073928248342 ) ) ;
#569 = EDGE_CURVE ( 'NONE', #3467, #492, #1949, .T. ) ;
#570 = CARTESIAN_POINT ( 'NONE',  ( -2.350480947161670553, 1.062410547780433880E-15, 4.750000000000000000 ) ) ;
#571 = EDGE_LOOP ( 'NONE', ( #1827, #2558, #766, #4186 ) ) ;
#572 = ORIENTED_EDGE ( 'NONE', *, *, #2857, .T. ) ;
#573 = CARTESIAN_POINT ( 'NONE',  ( -0.2140753138541143241, 1.924264068711935449, 5.709927797833932672 ) ) ;
#574 = B_SPLINE_CURVE_WITH_KNOTS ( 'NONE', 3,
 ( #3979, #3318, #691, #398 ),
 .UNSPECIFIED., .F., .F.,
 ( 4, 4 ),
 ( 0.000000000000000000, 0.0003831023336064501555 ),
 .UNSPECIFIED. ) ;
#575 = CARTESIAN_POINT ( 'NONE',  ( -2.999999999999999556, 1.242640687119286325, -3.812500000000000000 ) ) ;
#576 = CARTESIAN_POINT ( 'NONE',  ( -2.878508968398378757E-16, -2.350480947161669665, 3.000000000000000000 ) ) ;
#577 = CARTESIAN_POINT ( 'NONE',  ( -3.054126587736527121, 1.265060653844732874, 4.281250000000000000 ) ) ;
#578 = EDGE_LOOP ( 'NONE', ( #2137, #2922, #2973, #939 ) ) ;
#579 = CARTESIAN_POINT ( 'NONE',  ( 2.499004714539293293, -0.4300603502286083901, 6.934839807933945721 ) ) ;
#580 = CARTESIAN_POINT ( 'NONE',  ( 0.000000000000000000, 0.000000000000000000, 5.709927797833932672 ) ) ;
#581 = CARTESIAN_POINT ( 'NONE',  ( -2.350480947161670553, -0.9736010864139212906, 1.812500000000000000 ) ) ;
#582 = CARTESIAN_POINT ( 'NONE',  ( 0.000000000000000000, 2.350480947161671441, -5.500000000000000888 ) ) ;
#583 = CARTESIAN_POINT ( 'NONE',  ( 2.999999999999999556, 1.242640687119286769, -2.187500000000000444 ) ) ;
#584 = CARTESIAN_POINT ( 'NONE',  ( 1.265060653844731542, -3.054126587736527121, 5.593750000000000000 ) ) ;
#585 = AXIS2_PLACEMENT_3D ( 'NONE', #2233, #3837, #3152 ) ;
#586 = CARTESIAN_POINT ( 'NONE',  ( -3.673940397442059375E-16, -2.999999999999999112, -3.500000000000000000 ) ) ;
#587 = CYLINDRICAL_SURFACE ( 'NONE', #1061, 2.999999999999999112 ) ;
#588 = CARTESIAN_POINT ( 'NONE',  ( -0.2637857088810112161, 2.967766948979855268, 5.000000000000000000 ) ) ;
#589 = ADVANCED_FACE ( 'NONE', ( #2817 ), #2840, .T. ) ;
#590 = ORIENTED_EDGE ( 'NONE', *, *, #649, .T. ) ;
#591 = DIRECTION ( 'NONE',  ( -0.000000000000000000, -1.836970198721029688E-16, 1.000000000000000000 ) ) ;
#592 = CARTESIAN_POINT ( 'NONE',  ( 0.000000000000000000, 3.000000000000000444, -2.000000000000000000 ) ) ;
#593 = CARTESIAN_POINT ( 'NONE',  ( 0.000000000000000000, -2.449293598294706907E-16, 5.000000000000000000 ) ) ;
#594 = CARTESIAN_POINT ( 'NONE',  ( -1.662041016787796366, -1.662041016787795256, -4.125000000000000000 ) ) ;
#595 = ORIENTED_EDGE ( 'NONE', *, *, #2351, .T. ) ;
#596 = EDGE_CURVE ( 'NONE', #3566, #492, #3621, .T. ) ;
#597 = CARTESIAN_POINT ( 'NONE',  ( 3.000000000000000000, 3.673940397442059375E-16, -3.125000000000000888 ) ) ;
#598 = EDGE_CURVE ( 'NONE', #4156, #1661, #489, .T. ) ;
#599 = CARTESIAN_POINT ( 'NONE',  ( 1.894522849892233518, 0.8896129467993318940, 9.524198720165914622 ) ) ;
#600 = CARTESIAN_POINT ( 'NONE',  ( 2.350480947161670109, -0.9736010864139228449, 1.187499999999999334 ) ) ;
#601 = CARTESIAN_POINT ( 'NONE',  ( -2.159593620790629220, -2.159593620790628332, 4.468750000000000000 ) ) ;
#602 = VERTEX_POINT ( 'NONE', #1650 ) ;
#603 = CARTESIAN_POINT ( 'NONE',  ( 0.8641082669390762749, -3.315146656056915830, 9.396447866816338035 ) ) ;
#604 = CARTESIAN_POINT ( 'NONE',  ( 2.350480947161670109, -0.9736010864139228449, 2.187500000000000000 ) ) ;
#605 = PERSON ( 'UNSPECIFIED', 'UNSPECIFIED', 'UNSPECIFIED', ('UNSPECIFIED'), ('UNSPECIFIED'), ('UNSPECIFIED') ) ;
#606 = CARTESIAN_POINT ( 'NONE',  ( -0.9736010864139222898, 2.350480947161671441, 5.687499999999999112 ) ) ;
#607 = CARTESIAN_POINT ( 'NONE',  ( -3.673940397442059375E-16, -2.999999999999999112, -0.3750000000000014988 ) ) ;
#608 = EDGE_LOOP ( 'NONE', ( #871, #4135, #219, #1128, #262, #1829, #954, #4199, #1145, #1453, #1416, #3109, #3956, #2195, #1759, #2523, #3499, #328, #1848, #719, #2902, #511, #4119, #3042, #3468, #988, #2745, #1582, #16, #1414, #686, #2956, #4109, #3704, #1347 ) ) ;
#609 = CARTESIAN_POINT ( 'NONE',  ( -0.9736010864139222898, 2.350480947161671441, -2.312500000000000888 ) ) ;
#610 = CARTESIAN_POINT ( 'NONE',  ( 1.222161061795165926, -1.173320811696933585, 9.550352266878380902 ) ) ;
#611 = VECTOR ( 'NONE', #265, 1000.000000000000000 ) ;
#612 = DIRECTION ( 'NONE',  ( 0.1736481776669307198, 0.000000000000000000, 0.9848077530122080203 ) ) ;
#613 = CARTESIAN_POINT ( 'NONE',  ( -2.159593620790629220, -2.159593620790628332, -4.593750000000000000 ) ) ;
#614 = VERTEX_POINT ( 'NONE', #2948 ) ;
#615 = CARTESIAN_POINT ( 'NONE',  ( 0.9736010864139216237, -2.350480947161670109, -2.937500000000001332 ) ) ;
#616 = CARTESIAN_POINT ( 'NONE',  ( -3.000000000000000000, 1.102182119232617714E-15, -1.749999999999999556 ) ) ;
#617 = ORIENTED_EDGE ( 'NONE', *, *, #2849, .F. ) ;
#618 = CARTESIAN_POINT ( 'NONE',  ( 1.662041016787796144, -1.662041016787795922, -4.875000000000000888 ) ) ;
#619 = AXIS2_PLACEMENT_3D ( 'NONE', #115, #2358, #3378 ) ;
#620 = ORIENTED_EDGE ( 'NONE', *, *, #1163, .T. ) ;
#621 = CARTESIAN_POINT ( 'NONE',  ( -3.673940397442059375E-16, -2.999999999999999112, -0.3750000000000014988 ) ) ;
#622 = CARTESIAN_POINT ( 'NONE',  ( -2.350480947161670553, 0.9736010864139232890, -4.187500000000000000 ) ) ;
#623 = CARTESIAN_POINT ( 'NONE',  ( -1.662041016787796144, 1.662041016787797254, 3.624999999999998668 ) ) ;
#624 = CARTESIAN_POINT ( 'NONE',  ( 1.946345016029844999, -1.705286214273888490, 5.000000000000008882 ) ) ;
#625 = ORIENTED_EDGE ( 'NONE', *, *, #321, .T. ) ;
#626 = CARTESIAN_POINT ( 'NONE',  ( -2.121320343559642385, -2.121320343559641497, 3.499999999999998668 ) ) ;
#627 =( BOUNDED_CURVE ( )  B_SPLINE_CURVE ( 2, ( #2522, #3503, #269, #631, #674, #3548, #1656, #911, #1221 ),
 .UNSPECIFIED., .F., .F. ) 
 B_SPLINE_CURVE_WITH_KNOTS ( ( 3, 2, 2, 2, 3 ),
 ( 0.6666666666666666297, 0.6770833333333333703, 0.6875000000000000000, 0.6979166666666665186, 0.7083333333333332593 ),
 .UNSPECIFIED. ) 
 CURVE ( )  GEOMETRIC_REPRESENTATION_ITEM ( )  RATIONAL_B_SPLINE_CURVE ( ( 1.000000000000000000, 0.9238795325112867385, 1.000000000000000000, 0.9238795325112867385, 1.000000000000000000, 0.9238795325112867385, 1.000000000000000000, 0.9238795325112875156, 0.9999999999999992228 ) ) 
 REPRESENTATION_ITEM ( '' )  );
#628 = CARTESIAN_POINT ( 'NONE',  ( -1.662041016787796366, -1.662041016787795256, 4.875000000000000000 ) ) ;
#629 = CARTESIAN_POINT ( 'NONE',  ( -1.662041016787796144, 1.662041016787797254, 4.750000000000000000 ) ) ;
#630 = EDGE_CURVE ( 'NONE', #3779, #3818, #1009, .T. ) ;
#631 = CARTESIAN_POINT ( 'NONE',  ( -2.999999999999999556, 1.242640687119286325, 2.312499999999999112 ) ) ;
#632 = ORIENTED_EDGE ( 'NONE', *, *, #1210, .T. ) ;
#633 = CARTESIAN_POINT ( 'NONE',  ( -1.662041016787796144, 1.662041016787797254, -4.250000000000000000 ) ) ;
#634 = DIRECTION ( 'NONE',  ( -1.224646799147353207E-16, -1.000000000000000000, 0.000000000000000000 ) ) ;
#635 = CARTESIAN_POINT ( 'NONE',  ( 1.265060653844733762, 3.054126587736527121, -3.031250000000000000 ) ) ;
#636 = EDGE_LOOP ( 'NONE', ( #924, #2183, #2219, #4082 ) ) ;
#637 = CARTESIAN_POINT ( 'NONE',  ( -2.878508968398378757E-16, -2.350480947161669665, -4.000000000000000000 ) ) ;
#638 = FACE_OUTER_BOUND ( 'NONE', #636, .T. ) ;
#639 = CARTESIAN_POINT ( 'NONE',  ( 0.000000000000000000, 3.000000000000000444, -4.000000000000000000 ) ) ;
#640 = CARTESIAN_POINT ( 'NONE',  ( 0.9736010864139238441, 2.350480947161670997, 5.437500000000001776 ) ) ;
#641 = EDGE_LOOP ( 'NONE', ( #3785, #3490, #1431, #342 ) ) ;
#642 = LINE ( 'NONE', #3824, #3204 ) ;
#643 = CIRCLE ( 'NONE', #713, 0.7859246861458741851 ) ;
#644 = CARTESIAN_POINT ( 'NONE',  ( -0.9736010864139225118, -2.350480947161669665, -3.937500000000000000 ) ) ;
#645 = CARTESIAN_POINT ( 'NONE',  ( 0.000000000000000000, 2.350480947161671441, 3.500000000000000444 ) ) ;
#646 = CARTESIAN_POINT ( 'NONE',  ( 0.5345550387429183203, -2.365310304593303048, 5.000000000000000000 ) ) ;
#647 = EDGE_LOOP ( 'NONE', ( #1869, #3137, #572, #2579, #2042, #3363, #1147, #302, #110, #4106, #632, #1610, #275, #625, #3465, #1876, #1672, #4205, #590, #789, #297, #2935, #3205 ) ) ;
#648 = DIRECTION ( 'NONE',  ( -0.9848077530122080203, -4.014419319083126282E-16, 0.1736481776669309141 ) ) ;
#649 = EDGE_CURVE ( 'NONE', #3067, #3314, #1543, .T. ) ;
#650 = CARTESIAN_POINT ( 'NONE',  ( -2.350480947161670553, -0.9736010864139212906, 5.812499999999999112 ) ) ;
#651 = CARTESIAN_POINT ( 'NONE',  ( 2.350480947161670553, 4.867087541007580301E-16, -0.7500000000000006661 ) ) ;
#652 =( BOUNDED_CURVE ( )  B_SPLINE_CURVE ( 2, ( #1668, #3603, #3581, #2831, #1056, #352, #2331, #2310, #1855 ),
 .UNSPECIFIED., .F., .F. ) 
 B_SPLINE_CURVE_WITH_KNOTS ( ( 3, 2, 2, 2, 3 ),
 ( 0.2083333333333334259, 0.2187500000000000555, 0.2291666666666666574, 0.2395833333333333703, 0.2500000000000000000 ),
 .UNSPECIFIED. ) 
 CURVE ( )  GEOMETRIC_REPRESENTATION_ITEM ( )  RATIONAL_B_SPLINE_CURVE ( ( 0.9999999999999995559, 0.9238795325112871826, 1.000000000000000000, 0.9238795325112867385, 1.000000000000000000, 0.9238795325112867385, 1.000000000000000000, 0.9238795325112867385, 1.000000000000000000 ) ) 
 REPRESENTATION_ITEM ( '' )  );
#653 = CARTESIAN_POINT ( 'NONE',  ( -0.8864769705118338283, -1.909514043183170084, 9.523307088717610114 ) ) ;
#654 = CARTESIAN_POINT ( 'NONE',  ( -0.9736010864139222898, 2.350480947161671441, -5.312500000000001776 ) ) ;
#655 = EDGE_CURVE ( 'NONE', #1078, #3549, #106, .T. ) ;
#656 = CARTESIAN_POINT ( 'NONE',  ( 0.9736010864139238441, 2.350480947161670997, -2.437500000000000444 ) ) ;
#657 = CARTESIAN_POINT ( 'NONE',  ( -3.673940397442059375E-16, -2.999999999999999112, 1.500000000000000666 ) ) ;
#658 = TOROIDAL_SURFACE ( 'NONE', #941, 4.945794552264513477, 0.9200000000000012612 ) ;
#659 = CARTESIAN_POINT ( 'NONE',  ( 1.265060653844731542, -3.054126587736527121, -2.406250000000000444 ) ) ;
#660 = ORIENTED_EDGE ( 'NONE', *, *, #423, .T. ) ;
#661 = CARTESIAN_POINT ( 'NONE',  ( 2.350480947161670109, 0.9736010864139235110, -4.687500000000000888 ) ) ;
#662 = CARTESIAN_POINT ( 'NONE',  ( 1.662999268763198644E-11, -2.920753175473597807, -4.329246824526400417 ) ) ;
#663 = CARTESIAN_POINT ( 'NONE',  ( -0.2140753138541270084, 3.656527125323077394E-16, 5.709927797833932672 ) ) ;
#664 = ORIENTED_EDGE ( 'NONE', *, *, #3483, .T. ) ;
#665 = CARTESIAN_POINT ( 'NONE',  ( 1.379836182837475222, -1.902843343920494146, -4.899519052838322786 ) ) ;
#666 = CARTESIAN_POINT ( 'NONE',  ( -2.499004714539290184, 0.4300603502286233226, 6.934839807933945721 ) ) ;
#667 = VERTEX_POINT ( 'NONE', #1852 ) ;
#668 = CARTESIAN_POINT ( 'NONE',  ( -0.6469952317479682469, -2.908604249243459616, 8.165138657535665700 ) ) ;
#669 = CARTESIAN_POINT ( 'NONE',  ( -2.350480947161670553, -0.9736010864139211796, -3.062500000000000888 ) ) ;
#670 = CARTESIAN_POINT ( 'NONE',  ( 2.350480947161670109, -0.9736010864139228449, 4.187499999999999112 ) ) ;
#671 = CARTESIAN_POINT ( 'NONE',  ( 0.8863044580934453798, -1.924264068711936781, 9.522328722175538829 ) ) ;
#672 = CARTESIAN_POINT ( 'NONE',  ( 1.265060653844731542, -3.054126587736527121, -5.343750000000000888 ) ) ;
#673 = CARTESIAN_POINT ( 'NONE',  ( -1.662041016787796144, 1.662041016787797254, -3.375000000000000444 ) ) ;
#674 = CARTESIAN_POINT ( 'NONE',  ( -3.000000000000000000, 1.102182119232617714E-15, 2.374999999999999112 ) ) ;
#675 = CARTESIAN_POINT ( 'NONE',  ( -2.350480947161670553, 1.062410547780433880E-15, -3.125000000000000000 ) ) ;
#676 = CARTESIAN_POINT ( 'NONE',  ( -2.350480947161670553, -0.9736010864139212906, -2.062500000000000888 ) ) ;
#677 = EDGE_CURVE ( 'NONE', #1694, #2772, #1875, .T. ) ;
#678 = FACE_OUTER_BOUND ( 'NONE', #256, .T. ) ;
#679 = CARTESIAN_POINT ( 'NONE',  ( 3.054126587736526677, -1.265060653844732652, -2.281250000000000444 ) ) ;
#680 = AXIS2_PLACEMENT_3D ( 'NONE', #768, #2974, #3374 ) ;
#681 = CARTESIAN_POINT ( 'NONE',  ( 0.000000000000000000, 2.350480947161671441, -2.500000000000000444 ) ) ;
#682 = CARTESIAN_POINT ( 'NONE',  ( 1.178322724867527871, -1.232442334882152046, 9.600000000000001421 ) ) ;
#683 = DIRECTION ( 'NONE',  ( 1.224646799147352961E-16, 1.000000000000000000, 0.000000000000000000 ) ) ;
#684 = CARTESIAN_POINT ( 'NONE',  ( 2.350480947161670109, 0.9736010864139237331, -1.687500000000000888 ) ) ;
#685 = CARTESIAN_POINT ( 'NONE',  ( 0.000000000000000000, 3.000000000000000444, 1.000000000000000000 ) ) ;
#686 = ORIENTED_EDGE ( 'NONE', *, *, #2159, .T. ) ;
#687 = PERSON_AND_ORGANIZATION_ROLE ( 'creator' ) ;
#688 = CARTESIAN_POINT ( 'NONE',  ( 2.350480947161670553, 4.867087541007580301E-16, -4.625000000000000888 ) ) ;
#689 = ORIENTED_EDGE ( 'NONE', *, *, #3055, .T. ) ;
#690 = CARTESIAN_POINT ( 'NONE',  ( 3.054126587736526677, -1.265060653844732652, 5.781249999999998224 ) ) ;
#691 = CARTESIAN_POINT ( 'NONE',  ( -0.1249857908273385998, -2.389967282907429436, -4.860032717092561683 ) ) ;
#692 = AXIS2_PLACEMENT_3D ( 'NONE', #3763, #858, #3102 ) ;
#693 = CARTESIAN_POINT ( 'NONE',  ( 3.054126587736527121, 1.265060653844733318, -4.093750000000000888 ) ) ;
#694 = CIRCLE ( 'NONE', #3143, 0.7859246861458735189 ) ;
#695 = CARTESIAN_POINT ( 'NONE',  ( 2.350480947161670553, 4.867087541007580301E-16, 0.2499999999999993616 ) ) ;
#696 = CARTESIAN_POINT ( 'NONE',  ( 1.175139334687500758, 1.218835278665397759, 9.550418624488177244 ) ) ;
#697 = CARTESIAN_POINT ( 'NONE',  ( -2.350480947161670553, 0.9736010864139231780, -1.187500000000000444 ) ) ;
#698 = CARTESIAN_POINT ( 'NONE',  ( -2.878508968398378757E-16, -2.350480947161669665, -2.875000000000000444 ) ) ;
#699 = CARTESIAN_POINT ( 'NONE',  ( 2.121320343559642829, 2.121320343559642829, 5.000000000000000000 ) ) ;
#700 = ORIENTED_EDGE ( 'NONE', *, *, #630, .F. ) ;
#701 = CARTESIAN_POINT ( 'NONE',  ( -3.740226349862365271E-16, -3.054126587736525789, -1.468750000000000000 ) ) ;
#702 = CARTESIAN_POINT ( 'NONE',  ( -1.662041016787796366, -1.662041016787795256, 0.8749999999999998890 ) ) ;
#703 = CARTESIAN_POINT ( 'NONE',  ( 1.242640687119284770, -2.999999999999999556, -1.437500000000000000 ) ) ;
#704 = FACE_OUTER_BOUND ( 'NONE', #1445, .T. ) ;
#705 = CARTESIAN_POINT ( 'NONE',  ( 2.350480947161670109, -0.9736010864139228449, -1.812500000000000222 ) ) ;
#706 = CARTESIAN_POINT ( 'NONE',  ( -2.999999999999999556, -1.242640687119284104, -2.687500000000000444 ) ) ;
#707 = DATE_AND_TIME ( #1075, #819 ) ;
#708 = ADVANCED_FACE ( 'NONE', ( #240 ), #3044, .F. ) ;
#709 = CARTESIAN_POINT ( 'NONE',  ( 2.350480947161670109, -0.9736010864139228449, 2.312499999999999556 ) ) ;
#710 = ADVANCED_FACE ( 'NONE', ( #1473 ), #1684, .T. ) ;
#711 = ORIENTED_EDGE ( 'NONE', *, *, #2034, .F. ) ;
#712 = CARTESIAN_POINT ( 'NONE',  ( 1.170207565446109488, 1.229080925788980316, 9.550184678336927746 ) ) ;
#713 = AXIS2_PLACEMENT_3D ( 'NONE', #3930, #2571, #3860 ) ;
#714 = DIRECTION ( 'NONE',  ( 0.000000000000000000, -1.000000000000000000, -2.969659429790127722E-16 ) ) ;
#715 = CARTESIAN_POINT ( 'NONE',  ( -3.054126587736527121, 1.265060653844732874, -3.718750000000000888 ) ) ;
#716 = CARTESIAN_POINT ( 'NONE',  ( -2.350480947161670553, 1.062410547780433880E-15, -2.250000000000000444 ) ) ;
#717 = CARTESIAN_POINT ( 'NONE',  ( -3.673940397442059375E-16, -2.999999999999999112, -2.375000000000001332 ) ) ;
#718 = CARTESIAN_POINT ( 'NONE',  ( 2.350480947161670109, 0.9736010864139235110, 0.4374999999999995559 ) ) ;
#719 = ORIENTED_EDGE ( 'NONE', *, *, #99, .T. ) ;
#720 = CARTESIAN_POINT ( 'NONE',  ( -2.350480947161670553, 1.062410547780433880E-15, -0.1250000000000001110 ) ) ;
#721 = DIRECTION ( 'NONE',  ( -0.06645228065352305757, -0.1604299972043612410, -0.9848077530122080203 ) ) ;
#722 = CARTESIAN_POINT ( 'NONE',  ( -3.054126587736526677, 1.105496416853632984E-15, 1.281250000000000222 ) ) ;
#723 = DIRECTION ( 'NONE',  ( 0.9238795325112890700, -0.3826834323650843972, 0.000000000000000000 ) ) ;
#724 = CARTESIAN_POINT ( 'NONE',  ( -2.121320343559642385, -2.121320343559641053, 2.375000000000000444 ) ) ;
#725 = VECTOR ( 'NONE', #2622, 1000.000000000000227 ) ;
#726 = CARTESIAN_POINT ( 'NONE',  ( 0.9736010864139217347, -2.350480947161670109, -0.9375000000000008882 ) ) ;
#727 = CARTESIAN_POINT ( 'NONE',  ( 1.180674525152938994E-11, 2.603765877364838666, -4.646234122635158670 ) ) ;
#728 = VECTOR ( 'NONE', #1530, 1000.000000000000000 ) ;
#729 = CARTESIAN_POINT ( 'NONE',  ( -2.350480947161670553, -0.9736010864139211796, 0.9375000000000000000 ) ) ;
#730 = ORIENTED_EDGE ( 'NONE', *, *, #4118, .F. ) ;
#731 = CARTESIAN_POINT ( 'NONE',  ( -1.242640687119265008, 3.000000000000022204, 4.187499999999997335 ) ) ;
#732 = EDGE_CURVE ( 'NONE', #491, #1527, #1149, .T. ) ;
#733 = CARTESIAN_POINT ( 'NONE',  ( -2.121320343559642385, 2.121320343559643273, -3.750000000000001332 ) ) ;
#734 = EDGE_CURVE ( 'NONE', #1809, #2627, #3184, .T. ) ;
#735 = CARTESIAN_POINT ( 'NONE',  ( -3.740226349862365271E-16, -3.054126587736525789, -4.406250000000000000 ) ) ;
#736 = CARTESIAN_POINT ( 'NONE',  ( -1.662041016787796366, -1.662041016787795256, -0.1250000000000001110 ) ) ;
#737 = DIRECTION ( 'NONE',  ( 3.807981171154837726E-15, -0.9848077530122080203, 0.1736481776669307198 ) ) ;
#738 = CARTESIAN_POINT ( 'NONE',  ( -1.662041016787796144, 1.662041016787797254, 0.7499999999999997780 ) ) ;
#739 = ORIENTED_EDGE ( 'NONE', *, *, #1747, .T. ) ;
#740 = CARTESIAN_POINT ( 'NONE',  ( 0.9736010864139238441, 2.350480947161670997, -1.437500000000000666 ) ) ;
#741 = LINE ( 'NONE', #427, #3965 ) ;
#742 = CARTESIAN_POINT ( 'NONE',  ( -3.054126587736527121, 1.265060653844732874, 2.218750000000000444 ) ) ;
#743 = CARTESIAN_POINT ( 'NONE',  ( -2.669609191932436953, -0.8398444540079134102, -4.457210551818924671 ) ) ;
#744 = CARTESIAN_POINT ( 'NONE',  ( 6.605306521830352816E-16, 4.945794552264513477, 4.999999999999999112 ) ) ;
#745 = CARTESIAN_POINT ( 'NONE',  ( 1.662041016787796144, -1.662041016787795922, -1.875000000000000444 ) ) ;
#746 = CARTESIAN_POINT ( 'NONE',  ( 1.005959918710005896, 2.371751077765217541, -4.686694619919445692 ) ) ;
#747 = PERSON_AND_ORGANIZATION ( #605, #884 ) ;
#748 = CARTESIAN_POINT ( 'NONE',  ( 1.662041016787796144, -1.662041016787795922, 0.2499999999999993616 ) ) ;
#749 = ORIENTED_EDGE ( 'NONE', *, *, #732, .T. ) ;
#750 = DIRECTION ( 'NONE',  ( 1.000000000000000000, 0.000000000000000000, -0.000000000000000000 ) ) ;
#751 = CIRCLE ( 'NONE', #1493, 2.084129509265169489 ) ;
#752 = CYLINDRICAL_SURFACE ( 'NONE', #272, 2.999999999999999112 ) ;
#753 = CARTESIAN_POINT ( 'NONE',  ( 3.054126587736526677, -1.265060653844732652, -1.218750000000001110 ) ) ;
#754 = CARTESIAN_POINT ( 'NONE',  ( 2.350480947161670109, 0.9736010864139235110, 1.312499999999999556 ) ) ;
#755 = CARTESIAN_POINT ( 'NONE',  ( 1.188857951510359223, 1.198156668554868576, 9.550725038770082165 ) ) ;
#756 = CARTESIAN_POINT ( 'NONE',  ( 1.662041016787796810, 1.662041016787796810, -1.500000000000000444 ) ) ;
#757 = VECTOR ( 'NONE', #3808, 1000.000000000000000 ) ;
#758 = EDGE_CURVE ( 'NONE', #3228, #465, #1173, .T. ) ;
#759 = CARTESIAN_POINT ( 'NONE',  ( -0.9736010864139222898, 2.350480947161671441, 1.687499999999999778 ) ) ;
#760 = FACE_OUTER_BOUND ( 'NONE', #3285, .T. ) ;
#761 = CARTESIAN_POINT ( 'NONE',  ( -1.265060653844732430, -3.054126587736526677, -0.5312499999999996669 ) ) ;
#762 = CARTESIAN_POINT ( 'NONE',  ( -1.677469373285920939, -2.320002832703700335, -4.392844207482960783 ) ) ;
#763 = CARTESIAN_POINT ( 'NONE',  ( 0.9736010864139238441, 2.350480947161670997, -2.562500000000000444 ) ) ;
#764 = CARTESIAN_POINT ( 'NONE',  ( -1.045669329517877493E-14, -3.500000000000000444, 9.600000000000001421 ) ) ;
#765 = CARTESIAN_POINT ( 'NONE',  ( -0.9736010864139222898, 2.350480947161671441, -1.312500000000000222 ) ) ;
#766 = ORIENTED_EDGE ( 'NONE', *, *, #1727, .F. ) ;
#767 = DIRECTION ( 'NONE',  ( 0.000000000000000000, 0.000000000000000000, 1.000000000000000000 ) ) ;
#768 = CARTESIAN_POINT ( 'NONE',  ( 0.000000000000000000, 0.000000000000000000, 5.919999999999998153 ) ) ;
#769 = CARTESIAN_POINT ( 'NONE',  ( -3.054126587736527121, 1.265060653844732874, 0.2812499999999993894 ) ) ;
#770 = CARTESIAN_POINT ( 'NONE',  ( 2.350480947161670553, 4.867087541007580301E-16, 1.249999999999999334 ) ) ;
#771 = ORIENTED_EDGE ( 'NONE', *, *, #732, .F. ) ;
#772 = CYLINDRICAL_SURFACE ( 'NONE', #2326, 2.999999999999999112 ) ;
#773 = EDGE_CURVE ( 'NONE', #1464, #2938, #3106, .T. ) ;
#774 = CARTESIAN_POINT ( 'NONE',  ( -2.350480947161670553, 0.9736010864139231780, 1.812500000000000000 ) ) ;
#775 = CIRCLE ( 'NONE', #161, 28.63453637561146792 ) ;
#776 = APPROVAL ( #393, 'UNSPECIFIED' ) ;
#777 = CARTESIAN_POINT ( 'NONE',  ( 0.9736010864139216237, -2.350480947161670109, 1.062499999999999334 ) ) ;
#778 = CARTESIAN_POINT ( 'NONE',  ( -1.662041016787796144, 1.662041016787797254, 1.749999999999999778 ) ) ;
#779 = LINE ( 'NONE', #3947, #2136 ) ;
#780 = ORIENTED_EDGE ( 'NONE', *, *, #800, .T. ) ;
#781 = ADVANCED_FACE ( 'NONE', ( #172 ), #658, .T. ) ;
#782 = CARTESIAN_POINT ( 'NONE',  ( 3.054126587736526677, -1.265060653844732652, -0.2812500000000002220 ) ) ;
#783 = ADVANCED_FACE ( 'NONE', ( #836 ), #178, .T. ) ;
#784 = FACE_OUTER_BOUND ( 'NONE', #1045, .T. ) ;
#785 = CARTESIAN_POINT ( 'NONE',  ( -2.878508968398378757E-16, -2.350480947161669665, 1.000000000000000000 ) ) ;
#786 = CARTESIAN_POINT ( 'NONE',  ( -1.662041016787796366, -1.662041016787795256, 5.000000000000000000 ) ) ;
#787 = VECTOR ( 'NONE', #3076, 999.9999999999998863 ) ;
#788 = CARTESIAN_POINT ( 'NONE',  ( 1.662041016787796144, -1.662041016787795922, 1.249999999999999334 ) ) ;
#789 = ORIENTED_EDGE ( 'NONE', *, *, #1356, .T. ) ;
#790 = FACE_OUTER_BOUND ( 'NONE', #1549, .T. ) ;
#791 = VECTOR ( 'NONE', #370, 1000.000000000000114 ) ;
#792 = CARTESIAN_POINT ( 'NONE',  ( 0.2140753138541258982, 2.073105779112137004, 5.709927797833932672 ) ) ;
#793 = CARTESIAN_POINT ( 'NONE',  ( -1.265060653844732430, -3.054126587736526677, -2.468750000000000888 ) ) ;
#794 = CARTESIAN_POINT ( 'NONE',  ( 1.662041016787796810, 1.662041016787796810, 0.3749999999999994449 ) ) ;
#795 = AXIS2_PLACEMENT_3D ( 'NONE', #2210, #4068, #526 ) ;
#796 = SPHERICAL_SURFACE ( 'NONE', #1503, 6.000000000000001776 ) ;
#797 = CARTESIAN_POINT ( 'NONE',  ( 2.350480947161670553, 4.867087541007580301E-16, 2.374999999999999556 ) ) ;
#798 = CARTESIAN_POINT ( 'NONE',  ( -1.662041016787796144, 1.662041016787797254, 0.6249999999999996669 ) ) ;
#799 = CARTESIAN_POINT ( 'NONE',  ( 1.662041016787796810, 1.662041016787796810, 3.500000000000000444 ) ) ;
#800 = EDGE_CURVE ( 'NONE', #2627, #900, #2668, .T. ) ;
#801 = CARTESIAN_POINT ( 'NONE',  ( -3.000000000000000000, 1.102182119232617714E-15, 3.250000000000000444 ) ) ;
#802 = VERTEX_POINT ( 'NONE', #951 ) ;
#803 = CARTESIAN_POINT ( 'NONE',  ( -2.159593620790628776, 2.159593620790630109, 1.156250000000000222 ) ) ;
#804 = CYLINDRICAL_SURFACE ( 'NONE', #1537, 2.999999999999999112 ) ;
#805 = B_SPLINE_CURVE_WITH_KNOTS ( 'NONE', 3,
 ( #2285, #3486, #2891, #1276 ),
 .UNSPECIFIED., .F., .F.,
 ( 4, 4 ),
 ( 0.000000000000000000, 0.003944063716410795527 ),
 .UNSPECIFIED. ) ;
#806 = CARTESIAN_POINT ( 'NONE',  ( 2.401107793464392515, 0.5904478719720214208, -4.780748716587865488 ) ) ;
#807 = CARTESIAN_POINT ( 'NONE',  ( 0.000000000000000000, 2.350480947161671441, 4.625000000000000000 ) ) ;
#808 = ORIENTED_EDGE ( 'NONE', *, *, #3433, .T. ) ;
#809 = DIRECTION ( 'NONE',  ( 1.000000000000000000, 3.866725418750468443E-15, 1.420611872176341037E-30 ) ) ;
#810 =( BOUNDED_CURVE ( )  B_SPLINE_CURVE ( 2, ( #82, #2048, #724, #430, #3951, #2348, #2988, #3645, #2027 ),
 .UNSPECIFIED., .F., .F. ) 
 B_SPLINE_CURVE_WITH_KNOTS ( ( 3, 2, 2, 2, 3 ),
 ( 0.3750000000000000000, 0.3854166666666666297, 0.3958333333333334259, 0.4062500000000001110, 0.4166666666666667407 ),
 .UNSPECIFIED. ) 
 CURVE ( )  GEOMETRIC_REPRESENTATION_ITEM ( )  RATIONAL_B_SPLINE_CURVE ( ( 1.000000000000000000, 0.9238795325112867385, 1.000000000000000000, 0.9238795325112867385, 1.000000000000000000, 0.9238795325112867385, 1.000000000000000000, 0.9238795325112859613, 1.000000000000000888 ) ) 
 REPRESENTATION_ITEM ( '' )  );
#811 = B_SPLINE_CURVE_WITH_KNOTS ( 'NONE', 3,
 ( #3613, #2040, #3301, #3022, #755, #3339, #696, #382, #1680, #3322 ),
 .UNSPECIFIED., .F., .F.,
 ( 4, 3, 3, 4 ),
 ( 0.000000000000000000, 3.683529161302156069E-05, 7.367120247394937007E-05, 8.489811800515013863E-05 ),
 .UNSPECIFIED. ) ;
#812 = ORIENTED_EDGE ( 'NONE', *, *, #1143, .T. ) ;
#813 = CARTESIAN_POINT ( 'NONE',  ( -1.552333443974285077, -1.771748589601306545, 4.999999999999995559 ) ) ;
#814 = TOROIDAL_SURFACE ( 'NONE', #1293, 4.945794552264516142, 0.9200000000000000400 ) ;
#815 = CARTESIAN_POINT ( 'NONE',  ( 1.265060653844731542, -3.054126587736527121, -1.343750000000001110 ) ) ;
#816 = CARTESIAN_POINT ( 'NONE',  ( 2.350480947161670109, 0.9736010864139235110, 2.312500000000000444 ) ) ;
#817 = CYLINDRICAL_SURFACE ( 'NONE', #1104, 2.999999999999999112 ) ;
#818 = CARTESIAN_POINT ( 'NONE',  ( 2.350480947161670109, -0.9736010864139228449, 4.312500000000000888 ) ) ;
#819 = LOCAL_TIME ( 4, 27, 56.00000000000000000, #85 ) ;
#820 = CARTESIAN_POINT ( 'NONE',  ( 1.662041016787796144, -1.662041016787795922, 0.1249999999999992506 ) ) ;
#821 = CARTESIAN_POINT ( 'NONE',  ( 1.662041016787796144, -1.662041016787795922, 4.249999999999999112 ) ) ;
#822 = CARTESIAN_POINT ( 'NONE',  ( 1.726099470517756708E-15, -1.726099470517762624E-15, 9.396447866816426853 ) ) ;
#823 = CARTESIAN_POINT ( 'NONE',  ( -1.265060653844732430, -3.054126587736526677, 4.468750000000000000 ) ) ;
#824 = CIRCLE ( 'NONE', #2598, 3.425913082399787868 ) ;
#825 = CARTESIAN_POINT ( 'NONE',  ( 0.000000000000000000, -2.449293598294706907E-16, 5.000000000000000000 ) ) ;
#826 = FACE_OUTER_BOUND ( 'NONE', #3179, .T. ) ;
#827 = EDGE_CURVE ( 'NONE', #1791, #2170, #1191, .T. ) ;
#828 = CC_DESIGN_PERSON_AND_ORGANIZATION_ASSIGNMENT ( #105, #1410, ( #2386 ) ) ;
#829 = CARTESIAN_POINT ( 'NONE',  ( 2.978659428829126821, -0.1793296858501032820, -4.271340571170882505 ) ) ;
#830 = CARTESIAN_POINT ( 'NONE',  ( 1.178322724867525872, 1.232442334882150714, 9.600000000000001421 ) ) ;
#831 = CARTESIAN_POINT ( 'NONE',  ( 2.999999999999999556, 1.242640687119286769, 3.937499999999999112 ) ) ;
#832 = EDGE_LOOP ( 'NONE', ( #1674, #739, #3996, #2174 ) ) ;
#833 = DIRECTION ( 'NONE',  ( -0.9848077530122080203, -7.323040713759301992E-17, 0.1736481776669307198 ) ) ;
#834 = EDGE_CURVE ( 'NONE', #843, #2113, #3961, .T. ) ;
#835 = B_SPLINE_CURVE_WITH_KNOTS ( 'NONE', 3,
 ( #2114, #128, #1513, #2746, #4035, #513, #2133, #1188, #813, #1490 ),
 .UNSPECIFIED., .F., .F.,
 ( 4, 2, 2, 2, 4 ),
 ( 0.000000000000000000, 0.0004647892841659294599, 0.0009295785683318589197, 0.001394367852497788813, 0.001859157136663718707 ),
 .UNSPECIFIED. ) ;
#836 = FACE_OUTER_BOUND ( 'NONE', #1286, .T. ) ;
#837 = CARTESIAN_POINT ( 'NONE',  ( 0.000000000000000000, 3.054126587736527565, 3.093750000000000000 ) ) ;
#838 = PLANE ( 'NONE',  #692 ) ;
#839 = CARTESIAN_POINT ( 'NONE',  ( -2.878508968398378757E-16, -2.350480947161669665, 3.125000000000000000 ) ) ;
#840 = CARTESIAN_POINT ( 'NONE',  ( -0.9736010864139222898, 2.350480947161671441, 1.562499999999999556 ) ) ;
#841 = CARTESIAN_POINT ( 'NONE',  ( -2.350480947161670553, 0.9736010864139231780, 1.812500000000000000 ) ) ;
#842 = CARTESIAN_POINT ( 'NONE',  ( 3.499999999999998668, 0.000000000000000000, 9.600000000000001421 ) ) ;
#843 = VERTEX_POINT ( 'NONE', #1468 ) ;
#844 = AXIS2_PLACEMENT_3D ( 'NONE', #2681, #3970, #3663 ) ;
#845 = CARTESIAN_POINT ( 'NONE',  ( -2.159593620790629220, -2.159593620790628332, 4.406250000000000000 ) ) ;
#846 = DIRECTION ( 'NONE',  ( 0.000000000000000000, -0.1736481776669307198, -0.9848077530122080203 ) ) ;
#847 = CARTESIAN_POINT ( 'NONE',  ( -1.866743998696441142, 2.102746789006137096, 5.000000000000123457 ) ) ;
#848 = CARTESIAN_POINT ( 'NONE',  ( -1.662041016787796366, -1.662041016787795256, 3.000000000000000000 ) ) ;
#849 = VERTEX_POINT ( 'NONE', #3175 ) ;
#850 = CARTESIAN_POINT ( 'NONE',  ( 0.000000000000000000, 3.000000000000000888, 2.124999999999998668 ) ) ;
#851 = EDGE_LOOP ( 'NONE', ( #2143, #1702, #886, #3472 ) ) ;
#852 = PLANE ( 'NONE',  #2846 ) ;
#853 = CARTESIAN_POINT ( 'NONE',  ( 0.000000000000000000, -4.945794552264517030, 8.239927797833933809 ) ) ;
#854 = CARTESIAN_POINT ( 'NONE',  ( 3.054126587736527121, 1.265060653844733318, 3.906249999999998668 ) ) ;
#855 = EDGE_CURVE ( 'NONE', #3484, #4195, #2166, .T. ) ;
#856 = AXIS2_PLACEMENT_3D ( 'NONE', #2940, #1707, #2026 ) ;
#857 = EDGE_CURVE ( 'NONE', #802, #3798, #1831, .T. ) ;
#858 = DIRECTION ( 'NONE',  ( 0.3768696111424519324, -0.9098437264664142043, 0.1736481776669306643 ) ) ;
#859 = CARTESIAN_POINT ( 'NONE',  ( -0.9736010864139225118, -2.350480947161669665, 6.062499999999999112 ) ) ;
#860 = CARTESIAN_POINT ( 'NONE',  ( 0.9736010864139238441, 2.350480947161670997, 5.437500000000001776 ) ) ;
#861 = CARTESIAN_POINT ( 'NONE',  ( 0.9736010864139238441, 2.350480947161670997, -4.562500000000000888 ) ) ;
#862 = CARTESIAN_POINT ( 'NONE',  ( 0.000000000000000000, 3.000000000000000444, 3.000000000000000000 ) ) ;
#863 = EDGE_LOOP ( 'NONE', ( #2421, #1168, #2724, #1511 ) ) ;
#864 = CARTESIAN_POINT ( 'NONE',  ( 0.000000000000000000, 3.054126587736527565, 4.031250000000000888 ) ) ;
#865 = ORIENTED_EDGE ( 'NONE', *, *, #1404, .T. ) ;
#866 = CARTESIAN_POINT ( 'NONE',  ( -0.9736010864139225118, -2.350480947161669665, -3.937500000000000000 ) ) ;
#867 = DIRECTION ( 'NONE',  ( -1.836970198721029688E-16, 1.836970198721036097E-16, -1.000000000000000000 ) ) ;
#868 = CARTESIAN_POINT ( 'NONE',  ( 1.662041016787796810, 1.662041016787796810, 3.500000000000000444 ) ) ;
#869 = VERTEX_POINT ( 'NONE', #3134 ) ;
#870 = CARTESIAN_POINT ( 'NONE',  ( -1.242640687119275000, 3.000000000000010658, 0.06249999999999941713 ) ) ;
#871 = ORIENTED_EDGE ( 'NONE', *, *, #80, .T. ) ;
#872 = EDGE_LOOP ( 'NONE', ( #617, #1489, #3497, #2578 ) ) ;
#873 = CARTESIAN_POINT ( 'NONE',  ( -0.2739002683744596323, 1.623503712237179819, 5.709927797833932672 ) ) ;
#874 = CARTESIAN_POINT ( 'NONE',  ( 1.242640687119289877, 2.999999999999997780, -3.937500000000001776 ) ) ;
#875 = CARTESIAN_POINT ( 'NONE',  ( 0.000000000000000000, 3.054126587736527565, 2.093749999999999112 ) ) ;
#876 = VERTEX_POINT ( 'NONE', #1252 ) ;
#877 = DIRECTION ( 'NONE',  ( 0.3768696111424518769, -0.9098437264664142043, 0.1736481776669306087 ) ) ;
#878 = CARTESIAN_POINT ( 'NONE',  ( -2.350480947161670553, 0.9736010864139231780, 4.812500000000000888 ) ) ;
#879 = AXIS2_PLACEMENT_3D ( 'NONE', #3809, #648, #1312 ) ;
#880 = CARTESIAN_POINT ( 'NONE',  ( -2.878508968398378757E-16, -2.350480947161669665, 1.999999999999999112 ) ) ;
#881 = CARTESIAN_POINT ( 'NONE',  ( -2.878508968398378757E-16, -2.350480947161669665, -4.000000000000000000 ) ) ;
#882 = DIRECTION ( 'NONE',  ( -3.586763080679077664E-15, -1.000000000000000000, 0.000000000000000000 ) ) ;
#883 = VERTEX_POINT ( 'NONE', #1011 ) ;
#884 = ORGANIZATION ( 'UNSPECIFIED', 'UNSPECIFIED', '' ) ;
#885 = CARTESIAN_POINT ( 'NONE',  ( -2.159593620790628776, 2.159593620790630109, 6.156249999999999112 ) ) ;
#886 = ORIENTED_EDGE ( 'NONE', *, *, #1584, .F. ) ;
#887 = ADVANCED_FACE ( 'NONE', ( #3577 ), #323, .F. ) ;
#888 = CARTESIAN_POINT ( 'NONE',  ( 2.350480947161670109, -0.9736010864139228449, -3.687500000000000888 ) ) ;
#889 = CARTESIAN_POINT ( 'NONE',  ( -2.107639755728266895, 1.789969010705279473, 5.000000000000122569 ) ) ;
#890 = AXIS2_PLACEMENT_3D ( 'NONE', #2501, #1544, #484 ) ;
#891 = ORIENTED_EDGE ( 'NONE', *, *, #3434, .F. ) ;
#892 = CARTESIAN_POINT ( 'NONE',  ( -1.662041016787796366, -1.662041016787795256, 3.999999999999999112 ) ) ;
#893 = CONICAL_SURFACE ( 'NONE', #1441, 3.499999999999998668, 0.3490658503988666728 ) ;
#894 = CARTESIAN_POINT ( 'NONE',  ( -2.999999999999999556, -1.242640687119284104, -1.687500000000000222 ) ) ;
#895 = CARTESIAN_POINT ( 'NONE',  ( 0.2140753138541264811, 1.924264068711935227, 5.709927797833932672 ) ) ;
#896 = ORIENTED_EDGE ( 'NONE', *, *, #522, .F. ) ;
#897 = CARTESIAN_POINT ( 'NONE',  ( 1.662041016787796144, -1.662041016787795922, 4.124999999999999112 ) ) ;
#898 = ORIENTED_EDGE ( 'NONE', *, *, #2039, .T. ) ;
#899 = ORIENTED_EDGE ( 'NONE', *, *, #1846, .F. ) ;
#900 = VERTEX_POINT ( 'NONE', #2890 ) ;
#901 = CARTESIAN_POINT ( 'NONE',  ( -0.8863044580934319461, 1.924264068711939446, 9.522328722175538829 ) ) ;
#902 = CARTESIAN_POINT ( 'NONE',  ( 1.924264068711931897, 0.8863044580934503758, 9.522328722175538829 ) ) ;
#903 = CARTESIAN_POINT ( 'NONE',  ( -0.9736010864139222898, 2.350480947161671441, 2.562500000000000000 ) ) ;
#904 = CARTESIAN_POINT ( 'NONE',  ( 3.054126587736526677, -1.265060653844732652, 1.781249999999998890 ) ) ;
#905 = ORIENTED_EDGE ( 'NONE', *, *, #2217, .F. ) ;
#906 = FACE_OUTER_BOUND ( 'NONE', #1994, .T. ) ;
#907 = CARTESIAN_POINT ( 'NONE',  ( 0.000000000000000000, 3.000000000000000888, 3.124999999999999556 ) ) ;
#908 = CARTESIAN_POINT ( 'NONE',  ( 1.662041016787796144, -1.662041016787795922, 2.124999999999999112 ) ) ;
#909 = CARTESIAN_POINT ( 'NONE',  ( -0.9736010864139225118, -2.350480947161669665, -5.062500000000001776 ) ) ;
#910 = EDGE_CURVE ( 'NONE', #1577, #2020, #456, .T. ) ;
#911 = CARTESIAN_POINT ( 'NONE',  ( -1.242640687119295873, -2.999999999999989342, 2.562499999999998668 ) ) ;
#912 = CARTESIAN_POINT ( 'NONE',  ( -3.054126587736526677, 1.105496416853632984E-15, 4.281249999999999112 ) ) ;
#913 = PERSON_AND_ORGANIZATION ( #605, #884 ) ;
#914 = ORIENTED_EDGE ( 'NONE', *, *, #2089, .T. ) ;
#915 = CARTESIAN_POINT ( 'NONE',  ( 0.000000000000000000, 2.350480947161671441, -4.375000000000000000 ) ) ;
#916 = ADVANCED_FACE ( 'NONE', ( #369 ), #3298, .T. ) ;
#917 = VECTOR ( 'NONE', #2984, 999.9999999999998863 ) ;
#918 = DIRECTION ( 'NONE',  ( -2.483143671239362886E-15, -1.000000000000000000, 0.000000000000000000 ) ) ;
#919 = EDGE_CURVE ( 'NONE', #2782, #1789, #3444, .T. ) ;
#920 = ORIENTED_EDGE ( 'NONE', *, *, #3483, .F. ) ;
#921 = CARTESIAN_POINT ( 'NONE',  ( -1.662041016787796366, -1.662041016787795256, -4.125000000000000000 ) ) ;
#922 = CARTESIAN_POINT ( 'NONE',  ( 2.121320343559642829, 2.121320343559642829, -1.000000000000001332 ) ) ;
#923 = CARTESIAN_POINT ( 'NONE',  ( 1.662041016787796810, 1.662041016787796810, -4.625000000000000888 ) ) ;
#924 = ORIENTED_EDGE ( 'NONE', *, *, #3127, .T. ) ;
#925 = ORIENTED_EDGE ( 'NONE', *, *, #1925, .F. ) ;
#926 = DIRECTION ( 'NONE',  ( -3.752440799073350876E-16, 1.000000000000000000, 1.836970198721036837E-16 ) ) ;
#927 = CARTESIAN_POINT ( 'NONE',  ( 0.000000000000000000, 3.000000000000000888, -3.875000000000001332 ) ) ;
#928 = CARTESIAN_POINT ( 'NONE',  ( -2.350480947161670553, -0.9736010864139211796, 2.812500000000000000 ) ) ;
#929 = CARTESIAN_POINT ( 'NONE',  ( 3.054126587736526677, -1.265060653844732652, 2.781250000000000000 ) ) ;
#930 = VERTEX_POINT ( 'NONE', #2972 ) ;
#931 = CARTESIAN_POINT ( 'NONE',  ( 1.880928570309212899, -0.8953788520239610582, 9.524905907753261403 ) ) ;
#932 =( BOUNDED_CURVE ( )  B_SPLINE_CURVE ( 2, ( #3404, #2774, #3717, #1181, #2443, #3131, #2404, #1745, #4010 ),
 .UNSPECIFIED., .F., .F. ) 
 B_SPLINE_CURVE_WITH_KNOTS ( ( 3, 2, 2, 2, 3 ),
 ( 0.7083333333333332593, 0.7187499999999998890, 0.7291666666666665186, 0.7395833333333333703, 0.7500000000000000000 ),
 .UNSPECIFIED. ) 
 CURVE ( )  GEOMETRIC_REPRESENTATION_ITEM ( )  RATIONAL_B_SPLINE_CURVE ( ( 1.000000000000000888, 0.9238795325112859613, 1.000000000000000000, 0.9238795325112867385, 1.000000000000000000, 0.9238795325112867385, 1.000000000000000000, 0.9238795325112867385, 1.000000000000000000 ) ) 
 REPRESENTATION_ITEM ( '' )  );
#933 = CARTESIAN_POINT ( 'NONE',  ( 0.9736010864139216237, -2.350480947161670109, 2.062499999999999112 ) ) ;
#934 = AXIS2_PLACEMENT_3D ( 'NONE', #3245, #1912, #1866 ) ;
#935 = CARTESIAN_POINT ( 'NONE',  ( 2.350480947161670553, 4.867087541007580301E-16, 5.375000000000000000 ) ) ;
#936 = CARTESIAN_POINT ( 'NONE',  ( 3.000000000000000000, 3.673940397442059375E-16, -0.1250000000000013323 ) ) ;
#937 = ORIENTED_EDGE ( 'NONE', *, *, #3528, .F. ) ;
#938 = CARTESIAN_POINT ( 'NONE',  ( -1.662041016787796144, 1.662041016787797254, -5.250000000000000000 ) ) ;
#939 = ORIENTED_EDGE ( 'NONE', *, *, #4143, .F. ) ;
#940 = ORIENTED_EDGE ( 'NONE', *, *, #630, .T. ) ;
#941 = AXIS2_PLACEMENT_3D ( 'NONE', #2134, #2828, #1814 ) ;
#942 = CARTESIAN_POINT ( 'NONE',  ( 0.9577754358047091410, -2.800914631928507426, -4.296162691644640930 ) ) ;
#943 = CARTESIAN_POINT ( 'NONE',  ( -1.242640687119285214, 3.000000000000000888, 1.062500000000000444 ) ) ;
#944 = CARTESIAN_POINT ( 'NONE',  ( -3.740226349862365271E-16, -3.054126587736525789, -4.468750000000000888 ) ) ;
#945 = CARTESIAN_POINT ( 'NONE',  ( -0.9736010864139225118, -2.350480947161669665, -3.062500000000001332 ) ) ;
#946 = CARTESIAN_POINT ( 'NONE',  ( -1.217168912534878800, -2.612663738252066103, -4.373343919822420212 ) ) ;
#947 = DIRECTION ( 'NONE',  ( -0.3420201433256694901, -3.452374680683549330E-16, 0.9396926207859082059 ) ) ;
#948 = CARTESIAN_POINT ( 'NONE',  ( -0.9736010864139222898, 2.350480947161671441, 4.562500000000000888 ) ) ;
#949 = VERTEX_POINT ( 'NONE', #3896 ) ;
#950 = CARTESIAN_POINT ( 'NONE',  ( 0.000000000000000000, 3.000000000000000888, 0.1249999999999989175 ) ) ;
#951 = CARTESIAN_POINT ( 'NONE',  ( -2.949554038080556304E-16, -2.408493649053873753, -4.841506350946118253 ) ) ;
#952 = CARTESIAN_POINT ( 'NONE',  ( 2.350480947161670553, 4.867087541007580301E-16, 2.249999999999999556 ) ) ;
#953 = DIRECTION ( 'NONE',  ( -1.000000000000000000, 0.000000000000000000, 0.000000000000000000 ) ) ;
#954 = ORIENTED_EDGE ( 'NONE', *, *, #1505, .T. ) ;
#955 = VERTEX_POINT ( 'NONE', #712 ) ;
#956 = CARTESIAN_POINT ( 'NONE',  ( -0.8641082669390531823, 3.315146656056918495, 9.396447866816338035 ) ) ;
#957 = CARTESIAN_POINT ( 'NONE',  ( 1.662041016787796144, -1.662041016787795922, 5.125000000000000000 ) ) ;
#958 = CARTESIAN_POINT ( 'NONE',  ( -1.662041016787796144, 1.662041016787797254, -4.375000000000000000 ) ) ;
#959 =( BOUNDED_CURVE ( )  B_SPLINE_CURVE ( 2, ( #2643, #100, #3933, #389, #2680, #2328, #18, #703, #1405 ),
 .UNSPECIFIED., .F., .F. ) 
 B_SPLINE_CURVE_WITH_KNOTS ( ( 3, 2, 2, 2, 3 ),
 ( 0.6666666666666666297, 0.6770833333333331483, 0.6875000000000000000, 0.6979166666666667407, 0.7083333333333332593 ),
 .UNSPECIFIED. ) 
 CURVE ( )  GEOMETRIC_REPRESENTATION_ITEM ( )  RATIONAL_B_SPLINE_CURVE ( ( 1.000000000000000888, 0.9238795325112859613, 1.000000000000000000, 0.9238795325112867385, 1.000000000000000000, 0.9238795325112867385, 1.000000000000000000, 0.9238795325112867385, 1.000000000000000000 ) ) 
 REPRESENTATION_ITEM ( '' )  );
#960 = LINE ( 'NONE', #2254, #2594 ) ;
#961 = CARTESIAN_POINT ( 'NONE',  ( -2.878508968398378757E-16, -2.350480947161669665, -1.875000000000000444 ) ) ;
#962 = CARTESIAN_POINT ( 'NONE',  ( 2.999999999999999556, 1.242640687119286769, -3.187500000000000444 ) ) ;
#963 = VECTOR ( 'NONE', #2586, 1000.000000000000000 ) ;
#964 = CARTESIAN_POINT ( 'NONE',  ( -0.2140753138541264811, -1.924264068711937448, 5.709927797833931784 ) ) ;
#965 = CARTESIAN_POINT ( 'NONE',  ( 3.054126587736527121, 1.265060653844733318, -3.156250000000000444 ) ) ;
#966 = ORIENTED_EDGE ( 'NONE', *, *, #2731, .F. ) ;
#967 = SECURITY_CLASSIFICATION ( '', '', #354 ) ;
#968 = CARTESIAN_POINT ( 'NONE',  ( -2.878508968398378757E-16, -2.350480947161669665, -3.000000000000000444 ) ) ;
#969 = CARTESIAN_POINT ( 'NONE',  ( 0.000000000000000000, -2.097793440293946422E-15, 5.709927797833932672 ) ) ;
#970 = DIRECTION ( 'NONE',  ( 0.9848077530122080203, 9.433101650319739214E-18, 0.1736481776669307198 ) ) ;
#971 = CARTESIAN_POINT ( 'NONE',  ( -2.878508968398378757E-16, -2.350480947161669665, 5.999999999999999112 ) ) ;
#972 = EDGE_CURVE ( 'NONE', #3759, #2540, #3985, .T. ) ;
#973 = ORIENTED_EDGE ( 'NONE', *, *, #677, .F. ) ;
#974 = CARTESIAN_POINT ( 'NONE',  ( 2.499018586334695868, 0.4300673849966631379, 6.934879704086120533 ) ) ;
#975 = CC_DESIGN_PERSON_AND_ORGANIZATION_ASSIGNMENT ( #1692, #1034, ( #3140 ) ) ;
#976 = CARTESIAN_POINT ( 'NONE',  ( 0.000000000000000000, 2.350480947161671441, -4.375000000000000000 ) ) ;
#977 = CARTESIAN_POINT ( 'NONE',  ( -2.350480947161670553, 1.062410547780433880E-15, 4.750000000000000000 ) ) ;
#978 = CARTESIAN_POINT ( 'NONE',  ( 1.637794552772975143, -1.951113119615143221, 4.999999999999991118 ) ) ;
#979 = ORIENTED_EDGE ( 'NONE', *, *, #2345, .F. ) ;
#980 = CARTESIAN_POINT ( 'NONE',  ( 1.662041016787796810, 1.662041016787796810, 6.500000000000000000 ) ) ;
#981 = EDGE_CURVE ( 'NONE', #2605, #4158, #3113, .T. ) ;
#982 = CARTESIAN_POINT ( 'NONE',  ( -2.159593620790628776, 2.159593620790630109, -4.781250000000000888 ) ) ;
#983 = CARTESIAN_POINT ( 'NONE',  ( 0.9736010864139216237, -2.350480947161670109, -1.937500000000000444 ) ) ;
#984 = CARTESIAN_POINT ( 'NONE',  ( 1.662041016787796144, -1.662041016787795922, -1.750000000000000222 ) ) ;
#985 = CARTESIAN_POINT ( 'NONE',  ( -0.9736010864139222898, 2.350480947161671441, -1.312500000000000444 ) ) ;
#986 = CARTESIAN_POINT ( 'NONE',  ( 0.8999999999999998002, 6.692409378606575996E-17, 9.600000000000001421 ) ) ;
#987 = CARTESIAN_POINT ( 'NONE',  ( -3.054126587736527121, 1.265060653844732874, -4.781250000000000000 ) ) ;
#988 = ORIENTED_EDGE ( 'NONE', *, *, #919, .T. ) ;
#989 = CARTESIAN_POINT ( 'NONE',  ( -0.9736010864139222898, 2.350480947161671441, -3.437500000000000444 ) ) ;
#990 = FACE_OUTER_BOUND ( 'NONE', #322, .T. ) ;
#991 = VERTEX_POINT ( 'NONE', #3253 ) ;
#992 = CARTESIAN_POINT ( 'NONE',  ( -2.350480947161670553, 0.9736010864139231780, 4.687500000000000888 ) ) ;
#993 = CARTESIAN_POINT ( 'NONE',  ( 3.673940397442058882E-16, 2.999999999999998668, 5.000000000000000888 ) ) ;
#994 = EDGE_LOOP ( 'NONE', ( #1192, #4178, #3777, #2265 ) ) ;
#995 = DIRECTION ( 'NONE',  ( 1.836970198721029688E-16, 1.836970198721010459E-16, -1.000000000000000000 ) ) ;
#996 = AXIS2_PLACEMENT_3D ( 'NONE', #2934, #2619, #4198 ) ;
#997 = CARTESIAN_POINT ( 'NONE',  ( 0.9736010864139217347, -2.350480947161670109, -3.812500000000000444 ) ) ;
#998 = CARTESIAN_POINT ( 'NONE',  ( 1.662041016787796810, 1.662041016787796810, 3.375000000000000444 ) ) ;
#999 = FACE_OUTER_BOUND ( 'NONE', #1887, .T. ) ;
#1000 = DIRECTION ( 'NONE',  ( -0.3768696111424582607, 0.9098437264664115398, 0.1736481776669309696 ) ) ;
#1001 = EDGE_CURVE ( 'NONE', #2106, #1661, #2249, .T. ) ;
#1002 = CARTESIAN_POINT ( 'NONE',  ( -3.054126587736527121, -1.265060653844730876, -5.593750000000000000 ) ) ;
#1003 = ADVANCED_FACE ( 'NONE', ( #999 ), #357, .T. ) ;
#1004 = CARTESIAN_POINT ( 'NONE',  ( -2.350480947161670553, 1.062410547780433880E-15, -0.2500000000000002220 ) ) ;
#1005 = DIRECTION ( 'NONE',  ( 1.000000000000000000, -1.224646799147353207E-16, -2.249639673992786412E-32 ) ) ;
#1006 = CARTESIAN_POINT ( 'NONE',  ( -0.9736010864139225118, -2.350480947161669665, -2.937500000000001332 ) ) ;
#1007 = CARTESIAN_POINT ( 'NONE',  ( -0.9736010864139225118, -2.350480947161669665, 0.06250000000000005551 ) ) ;
#1008 = DIRECTION ( 'NONE',  ( -0.000000000000000000, -1.836970198721029688E-16, 1.000000000000000000 ) ) ;
#1009 = CIRCLE ( 'NONE', #1337, 0.9200000000000007061 ) ;
#1010 = CARTESIAN_POINT ( 'NONE',  ( 0.000000000000000000, 3.054126587736527565, -3.968750000000000000 ) ) ;
#1011 = CARTESIAN_POINT ( 'NONE',  ( 0.000000000000000000, 3.000000000000000888, 3.124999999999999556 ) ) ;
#1012 = DIRECTION ( 'NONE',  ( -0.3768696111424580941, -0.9098437264664117619, 0.1736481776669307198 ) ) ;
#1013 = DIRECTION ( 'NONE',  ( -4.336808689941997226E-15, -1.000000000000000000, 0.000000000000000000 ) ) ;
#1014 = CARTESIAN_POINT ( 'NONE',  ( -2.350480947161670553, 0.9736010864139232890, -3.312500000000000444 ) ) ;
#1015 = CARTESIAN_POINT ( 'NONE',  ( -1.270710678118647241, 1.270710678118666781, 5.709927797833932672 ) ) ;
#1016 = PERSON_AND_ORGANIZATION_ROLE ( 'classification_officer' ) ;
#1017 = CARTESIAN_POINT ( 'NONE',  ( -2.878508968398378757E-16, -2.350480947161669665, -3.875000000000000444 ) ) ;
#1018 = VERTEX_POINT ( 'NONE', #671 ) ;
#1019 = CARTESIAN_POINT ( 'NONE',  ( -1.242640687119285658, -2.999999999999999112, -1.437500000000000888 ) ) ;
#1020 = FACE_OUTER_BOUND ( 'NONE', #3721, .T. ) ;
#1021 = CARTESIAN_POINT ( 'NONE',  ( 0.000000000000000000, 2.350480947161671441, 6.500000000000000000 ) ) ;
#1022 = CARTESIAN_POINT ( 'NONE',  ( -0.9736010864139225118, -2.350480947161669665, -1.062500000000000222 ) ) ;
#1023 = PLANE ( 'NONE',  #619 ) ;
#1024 = CARTESIAN_POINT ( 'NONE',  ( 1.662041016787796144, -1.662041016787795922, -4.750000000000000888 ) ) ;
#1025 = CARTESIAN_POINT ( 'NONE',  ( -1.662041016787796144, 1.662041016787797254, -0.2500000000000002220 ) ) ;
#1026 = LINE ( 'NONE', #3221, #3303 ) ;
#1027 = CARTESIAN_POINT ( 'NONE',  ( -3.054126587736527121, -1.265060653844730876, -3.656250000000000000 ) ) ;
#1028 = ADVANCED_FACE ( 'NONE', ( #3095 ), #2073, .T. ) ;
#1029 = CARTESIAN_POINT ( 'NONE',  ( -0.9736010864139222898, 2.350480947161671441, 0.5624999999999995559 ) ) ;
#1030 = FACE_OUTER_BOUND ( 'NONE', #554, .T. ) ;
#1031 = CARTESIAN_POINT ( 'NONE',  ( 2.121320343559680133, -2.121320343559602861, -4.249999999999997335 ) ) ;
#1032 = CARTESIAN_POINT ( 'NONE',  ( -0.9736010864139222898, 2.350480947161671441, -2.437500000000000444 ) ) ;
#1033 = CARTESIAN_POINT ( 'NONE',  ( -3.673940397442059375E-16, -2.999999999999999112, 0.4999999999999996669 ) ) ;
#1034 = PERSON_AND_ORGANIZATION_ROLE ( 'design_owner' ) ;
#1035 = CARTESIAN_POINT ( 'NONE',  ( -0.3698219102109476242, -2.321204953832802786, -4.899519052838323674 ) ) ;
#1036 = AXIS2_PLACEMENT_3D ( 'NONE', #1463, #3731, #3400 ) ;
#1037 = ORIENTED_EDGE ( 'NONE', *, *, #102, .T. ) ;
#1038 = DIRECTION ( 'NONE',  ( -1.027398192157652847E-14, -0.9848077530122080203, 0.1736481776669305255 ) ) ;
#1039 = DIRECTION ( 'NONE',  ( 1.048438438967729848E-14, 1.000000000000000000, 0.000000000000000000 ) ) ;
#1040 = AXIS2_PLACEMENT_3D ( 'NONE', #4012, #1110, #1787 ) ;
#1041 = CARTESIAN_POINT ( 'NONE',  ( 0.000000000000000000, 3.054126587736527565, -5.906250000000000888 ) ) ;
#1042 = CARTESIAN_POINT ( 'NONE',  ( -0.9736010864139222898, 2.350480947161671441, -1.437500000000000666 ) ) ;
#1043 = CARTESIAN_POINT ( 'NONE',  ( -3.673940397442059375E-16, -2.999999999999999112, 0.6249999999999993339 ) ) ;
#1044 = CARTESIAN_POINT ( 'NONE',  ( 0.9736010864139216237, -2.350480947161670109, 0.1874999999999993339 ) ) ;
#1045 = EDGE_LOOP ( 'NONE', ( #2854, #2759, #966, #1245, #2432, #1546, #3295, #560, #2830, #1772, #3976, #2982, #3964, #1059, #1850, #3094, #3702, #1834, #2599, #2260, #1921 ) ) ;
#1046 = CARTESIAN_POINT ( 'NONE',  ( -2.350480947161670553, -0.9736010864139212906, -1.062500000000000222 ) ) ;
#1047 = FACE_OUTER_BOUND ( 'NONE', #529, .T. ) ;
#1048 = CARTESIAN_POINT ( 'NONE',  ( 1.265060653844731542, -3.054126587736527121, 0.5937499999999996669 ) ) ;
#1049 = ADVANCED_FACE ( 'NONE', ( #2670 ), #455, .T. ) ;
#1050 = CARTESIAN_POINT ( 'NONE',  ( 2.350480947161670553, 4.867087541007580301E-16, -1.750000000000000666 ) ) ;
#1051 = CARTESIAN_POINT ( 'NONE',  ( -2.474953022491191756, -1.348970961401976920, -4.437089335219212671 ) ) ;
#1052 = DIRECTION ( 'NONE',  ( -0.3768696111424580941, -0.9098437264664117619, 0.1736481776669307475 ) ) ;
#1053 = EDGE_CURVE ( 'NONE', #3862, #2370, #3705, .T. ) ;
#1054 = CARTESIAN_POINT ( 'NONE',  ( 1.662041016787796810, 1.662041016787796810, 0.3749999999999994449 ) ) ;
#1055 = ADVANCED_FACE ( 'NONE', ( #790 ), #1613, .F. ) ;
#1056 = CARTESIAN_POINT ( 'NONE',  ( -3.000000000000000000, 1.102182119232617714E-15, 4.249999999999999112 ) ) ;
#1057 = DIRECTION ( 'NONE',  ( 0.000000000000000000, 0.000000000000000000, 1.000000000000000000 ) ) ;
#1058 = CARTESIAN_POINT ( 'NONE',  ( 2.350480947161670109, 0.9736010864139237331, 0.4374999999999995004 ) ) ;
#1059 = ORIENTED_EDGE ( 'NONE', *, *, #3871, .F. ) ;
#1060 = CARTESIAN_POINT ( 'NONE',  ( 1.242640687119297649, 2.999999999999990230, -0.06250000000000068001 ) ) ;
#1061 = AXIS2_PLACEMENT_3D ( 'NONE', #3284, #1885, #2281 ) ;
#1062 = DIRECTION ( 'NONE',  ( -1.000000000000000000, 0.000000000000000000, 0.000000000000000000 ) ) ;
#1063 = CARTESIAN_POINT ( 'NONE',  ( 2.159593620790628776, -2.159593620790628776, -4.281250000000000000 ) ) ;
#1064 = CARTESIAN_POINT ( 'NONE',  ( 0.9736010864139238441, 2.350480947161670997, -3.562500000000000888 ) ) ;
#1065 = CARTESIAN_POINT ( 'NONE',  ( 3.000000000000000000, 3.673940397442059375E-16, -2.125000000000001332 ) ) ;
#1066 = CARTESIAN_POINT ( 'NONE',  ( 2.350480947161670109, 0.9736010864139235110, -1.562500000000000888 ) ) ;
#1067 = ORIENTED_EDGE ( 'NONE', *, *, #3969, .T. ) ;
#1068 = CARTESIAN_POINT ( 'NONE',  ( 2.350480947161670109, 0.9736010864139235110, -0.5625000000000004441 ) ) ;
#1069 = CARTESIAN_POINT ( 'NONE',  ( -1.265060653844732208, 3.054126587736527565, 0.09375000000000008327 ) ) ;
#1070 =( BOUNDED_CURVE ( )  B_SPLINE_CURVE ( 2, ( #2206, #3812, #2230, #583, #1928, #2590, #2862, #11, #4124 ),
 .UNSPECIFIED., .F., .F. ) 
 B_SPLINE_CURVE_WITH_KNOTS ( ( 3, 2, 2, 2, 3 ),
 ( 0.7500000000000000000, 0.7604166666666666297, 0.7708333333333334814, 0.7812500000000001110, 0.7916666666666667407 ),
 .UNSPECIFIED. ) 
 CURVE ( )  GEOMETRIC_REPRESENTATION_ITEM ( )  RATIONAL_B_SPLINE_CURVE ( ( 1.000000000000000000, 0.9238795325112867385, 1.000000000000000000, 0.9238795325112867385, 1.000000000000000000, 0.9238795325112867385, 1.000000000000000000, 0.9238795325112859613, 1.000000000000000888 ) ) 
 REPRESENTATION_ITEM ( '' )  );
#1071 = CARTESIAN_POINT ( 'NONE',  ( -2.742550264421684592, -0.4866149829282242489, -4.470450206996962272 ) ) ;
#1072 = AXIS2_PLACEMENT_3D ( 'NONE', #3176, #2262, #567 ) ;
#1073 = CARTESIAN_POINT ( 'NONE',  ( 1.662041016787796144, -1.662041016787795922, -2.875000000000000444 ) ) ;
#1074 = CARTESIAN_POINT ( 'NONE',  ( 2.400510326092575308, -0.4445914852232958347, -4.822636001360439906 ) ) ;
#1075 = CALENDAR_DATE ( 2026, 8, 1 ) ;
#1076 = AXIS2_PLACEMENT_3D ( 'NONE', #17, #2261, #2237 ) ;
#1077 = CARTESIAN_POINT ( 'NONE',  ( 1.662041016787796810, 1.662041016787796810, -0.5000000000000004441 ) ) ;
#1078 = VERTEX_POINT ( 'NONE', #1753 ) ;
#1079 = CARTESIAN_POINT ( 'NONE',  ( -0.1231496590326615070, -2.350480947161669665, -4.899519052838325450 ) ) ;
#1080 = CARTESIAN_POINT ( 'NONE',  ( 0.000000000000000000, -5.841489628658878885, 8.449999999999997513 ) ) ;
#1081 = EDGE_CURVE ( 'NONE', #1202, #214, #2409, .T. ) ;
#1082 = CARTESIAN_POINT ( 'NONE',  ( 1.265060653844731542, -3.054126587736527121, -0.3437500000000012212 ) ) ;
#1083 = CARTESIAN_POINT ( 'NONE',  ( 2.350480947161670109, -0.9736010864139228449, 1.187499999999999334 ) ) ;
#1084 = DIRECTION ( 'NONE',  ( 0.000000000000000000, -0.1736481776669307198, -0.9848077530122080203 ) ) ;
#1085 = CARTESIAN_POINT ( 'NONE',  ( 1.662041016787796810, 1.662041016787796810, -0.5000000000000004441 ) ) ;
#1086 = CARTESIAN_POINT ( 'NONE',  ( -1.662041016787796366, -1.662041016787795256, 2.000000000000000000 ) ) ;
#1087 = DIRECTION ( 'NONE',  ( 0.000000000000000000, 0.000000000000000000, -1.000000000000000000 ) ) ;
#1088 = CARTESIAN_POINT ( 'NONE',  ( 2.159593620790628776, -2.159593620790628776, 0.6562499999999996669 ) ) ;
#1089 = CARTESIAN_POINT ( 'NONE',  ( -2.070899917008295787, -1.949698452752695266, -4.411430261570838063 ) ) ;
#1090 = CARTESIAN_POINT ( 'NONE',  ( -1.662041016787796366, -1.662041016787795256, -3.125000000000000444 ) ) ;
#1091 = DIRECTION ( 'NONE',  ( -1.021538213895851069E-15, -0.3420201433256696011, 0.9396926207859080948 ) ) ;
#1092 = DIRECTION ( 'NONE',  ( -0.000000000000000000, -1.836970198721027715E-16, 1.000000000000000000 ) ) ;
#1093 = AXIS2_PLACEMENT_3D ( 'NONE', #1262, #358, #2564 ) ;
#1094 = CARTESIAN_POINT ( 'NONE',  ( 2.350480947161670553, 4.867087541007580301E-16, -0.6250000000000005551 ) ) ;
#1095 = ORIENTED_EDGE ( 'NONE', *, *, #1794, .T. ) ;
#1096 = CARTESIAN_POINT ( 'NONE',  ( -1.218835278665387101, 1.175139334687511861, 9.550418624488177244 ) ) ;
#1097 = EDGE_CURVE ( 'NONE', #2231, #4090, #2394, .T. ) ;
#1098 = AXIS2_PLACEMENT_3D ( 'NONE', #3015, #2945, #1345 ) ;
#1099 = CARTESIAN_POINT ( 'NONE',  ( 3.054126587736527121, 1.265060653844733318, -2.093750000000001332 ) ) ;
#1100 = CARTESIAN_POINT ( 'NONE',  ( 1.662041016787796810, 1.662041016787796810, 3.375000000000000444 ) ) ;
#1101 = EDGE_CURVE ( 'NONE', #4207, #614, #384, .T. ) ;
#1102 = CYLINDRICAL_SURFACE ( 'NONE', #1227, 2.999999999999999112 ) ;
#1103 = CARTESIAN_POINT ( 'NONE',  ( -0.9736010864139225118, -2.350480947161669665, 0.06250000000000005551 ) ) ;
#1104 = AXIS2_PLACEMENT_3D ( 'NONE', #2808, #2732, #1476 ) ;
#1105 = CARTESIAN_POINT ( 'NONE',  ( 0.9736010864139216237, -2.350480947161670109, 4.187499999999999112 ) ) ;
#1106 = DIRECTION ( 'NONE',  ( 0.000000000000000000, -1.000000000000000000, -2.891205793294678819E-16 ) ) ;
#1107 = CARTESIAN_POINT ( 'NONE',  ( 1.265060653844733762, 3.054126587736527121, 1.968750000000000000 ) ) ;
#1108 = LINE ( 'NONE', #163, #319 ) ;
#1109 = CARTESIAN_POINT ( 'NONE',  ( -2.350480947161670553, -0.9736010864139211796, 0.8124999999999998890 ) ) ;
#1110 = DIRECTION ( 'NONE',  ( -0.9848077530122080203, -4.014419319083126282E-16, 0.1736481776669309141 ) ) ;
#1111 = CARTESIAN_POINT ( 'NONE',  ( -0.9736010864139222898, 2.350480947161671441, 1.687499999999999778 ) ) ;
#1112 = ORIENTED_EDGE ( 'NONE', *, *, #3181, .T. ) ;
#1113 = CARTESIAN_POINT ( 'NONE',  ( -0.8896129467993136863, 1.894522849892241068, 9.524198720165914622 ) ) ;
#1114 = CARTESIAN_POINT ( 'NONE',  ( -2.159593620790628776, 2.159593620790630109, 1.218749999999999334 ) ) ;
#1115 = CARTESIAN_POINT ( 'NONE',  ( 0.9736010864139238441, 2.350480947161670997, 1.437499999999999778 ) ) ;
#1116 = LINE ( 'NONE', #3396, #1647 ) ;
#1117 = CARTESIAN_POINT ( 'NONE',  ( -0.9736010864139225118, -2.350480947161669665, 2.062500000000000000 ) ) ;
#1118 = VECTOR ( 'NONE', #1570, 1000.000000000000000 ) ;
#1119 = CARTESIAN_POINT ( 'NONE',  ( -2.350480947161670553, -0.9736010864139212906, -2.187500000000000444 ) ) ;
#1120 = CARTESIAN_POINT ( 'NONE',  ( 2.350480947161670109, -0.9736010864139228449, 1.312499999999999556 ) ) ;
#1121 = CARTESIAN_POINT ( 'NONE',  ( 0.9000000000000002442, 1.924264068711935227, 9.600000000000001421 ) ) ;
#1122 = CARTESIAN_POINT ( 'NONE',  ( -3.740226349862365271E-16, -3.054126587736525789, 0.5312499999999995559 ) ) ;
#1123 = CARTESIAN_POINT ( 'NONE',  ( -2.999999999999999556, 1.242640687119286325, -2.687500000000001332 ) ) ;
#1124 = CARTESIAN_POINT ( 'NONE',  ( 2.063354798659876810, 1.429523027327384010, -4.743157794031242602 ) ) ;
#1125 = CARTESIAN_POINT ( 'NONE',  ( 2.350480947161670553, 4.867087541007580301E-16, 2.374999999999999556 ) ) ;
#1126 = ORIENTED_EDGE ( 'NONE', *, *, #2108, .T. ) ;
#1127 = CARTESIAN_POINT ( 'NONE',  ( -1.181714235612951969, 1.207097663527956888, 9.550645913738115667 ) ) ;
#1128 = ORIENTED_EDGE ( 'NONE', *, *, #1846, .T. ) ;
#1129 = CARTESIAN_POINT ( 'NONE',  ( 2.121320343559642829, 2.121320343559642829, 4.875000000000000000 ) ) ;
#1130 = DESIGN_CONTEXT ( 'detailed design', #2012, 'design' ) ;
#1131 = CARTESIAN_POINT ( 'NONE',  ( 2.159593620790628776, -2.159593620790628776, -1.281250000000001110 ) ) ;
#1132 = CARTESIAN_POINT ( 'NONE',  ( 1.662041016787796144, -1.662041016787795922, 2.124999999999999112 ) ) ;
#1133 = DIRECTION ( 'NONE',  ( 0.9238795325112915124, 0.3826834323650782910, 2.415966897564970542E-16 ) ) ;
#1134 = CARTESIAN_POINT ( 'NONE',  ( -2.350480947161670553, -0.9736010864139212906, 4.937500000000001776 ) ) ;
#1135 = CARTESIAN_POINT ( 'NONE',  ( -2.878508968398378757E-16, -2.350480947161669665, -1.000000000000000000 ) ) ;
#1136 = CARTESIAN_POINT ( 'NONE',  ( -0.9736010864139222898, 2.350480947161671441, 2.687500000000000000 ) ) ;
#1137 = EDGE_CURVE ( 'NONE', #955, #1714, #3774, .T. ) ;
#1138 = CARTESIAN_POINT ( 'NONE',  ( 0.000000000000000000, 5.841489628658875333, 5.709927797833932672 ) ) ;
#1139 = EDGE_LOOP ( 'NONE', ( #2271, #3582, #899, #730 ) ) ;
#1140 = CARTESIAN_POINT ( 'NONE',  ( 3.054126587736526677, 3.574511468811600284E-16, 3.781250000000000888 ) ) ;
#1141 = FACE_OUTER_BOUND ( 'NONE', #872, .T. ) ;
#1142 = CARTESIAN_POINT ( 'NONE',  ( 0.000000000000000000, 0.000000000000000000, 9.396447866816426853 ) ) ;
#1143 = EDGE_CURVE ( 'NONE', #2266, #843, #10, .T. ) ;
#1144 = CARTESIAN_POINT ( 'NONE',  ( 0.9736010864139238441, 2.350480947161670997, 4.562500000000001776 ) ) ;
#1145 = ORIENTED_EDGE ( 'NONE', *, *, #1774, .T. ) ;
#1146 = CARTESIAN_POINT ( 'NONE',  ( -1.188857951510359223, -1.198156668554871906, 9.550725038770082165 ) ) ;
#1147 = ORIENTED_EDGE ( 'NONE', *, *, #1534, .T. ) ;
#1148 = CARTESIAN_POINT ( 'NONE',  ( 0.8641082669389731352, 3.315146656056975338, 9.396447866816426853 ) ) ;
#1149 = LINE ( 'NONE', #1514, #3509 ) ;
#1150 = VECTOR ( 'NONE', #457, 1000.000000000000000 ) ;
#1151 = CARTESIAN_POINT ( 'NONE',  ( -1.265060653844732430, -3.054126587736526677, -0.4687500000000003886 ) ) ;
#1152 = CARTESIAN_POINT ( 'NONE',  ( 2.350480947161670109, -0.9736010864139228449, 4.187499999999999112 ) ) ;
#1153 = CARTESIAN_POINT ( 'NONE',  ( -0.3345949825845595527, 0.8077837448576581370, 5.709927797833932672 ) ) ;
#1154 = CARTESIAN_POINT ( 'NONE',  ( -1.662041016787796366, -1.662041016787795256, 5.999999999999999112 ) ) ;
#1155 = CARTESIAN_POINT ( 'NONE',  ( 2.350480947161670553, 4.867087541007580301E-16, 1.249999999999999334 ) ) ;
#1156 = CARTESIAN_POINT ( 'NONE',  ( 2.350480947161670553, 4.867087541007580301E-16, 4.374999999999999112 ) ) ;
#1157 = FACE_OUTER_BOUND ( 'NONE', #3159, .T. ) ;
#1158 = CARTESIAN_POINT ( 'NONE',  ( 2.159593620790629664, 2.159593620790629664, 3.906250000000000888 ) ) ;
#1159 = VECTOR ( 'NONE', #460, 1000.000000000000000 ) ;
#1160 = B_SPLINE_CURVE_WITH_KNOTS ( 'NONE', 3,
 ( #1802, #1480, #1177, #1842, #2100, #500 ),
 .UNSPECIFIED., .F., .F.,
 ( 4, 2, 4 ),
 ( 2.790762507059342697E-17, 0.0007424098432986292505, 0.001484819686597230745 ),
 .UNSPECIFIED. ) ;
#1161 = CARTESIAN_POINT ( 'NONE',  ( 1.575609597065155939E-14, -4.074790491780804658, -18.61343887244345652 ) ) ;
#1162 = DIRECTION ( 'NONE',  ( 0.000000000000000000, -1.000000000000000000, 0.000000000000000000 ) ) ;
#1163 = EDGE_CURVE ( 'NONE', #2733, #1604, #1740, .T. ) ;
#1164 = EDGE_CURVE ( 'NONE', #316, #876, #2431, .T. ) ;
#1165 = CARTESIAN_POINT ( 'NONE',  ( -2.350480947161670553, 1.062410547780433880E-15, 4.875000000000000000 ) ) ;
#1166 = ORIENTED_EDGE ( 'NONE', *, *, #3055, .F. ) ;
#1167 = CARTESIAN_POINT ( 'NONE',  ( 3.673940397442058882E-16, 2.999999999999998668, 5.000000000000000888 ) ) ;
#1168 = ORIENTED_EDGE ( 'NONE', *, *, #3568, .F. ) ;
#1169 = CARTESIAN_POINT ( 'NONE',  ( -0.8953788520239417403, 1.880928570309218451, 9.524905907753261403 ) ) ;
#1170 = CARTESIAN_POINT ( 'NONE',  ( 2.999999999999999556, 1.242640687119286769, 0.9374999999999986677 ) ) ;
#1171 = CARTESIAN_POINT ( 'NONE',  ( 1.265060653844731542, -3.054126587736527121, 2.656249999999999556 ) ) ;
#1172 = DIRECTION ( 'NONE',  ( -1.000000000000000000, 0.000000000000000000, 0.000000000000000000 ) ) ;
#1173 = B_SPLINE_CURVE_WITH_KNOTS ( 'NONE', 3,
 ( #902, #1556, #599, #2763 ),
 .UNSPECIFIED., .F., .F.,
 ( 4, 4 ),
 ( 0.000000000000000000, 4.435033181973185498E-05 ),
 .UNSPECIFIED. ) ;
#1174 = CARTESIAN_POINT ( 'NONE',  ( 0.9736010864139216237, -2.350480947161670109, 5.187500000000001776 ) ) ;
#1175 = CARTESIAN_POINT ( 'NONE',  ( 1.662041016787796810, 1.662041016787796810, 5.375000000000000000 ) ) ;
#1176 = CARTESIAN_POINT ( 'NONE',  ( -1.662041016787796366, -1.662041016787795256, 5.000000000000000000 ) ) ;
#1177 = CARTESIAN_POINT ( 'NONE',  ( 0.9571499740013993396, -2.160647825342342454, -4.899519052838325450 ) ) ;
#1178 = AXIS2_PLACEMENT_3D ( 'NONE', #3526, #318, #341 ) ;
#1179 = CARTESIAN_POINT ( 'NONE',  ( -1.265060653844732208, 3.054126587736527565, 5.093750000000000000 ) ) ;
#1180 = DATE_AND_TIME ( #2208, #2591 ) ;
#1181 = CARTESIAN_POINT ( 'NONE',  ( 2.999999999999999112, -1.242640687119286103, 2.812500000000000000 ) ) ;
#1182 = CARTESIAN_POINT ( 'NONE',  ( -3.315146656056911389, -0.8641082669390895976, 9.396447866816338035 ) ) ;
#1183 = CARTESIAN_POINT ( 'NONE',  ( -2.350480947161670553, 0.9736010864139232890, 4.812500000000000888 ) ) ;
#1184 = VERTEX_POINT ( 'NONE', #3410 ) ;
#1185 = CARTESIAN_POINT ( 'NONE',  ( 1.242640687119284770, -2.999999999999999556, 2.562500000000000000 ) ) ;
#1186 = ORIENTED_EDGE ( 'NONE', *, *, #544, .F. ) ;
#1187 = EDGE_LOOP ( 'NONE', ( #3372, #2084, #154, #3876 ) ) ;
#1188 = CARTESIAN_POINT ( 'NONE',  ( -1.433724635333673891, -1.868846132890689571, 5.000000000000001776 ) ) ;
#1189 = CARTESIAN_POINT ( 'NONE',  ( -1.000000000000000666, -1.924264068711938558, 9.600000000000001421 ) ) ;
#1190 = CARTESIAN_POINT ( 'NONE',  ( 3.054126587736526677, 3.574511468811600284E-16, 3.843749999999999112 ) ) ;
#1191 = CIRCLE ( 'NONE', #2021, 28.72098086650471771 ) ;
#1192 = ORIENTED_EDGE ( 'NONE', *, *, #827, .T. ) ;
#1193 = CARTESIAN_POINT ( 'NONE',  ( -1.242640687119295650, -2.999999999999989342, -2.562500000000001332 ) ) ;
#1194 = ORIENTED_EDGE ( 'NONE', *, *, #1797, .F. ) ;
#1195 = CARTESIAN_POINT ( 'NONE',  ( 0.9736010864139238441, 2.350480947161670997, 2.562500000000000000 ) ) ;
#1196 = EDGE_CURVE ( 'NONE', #551, #4207, #2527, .T. ) ;
#1197 = CARTESIAN_POINT ( 'NONE',  ( 2.350480947161670109, -0.9736010864139228449, 5.187500000000001776 ) ) ;
#1198 = CARTESIAN_POINT ( 'NONE',  ( 1.662041016787796144, -1.662041016787795922, -4.875000000000000888 ) ) ;
#1199 = PLANE ( 'NONE',  #1036 ) ;
#1200 = CARTESIAN_POINT ( 'NONE',  ( -1.265060653844732430, -3.054126587736526677, 3.468750000000000444 ) ) ;
#1201 = APPROVAL_ROLE ( '' ) ;
#1202 = VERTEX_POINT ( 'NONE', #254 ) ;
#1203 = CARTESIAN_POINT ( 'NONE',  ( 2.350480947161670553, 4.867087541007580301E-16, -3.625000000000000444 ) ) ;
#1204 = CARTESIAN_POINT ( 'NONE',  ( 2.121320343559641941, -2.121320343559641941, 1.625000000000000000 ) ) ;
#1205 = CARTESIAN_POINT ( 'NONE',  ( 1.885995725475425155, -0.9076120467488800747, 9.600000000000001421 ) ) ;
#1206 = CARTESIAN_POINT ( 'NONE',  ( 3.173754193645884446E-16, -0.2140753138541271194, 5.709927797833932672 ) ) ;
#1207 = DIRECTION ( 'NONE',  ( 0.000000000000000000, -1.000000000000000000, -2.891205793294679312E-16 ) ) ;
#1208 = VERTEX_POINT ( 'NONE', #2760 ) ;
#1209 = CARTESIAN_POINT ( 'NONE',  ( 0.000000000000000000, 0.000000000000000000, 9.396447866816426853 ) ) ;
#1210 = EDGE_CURVE ( 'NONE', #1809, #2231, #76, .T. ) ;
#1211 = DIRECTION ( 'NONE',  ( -0.000000000000000000, -1.836970198721029688E-16, 1.000000000000000000 ) ) ;
#1212 = CARTESIAN_POINT ( 'NONE',  ( -3.054126587736527121, 1.265060653844732874, 3.281249999999998224 ) ) ;
#1213 = ORIENTED_EDGE ( 'NONE', *, *, #2181, .F. ) ;
#1214 = CARTESIAN_POINT ( 'NONE',  ( 0.000000000000000000, -2.449293598294706907E-16, 5.000000000000000000 ) ) ;
#1215 = CARTESIAN_POINT ( 'NONE',  ( 0.9736010864139216237, -2.350480947161670109, 4.187499999999999112 ) ) ;
#1216 = AXIS2_PLACEMENT_3D ( 'NONE', #2392, #2671, #1329 ) ;
#1217 = EDGE_CURVE ( 'NONE', #1202, #3268, #2046, .T. ) ;
#1218 = CARTESIAN_POINT ( 'NONE',  ( -1.662041016787796366, -1.662041016787795256, 2.875000000000000000 ) ) ;
#1219 = EDGE_CURVE ( 'NONE', #2486, #1267, #2168, .T. ) ;
#1220 = CARTESIAN_POINT ( 'NONE',  ( 0.9736010864139216237, -2.350480947161670109, 6.187500000000000000 ) ) ;
#1221 = CARTESIAN_POINT ( 'NONE',  ( -3.673940397442059375E-16, -2.999999999999999112, 2.624999999999999112 ) ) ;
#1222 = EDGE_LOOP ( 'NONE', ( #3156, #595, #2411, #700 ) ) ;
#1223 = CARTESIAN_POINT ( 'NONE',  ( 1.265060653844731542, -3.054126587736527121, 6.593749999999999112 ) ) ;
#1224 = APPROVAL_DATE_TIME ( #1180, #258 ) ;
#1225 = CARTESIAN_POINT ( 'NONE',  ( -2.350480947161670553, 1.062410547780433880E-15, -5.125000000000000000 ) ) ;
#1226 = DIRECTION ( 'NONE',  ( -1.836970198721029688E-16, 1.836970198721036097E-16, -1.000000000000000000 ) ) ;
#1227 = AXIS2_PLACEMENT_3D ( 'NONE', #2398, #3983, #1333 ) ;
#1228 = ORIENTED_EDGE ( 'NONE', *, *, #2495, .F. ) ;
#1229 = CARTESIAN_POINT ( 'NONE',  ( 2.490088800208876574, -1.324969183759921121, -4.434895190397760700 ) ) ;
#1230 = DIRECTION ( 'NONE',  ( 0.000000000000000000, 1.836970198721029688E-16, -1.000000000000000000 ) ) ;
#1231 = CARTESIAN_POINT ( 'NONE',  ( 1.242640687119284770, -2.999999999999999556, 3.687499999999998668 ) ) ;
#1232 = CARTESIAN_POINT ( 'NONE',  ( 1.662041016787796810, 1.662041016787796810, 4.374999999999999112 ) ) ;
#1233 = VERTEX_POINT ( 'NONE', #2466 ) ;
#1234 = ORIENTED_EDGE ( 'NONE', *, *, #425, .F. ) ;
#1235 = DIRECTION ( 'NONE',  ( -0.000000000000000000, -1.836970198721029688E-16, 1.000000000000000000 ) ) ;
#1236 = ORIENTED_EDGE ( 'NONE', *, *, #1532, .F. ) ;
#1237 = DIRECTION ( 'NONE',  ( -0.000000000000000000, -1.836970198721029688E-16, 1.000000000000000000 ) ) ;
#1238 = CARTESIAN_POINT ( 'NONE',  ( -2.350480947161670553, 0.9736010864139232890, 3.687499999999999112 ) ) ;
#1239 = CARTESIAN_POINT ( 'NONE',  ( 1.265060653844731542, -3.054126587736527121, 3.656249999999999112 ) ) ;
#1240 = ORIENTED_EDGE ( 'NONE', *, *, #2797, .F. ) ;
#1241 = CARTESIAN_POINT ( 'NONE',  ( 0.9736010864139238441, 2.350480947161670997, 6.562500000000000000 ) ) ;
#1242 = CARTESIAN_POINT ( 'NONE',  ( -2.350480947161670553, 0.9736010864139231780, 3.687499999999998668 ) ) ;
#1243 = CARTESIAN_POINT ( 'NONE',  ( -2.878508968398378757E-16, -2.350480947161669665, 5.125000000000000000 ) ) ;
#1244 = DIRECTION ( 'NONE',  ( 0.000000000000000000, 1.836970198721029688E-16, -1.000000000000000000 ) ) ;
#1245 = ORIENTED_EDGE ( 'NONE', *, *, #1380, .F. ) ;
#1246 = CARTESIAN_POINT ( 'NONE',  ( 0.000000000000000000, 3.054126587736527565, 7.031250000000000000 ) ) ;
#1247 = SHAPE_DEFINITION_REPRESENTATION ( #2819, #2784 ) ;
#1248 = CARTESIAN_POINT ( 'NONE',  ( 1.662999268763198644E-11, -2.920753175473597807, -4.329246824526400417 ) ) ;
#1249 = CIRCLE ( 'NONE', #502, 5.108229995917385580 ) ;
#1250 = CARTESIAN_POINT ( 'NONE',  ( -1.242640687119285658, -2.999999999999999112, 0.5624999999999993339 ) ) ;
#1251 = CARTESIAN_POINT ( 'NONE',  ( -3.054126587736526677, 1.105496416853632984E-15, -3.718750000000000000 ) ) ;
#1252 = CARTESIAN_POINT ( 'NONE',  ( -1.924264068711934339, -0.2140753138541355016, 5.709927797833932672 ) ) ;
#1253 = DIRECTION ( 'NONE',  ( 1.000000000000000000, 0.000000000000000000, 0.000000000000000000 ) ) ;
#1254 = ORIENTED_EDGE ( 'NONE', *, *, #22, .F. ) ;
#1255 = CARTESIAN_POINT ( 'NONE',  ( 2.350480947161670109, 0.9736010864139237331, -3.687500000000000888 ) ) ;
#1256 = ORIENTED_EDGE ( 'NONE', *, *, #1615, .T. ) ;
#1257 = CARTESIAN_POINT ( 'NONE',  ( -2.121320343559642385, -2.121320343559641497, -0.5000000000000007772 ) ) ;
#1258 = CARTESIAN_POINT ( 'NONE',  ( 0.9736010864139238441, 2.350480947161670997, -4.437500000000001776 ) ) ;
#1259 = CARTESIAN_POINT ( 'NONE',  ( 1.662041016787796144, -1.662041016787795922, 4.124999999999999112 ) ) ;
#1260 = CARTESIAN_POINT ( 'NONE',  ( -1.265060653844732208, 3.054126587736527565, 5.156249999999998224 ) ) ;
#1261 = VERTEX_POINT ( 'NONE', #2509 ) ;
#1262 = CARTESIAN_POINT ( 'NONE',  ( 0.000000000000000000, 1.454268073987481462E-15, -4.249999999999997335 ) ) ;
#1263 = CARTESIAN_POINT ( 'NONE',  ( 0.9736010864139216237, -2.350480947161670109, 4.062499999999999112 ) ) ;
#1264 = AXIS2_PLACEMENT_3D ( 'NONE', #1426, #3443, #1825 ) ;
#1265 = CARTESIAN_POINT ( 'NONE',  ( -0.9736010864139222898, 2.350480947161671441, -5.437500000000001776 ) ) ;
#1266 = CARTESIAN_POINT ( 'NONE',  ( 1.894522849892235072, -0.8896129467993325601, 9.524198720165907517 ) ) ;
#1267 = VERTEX_POINT ( 'NONE', #850 ) ;
#1268 = CARTESIAN_POINT ( 'NONE',  ( 1.662041016787796144, -1.662041016787795922, -2.750000000000000444 ) ) ;
#1269 = VECTOR ( 'NONE', #2111, 999.9999999999998863 ) ;
#1270 = ADVANCED_FACE ( 'NONE', ( #1828 ), #2150, .T. ) ;
#1271 = CARTESIAN_POINT ( 'NONE',  ( 1.496252910230976285, -2.577672965549883344, -4.275825342888707858 ) ) ;
#1272 = CC_DESIGN_PERSON_AND_ORGANIZATION_ASSIGNMENT ( #1992, #687, ( #2035 ) ) ;
#1273 = DIRECTION ( 'NONE',  ( 0.000000000000000000, -1.000000000000000000, -1.484829714895064847E-16 ) ) ;
#1274 = CARTESIAN_POINT ( 'NONE',  ( -1.265060653844732430, -3.054126587736526677, -2.531250000000000888 ) ) ;
#1275 = CARTESIAN_POINT ( 'NONE',  ( -2.350480947161670553, 0.9736010864139231780, -4.312500000000000888 ) ) ;
#1276 = CARTESIAN_POINT ( 'NONE',  ( 0.2140753138541277856, -2.073105779112136560, 5.709927797833932672 ) ) ;
#1277 = FACE_OUTER_BOUND ( 'NONE', #46, .T. ) ;
#1278 = EDGE_CURVE ( 'NONE', #602, #551, #3136, .T. ) ;
#1279 = CARTESIAN_POINT ( 'NONE',  ( 0.9736010864139216237, -2.350480947161670109, 6.062499999999999112 ) ) ;
#1280 = ORIENTED_EDGE ( 'NONE', *, *, #1982, .T. ) ;
#1281 = VERTEX_POINT ( 'NONE', #895 ) ;
#1282 = CARTESIAN_POINT ( 'NONE',  ( 1.242640687119292098, 2.999999999999994671, -2.937500000000001776 ) ) ;
#1283 = CARTESIAN_POINT ( 'NONE',  ( 1.662041016787796810, 1.662041016787796810, -1.500000000000000444 ) ) ;
#1284 = CARTESIAN_POINT ( 'NONE',  ( -2.350480947161670553, 0.9736010864139232890, 4.687500000000000888 ) ) ;
#1285 = CARTESIAN_POINT ( 'NONE',  ( -3.054126587736527121, -1.265060653844730876, 5.406249999999999112 ) ) ;
#1286 = EDGE_LOOP ( 'NONE', ( #2826, #2489, #543, #1594 ) ) ;
#1287 = CARTESIAN_POINT ( 'NONE',  ( 1.048896720146973211E-15, -1.048896720146976761E-15, 5.709927797833932672 ) ) ;
#1288 = CARTESIAN_POINT ( 'NONE',  ( -3.054126587736526677, 1.105496416853632984E-15, -5.656250000000000888 ) ) ;
#1289 = CARTESIAN_POINT ( 'NONE',  ( -2.350480947161670553, 0.9736010864139231780, -1.312500000000000444 ) ) ;
#1290 = CARTESIAN_POINT ( 'NONE',  ( -0.5446109464931188082, 0.9699503216439046005, 5.709927797833932672 ) ) ;
#1291 = CARTESIAN_POINT ( 'NONE',  ( -2.350480947161670553, 1.062410547780433880E-15, -2.125000000000000000 ) ) ;
#1292 = CARTESIAN_POINT ( 'NONE',  ( -2.350480947161670553, -0.9736010864139212906, -4.062500000000000000 ) ) ;
#1293 = AXIS2_PLACEMENT_3D ( 'NONE', #4115, #1625, #3583 ) ;
#1294 = CARTESIAN_POINT ( 'NONE',  ( -2.121320343559642385, -2.121320343559641053, 1.375000000000000444 ) ) ;
#1295 = CARTESIAN_POINT ( 'NONE',  ( 0.000000000000000000, 3.054126587736527565, -4.968750000000000000 ) ) ;
#1296 = ORIENTED_EDGE ( 'NONE', *, *, #3366, .F. ) ;
#1297 =( BOUNDED_CURVE ( )  B_SPLINE_CURVE ( 2, ( #3160, #1941, #2220, #3515, #597, #3249, #1533, #1282, #3870 ),
 .UNSPECIFIED., .F., .F. ) 
 B_SPLINE_CURVE_WITH_KNOTS ( ( 3, 2, 2, 2, 3 ),
 ( 0.2083333333333332871, 0.2187499999999999445, 0.2291666666666666019, 0.2395833333333332871, 0.2499999999999999445 ),
 .UNSPECIFIED. ) 
 CURVE ( )  GEOMETRIC_REPRESENTATION_ITEM ( )  RATIONAL_B_SPLINE_CURVE ( ( 1.000000000000000444, 0.9238795325112862944, 1.000000000000000000, 0.9238795325112867385, 1.000000000000000000, 0.9238795325112867385, 1.000000000000000000, 0.9238795325112871826, 0.9999999999999995559 ) ) 
 REPRESENTATION_ITEM ( '' )  );
#1298 = CARTESIAN_POINT ( 'NONE',  ( 1.662041016787796810, 1.662041016787796810, -4.625000000000000888 ) ) ;
#1299 = CARTESIAN_POINT ( 'NONE',  ( 1.242640687119292098, 2.999999999999994671, -0.9375000000000013323 ) ) ;
#1300 = CARTESIAN_POINT ( 'NONE',  ( 2.999999999999999556, 1.242640687119286769, 3.812500000000000888 ) ) ;
#1301 = VERTEX_POINT ( 'NONE', #1849 ) ;
#1302 = CARTESIAN_POINT ( 'NONE',  ( 0.000000000000000000, 2.350480947161671441, 6.500000000000000000 ) ) ;
#1303 = DIRECTION ( 'NONE',  ( -1.000000000000000000, -8.277145570797874643E-16, 0.000000000000000000 ) ) ;
#1304 = ORIENTED_EDGE ( 'NONE', *, *, #773, .F. ) ;
#1305 = EDGE_CURVE ( 'NONE', #2283, #2569, #1361, .T. ) ;
#1306 = CARTESIAN_POINT ( 'NONE',  ( 3.315146656056911389, 0.8641082669390861559, 9.396447866816338035 ) ) ;
#1307 = ADVANCED_FACE ( 'NONE', ( #3466 ), #3157, .T. ) ;
#1308 = CIRCLE ( 'NONE', #2184, 28.72098086650471771 ) ;
#1309 = CARTESIAN_POINT ( 'NONE',  ( 0.000000000000000000, 2.350480947161671441, -2.375000000000000444 ) ) ;
#1310 = CARTESIAN_POINT ( 'NONE',  ( 2.350480947161670553, 4.867087541007580301E-16, 1.249999999999999334 ) ) ;
#1311 = CARTESIAN_POINT ( 'NONE',  ( 0.2651753312479134816, -2.379965375707696840, 5.000000000000000888 ) ) ;
#1312 = DIRECTION ( 'NONE',  ( -0.1736481776669309141, 7.871956212234908732E-16, -0.9848077530122080203 ) ) ;
#1313 = CARTESIAN_POINT ( 'NONE',  ( -0.9736010864139225118, -2.350480947161669665, 5.937499999999999112 ) ) ;
#1314 = CARTESIAN_POINT ( 'NONE',  ( 1.662041016787796810, 1.662041016787796810, -1.625000000000000666 ) ) ;
#1315 = CARTESIAN_POINT ( 'NONE',  ( -1.662041016787796366, -1.662041016787795256, -5.000000000000000000 ) ) ;
#1316 = CARTESIAN_POINT ( 'NONE',  ( 2.350480947161670553, 4.867087541007580301E-16, -0.6250000000000005551 ) ) ;
#1317 = CARTESIAN_POINT ( 'NONE',  ( 0.8953788520239527315, 1.880928570309214232, 9.524905907753261403 ) ) ;
#1318 = CARTESIAN_POINT ( 'NONE',  ( -3.054126587736527121, -1.265060653844730876, -1.656250000000000222 ) ) ;
#1319 = CARTESIAN_POINT ( 'NONE',  ( -2.350480947161670553, -0.9736010864139212906, -4.187500000000000000 ) ) ;
#1320 = CARTESIAN_POINT ( 'NONE',  ( -1.885995725475423379, -0.9076120467488820731, 9.600000000000001421 ) ) ;
#1321 = CARTESIAN_POINT ( 'NONE',  ( 1.270710678118654569, 1.270710678118659231, 5.709927797833932672 ) ) ;
#1322 = CARTESIAN_POINT ( 'NONE',  ( 0.9736010864139238441, 2.350480947161670997, -4.562500000000001776 ) ) ;
#1323 = CARTESIAN_POINT ( 'NONE',  ( 0.000000000000000000, -1.006440660972019932E-15, 9.145474443040736645 ) ) ;
#1324 = COORDINATED_UNIVERSAL_TIME_OFFSET ( 6, 0, .BEHIND. ) ;
#1325 = AXIS2_PLACEMENT_3D ( 'NONE', #1979, #295, #1273 ) ;
#1326 = CARTESIAN_POINT ( 'NONE',  ( 0.9736010864139217347, -2.350480947161670109, -2.812500000000000888 ) ) ;
#1327 = CARTESIAN_POINT ( 'NONE',  ( 2.350480947161670109, -0.9736010864139228449, 2.187499999999999556 ) ) ;
#1328 = CARTESIAN_POINT ( 'NONE',  ( 1.265060653844731542, -3.054126587736527121, 5.656249999999998224 ) ) ;
#1329 = DIRECTION ( 'NONE',  ( 0.000000000000000000, -1.000000000000000000, -2.891205793294679312E-16 ) ) ;
#1330 = CARTESIAN_POINT ( 'NONE',  ( 3.054126587736527121, 1.265060653844733318, -5.093750000000001776 ) ) ;
#1331 = CARTESIAN_POINT ( 'NONE',  ( 2.350480947161670109, 0.9736010864139235110, -0.6875000000000005551 ) ) ;
#1332 = EDGE_CURVE ( 'NONE', #1567, #3324, #4112, .T. ) ;
#1333 = DIRECTION ( 'NONE',  ( 0.000000000000000000, -1.000000000000000000, -2.891205793294679312E-16 ) ) ;
#1334 = CARTESIAN_POINT ( 'NONE',  ( 3.054126587736527121, 1.265060653844733318, 6.843750000000000000 ) ) ;
#1335 = CARTESIAN_POINT ( 'NONE',  ( -1.662041016787796366, -1.662041016787795256, -1.000000000000000000 ) ) ;
#1336 = CARTESIAN_POINT ( 'NONE',  ( 3.673940397442058882E-16, 2.999999999999998668, 5.000000000000000888 ) ) ;
#1337 = AXIS2_PLACEMENT_3D ( 'NONE', #853, #2154, #3804 ) ;
#1338 = CARTESIAN_POINT ( 'NONE',  ( -1.265060653844732208, 3.054126587736527565, -4.906250000000000000 ) ) ;
#1339 = CARTESIAN_POINT ( 'NONE',  ( 2.350480947161670553, 4.867087541007580301E-16, -0.7500000000000006661 ) ) ;
#1340 = DIRECTION ( 'NONE',  ( -4.336808689942025625E-15, -1.000000000000000000, 0.000000000000000000 ) ) ;
#1341 = CARTESIAN_POINT ( 'NONE',  ( -2.999999999999999556, 1.242640687119286325, -0.8124999999999997780 ) ) ;
#1342 = CARTESIAN_POINT ( 'NONE',  ( -2.878508968398378757E-16, -2.350480947161669665, -8.673617379884035472E-16 ) ) ;
#1343 = B_SPLINE_CURVE_WITH_KNOTS ( 'NONE', 3,
 ( #1182, #505, #2867, #2165 ),
 .UNSPECIFIED., .F., .F.,
 ( 4, 4 ),
 ( 0.000000000000000000, 0.003944063716410795527 ),
 .UNSPECIFIED. ) ;
#1344 = LINE ( 'NONE', #993, #757 ) ;
#1345 = DIRECTION ( 'NONE',  ( 1.000000000000000000, 0.000000000000000000, 0.000000000000000000 ) ) ;
#1346 = CARTESIAN_POINT ( 'NONE',  ( -2.878508968398378757E-16, -2.350480947161669665, -1.875000000000000444 ) ) ;
#1347 = ORIENTED_EDGE ( 'NONE', *, *, #3319, .T. ) ;
#1348 = CARTESIAN_POINT ( 'NONE',  ( 2.725503527573217788, 0.9554510614151239256, 5.000000000000000888 ) ) ;
#1349 = CARTESIAN_POINT ( 'NONE',  ( -0.5446109464931240263, -0.9699503216439050446, 5.709927797833932672 ) ) ;
#1350 = ADVANCED_FACE ( 'NONE', ( #704 ), #2959, .T. ) ;
#1351 = CARTESIAN_POINT ( 'NONE',  ( -1.265060653844732208, 3.054126587736527565, -3.843750000000000888 ) ) ;
#1352 = CARTESIAN_POINT ( 'NONE',  ( 0.9736010864139238441, 2.350480947161670997, -2.562500000000000444 ) ) ;
#1353 = CARTESIAN_POINT ( 'NONE',  ( -3.480052876875419863E-15, 0.8999999999999996891, 9.600000000000001421 ) ) ;
#1354 = CARTESIAN_POINT ( 'NONE',  ( 0.9736010864139238441, 2.350480947161670997, -0.4375000000000003331 ) ) ;
#1355 = ADVANCED_FACE ( 'NONE', ( #2308 ), #4182, .T. ) ;
#1356 = EDGE_CURVE ( 'NONE', #3314, #3798, #3533, .T. ) ;
#1357 = CARTESIAN_POINT ( 'NONE',  ( 2.350480947161670109, 0.9736010864139235110, -2.562500000000000444 ) ) ;
#1358 = CARTESIAN_POINT ( 'NONE',  ( -0.9999999999999892308, 1.924264068711940334, 9.600000000000001421 ) ) ;
#1359 = ORIENTED_EDGE ( 'NONE', *, *, #1797, .T. ) ;
#1360 = CARTESIAN_POINT ( 'NONE',  ( 2.159593620790629664, 2.159593620790629664, -0.09375000000000008327 ) ) ;
#1361 =( BOUNDED_CURVE ( )  B_SPLINE_CURVE ( 2, ( #1552, #1509, #2801, #2533, #4091, #236, #4132, #1185, #2487 ),
 .UNSPECIFIED., .F., .F. ) 
 B_SPLINE_CURVE_WITH_KNOTS ( ( 3, 2, 2, 2, 3 ),
 ( 0.3333333333333333703, 0.3437500000000000000, 0.3541666666666666297, 0.3645833333333333703, 0.3750000000000000000 ),
 .UNSPECIFIED. ) 
 CURVE ( )  GEOMETRIC_REPRESENTATION_ITEM ( )  RATIONAL_B_SPLINE_CURVE ( ( 1.000000000000000000, 0.9238795325112867385, 1.000000000000000000, 0.9238795325112867385, 1.000000000000000000, 0.9238795325112867385, 1.000000000000000000, 0.9238795325112867385, 1.000000000000000000 ) ) 
 REPRESENTATION_ITEM ( '' )  );
#1362 = AXIS2_PLACEMENT_3D ( 'NONE', #2152, #148, #2450 ) ;
#1363 = CARTESIAN_POINT ( 'NONE',  ( -2.350480947161670553, -0.9736010864139212906, -0.1875000000000001665 ) ) ;
#1364 = CARTESIAN_POINT ( 'NONE',  ( -2.493075184300270308, 1.103178441325891823, -4.529826088502122872 ) ) ;
#1365 = DIRECTION ( 'NONE',  ( 0.000000000000000000, -1.000000000000000000, -1.753735883734328812E-16 ) ) ;
#1366 = CARTESIAN_POINT ( 'NONE',  ( 0.9736010864139217347, -2.350480947161670109, -2.937500000000000888 ) ) ;
#1367 = DIRECTION ( 'NONE',  ( 0.000000000000000000, -1.000000000000000000, -3.395938470592040599E-16 ) ) ;
#1368 =( NAMED_UNIT ( * ) PLANE_ANGLE_UNIT ( ) SI_UNIT ( $, .RADIAN. ) );
#1369 = CARTESIAN_POINT ( 'NONE',  ( -2.350480947161670553, -0.9736010864139211796, -0.06250000000000005551 ) ) ;
#1370 = VECTOR ( 'NONE', #3523, 1000.000000000000000 ) ;
#1371 = VERTEX_POINT ( 'NONE', #2263 ) ;
#1372 = CARTESIAN_POINT ( 'NONE',  ( 2.738893745741596053, -0.3565872787574720371, 4.999999999999996447 ) ) ;
#1373 = VERTEX_POINT ( 'NONE', #3934 ) ;
#1374 = LINE ( 'NONE', #67, #1150 ) ;
#1375 = CARTESIAN_POINT ( 'NONE',  ( 2.159593620790629664, 2.159593620790629664, -4.031250000000000888 ) ) ;
#1376 = CARTESIAN_POINT ( 'NONE',  ( 2.350480947161670109, 0.9736010864139235110, -2.687500000000000888 ) ) ;
#1377 = CARTESIAN_POINT ( 'NONE',  ( 1.050481986571924097E-14, 4.074790491780808210, -18.61343887244345652 ) ) ;
#1378 = CARTESIAN_POINT ( 'NONE',  ( 2.350480947161670553, 4.867087541007580301E-16, -1.625000000000000666 ) ) ;
#1379 = ORIENTED_EDGE ( 'NONE', *, *, #2301, .F. ) ;
#1380 = EDGE_CURVE ( 'NONE', #2149, #2616, #775, .T. ) ;
#1381 = CARTESIAN_POINT ( 'NONE',  ( 1.662041016787796144, -1.662041016787795922, -0.7500000000000006661 ) ) ;
#1382 = CARTESIAN_POINT ( 'NONE',  ( -1.242640687119285658, -2.999999999999999112, 1.562499999999999334 ) ) ;
#1383 = CARTESIAN_POINT ( 'NONE',  ( 3.054126587736526677, 3.574511468811600284E-16, 0.7812499999999997780 ) ) ;
#1384 = CARTESIAN_POINT ( 'NONE',  ( 0.9076120467488735244, -1.885995725475428264, 9.600000000000001421 ) ) ;
#1385 = CARTESIAN_POINT ( 'NONE',  ( -2.084129509265169489, -2.774996190664728341E-15, 5.709927797833932672 ) ) ;
#1386 = CARTESIAN_POINT ( 'NONE',  ( 1.662041016787796810, 1.662041016787796810, -2.625000000000000444 ) ) ;
#1387 = CARTESIAN_POINT ( 'NONE',  ( 1.242640687119284770, -2.999999999999999556, 1.687499999999998446 ) ) ;
#1388 = APPROVAL_DATE_TIME ( #3629, #2911 ) ;
#1389 = CARTESIAN_POINT ( 'NONE',  ( 2.350480947161670109, 0.9736010864139237331, 2.437500000000000000 ) ) ;
#1390 = VERTEX_POINT ( 'NONE', #300 ) ;
#1391 = CARTESIAN_POINT ( 'NONE',  ( -2.999999999999999556, -1.242640687119284104, 4.437500000000000000 ) ) ;
#1392 = ORIENTED_EDGE ( 'NONE', *, *, #3005, .F. ) ;
#1393 = VECTOR ( 'NONE', #2888, 1000.000000000000000 ) ;
#1394 = FACE_OUTER_BOUND ( 'NONE', #2593, .T. ) ;
#1395 = CLOSED_SHELL ( 'NONE', ( #3267, #4177, #1270, #1307, #2425, #2270, #2659, #4048, #3927, #2548, #29, #3359, #1618, #3622, #2798, #2463, #3766, #1028, #72, #424, #3739, #2653, #1510, #514, #1412, #1055, #887, #1049, #2494, #1648, #1526, #2978, #3869, #710, #1722, #4173, #1355, #1986, #1483, #2063, #2707, #2470, #2128, #3974, #2244, #1923, #3316, #3263, #3902, #783, #2514, #2776, #3476, #146, #2302, #290, #3836, #1350, #231, #708, #1003, #3998, #2820, #781, #179, #2918, #3544, #3407, #916, #589, #3386 ) ) ;
#1396 = CARTESIAN_POINT ( 'NONE',  ( 1.265060653844731542, -3.054126587736527121, 0.6562499999999987788 ) ) ;
#1397 = CARTESIAN_POINT ( 'NONE',  ( 0.9736010864139238441, 2.350480947161670997, 0.4374999999999995559 ) ) ;
#1398 = PLANE ( 'NONE',  #70 ) ;
#1399 = CARTESIAN_POINT ( 'NONE',  ( -2.878508968398378757E-16, -2.350480947161669665, 0.1249999999999992506 ) ) ;
#1400 = CARTESIAN_POINT ( 'NONE',  ( 0.000000000000000000, 2.350480947161671441, -0.3750000000000003331 ) ) ;
#1401 = CARTESIAN_POINT ( 'NONE',  ( 0.000000000000000000, -4.945794552264513477, 4.999999999999997335 ) ) ;
#1402 = ORIENTED_EDGE ( 'NONE', *, *, #401, .T. ) ;
#1403 = CARTESIAN_POINT ( 'NONE',  ( 3.054126587736526677, -1.265060653844732652, 0.7187499999999998890 ) ) ;
#1404 = EDGE_CURVE ( 'NONE', #1577, #2194, #1456, .T. ) ;
#1405 = CARTESIAN_POINT ( 'NONE',  ( -3.673940397442059375E-16, -2.999999999999999112, -1.500000000000000000 ) ) ;
#1406 = CARTESIAN_POINT ( 'NONE',  ( -1.242640687119285658, 3.000000000000000888, 0.1874999999999989730 ) ) ;
#1407 = CIRCLE ( 'NONE', #1264, 28.93193437687873271 ) ;
#1408 = CARTESIAN_POINT ( 'NONE',  ( -2.350480947161670553, -0.9736010864139211796, -0.1875000000000001665 ) ) ;
#1409 = LINE ( 'NONE', #764, #98 ) ;
#1410 = PERSON_AND_ORGANIZATION_ROLE ( 'design_supplier' ) ;
#1411 = AXIS2_PLACEMENT_3D ( 'NONE', #3037, #767, #750 ) ;
#1412 = ADVANCED_FACE ( 'NONE', ( #1277 ), #2203, .F. ) ;
#1413 = CARTESIAN_POINT ( 'NONE',  ( 2.350480947161670109, -0.9736010864139228449, 1.312499999999999334 ) ) ;
#1414 = ORIENTED_EDGE ( 'NONE', *, *, #4023, .T. ) ;
#1415 = CARTESIAN_POINT ( 'NONE',  ( -1.198156668554857918, 1.188857951510370103, 9.550725038770082165 ) ) ;
#1416 = ORIENTED_EDGE ( 'NONE', *, *, #569, .T. ) ;
#1417 = CARTESIAN_POINT ( 'NONE',  ( 0.000000000000000000, 0.000000000000000000, 9.396447866816426853 ) ) ;
#1418 = CARTESIAN_POINT ( 'NONE',  ( 2.159593620790629664, 2.159593620790629664, -2.031250000000000888 ) ) ;
#1419 = CARTESIAN_POINT ( 'NONE',  ( -2.878508968398378757E-16, -2.350480947161669665, 3.000000000000000000 ) ) ;
#1420 = DIRECTION ( 'NONE',  ( -3.807981171154837726E-15, 0.9848077530122079093, 0.1736481776669310806 ) ) ;
#1421 = CARTESIAN_POINT ( 'NONE',  ( -2.350480947161670553, 1.062410547780433880E-15, -0.1250000000000001110 ) ) ;
#1422 = CARTESIAN_POINT ( 'NONE',  ( -0.9736010864139222898, 2.350480947161671441, 0.6874999999999997780 ) ) ;
#1423 = CARTESIAN_POINT ( 'NONE',  ( 2.999999999999999556, 1.242640687119286769, 4.937500000000000000 ) ) ;
#1424 = ORIENTED_EDGE ( 'NONE', *, *, #3782, .F. ) ;
#1425 = CARTESIAN_POINT ( 'NONE',  ( -3.740226349862365271E-16, -3.054126587736525789, 1.531250000000000444 ) ) ;
#1426 = CARTESIAN_POINT ( 'NONE',  ( 0.000000000000000000, 0.000000000000000000, -19.33193437687872773 ) ) ;
#1427 = CARTESIAN_POINT ( 'NONE',  ( 1.662041016787796810, 1.662041016787796810, -0.6250000000000005551 ) ) ;
#1428 = CARTESIAN_POINT ( 'NONE',  ( 2.294506685486838560, 0.9640682489062787353, -4.764567138948359926 ) ) ;
#1429 = CIRCLE ( 'NONE', #2251, 0.7859246861458741851 ) ;
#1430 = CARTESIAN_POINT ( 'NONE',  ( 0.000000000000000000, 2.350480947161671441, -0.3750000000000003331 ) ) ;
#1431 = ORIENTED_EDGE ( 'NONE', *, *, #3570, .F. ) ;
#1432 = CARTESIAN_POINT ( 'NONE',  ( -1.229080925788969658, 1.170207565446120590, 9.550184678336927746 ) ) ;
#1433 = EDGE_CURVE ( 'NONE', #4090, #491, #187, .T. ) ;
#1434 = CARTESIAN_POINT ( 'NONE',  ( 0.2140753138541277856, -2.073105779112136560, 5.709927797833932672 ) ) ;
#1435 = CARTESIAN_POINT ( 'NONE',  ( -1.265060653844732208, 3.054126587736527565, 1.156249999999999334 ) ) ;
#1436 = CARTESIAN_POINT ( 'NONE',  ( 0.000000000000000000, 2.350480947161671441, 1.499999999999999556 ) ) ;
#1437 = VECTOR ( 'NONE', #3618, 1000.000000000000000 ) ;
#1438 = DIRECTION ( 'NONE',  ( 0.000000000000000000, -1.000000000000000000, -2.969659429790127722E-16 ) ) ;
#1439 = EDGE_LOOP ( 'NONE', ( #3807, #1126, #1940, #1424 ) ) ;
#1440 = CARTESIAN_POINT ( 'NONE',  ( -2.350480947161670553, 1.062410547780433880E-15, -1.125000000000000222 ) ) ;
#1441 = AXIS2_PLACEMENT_3D ( 'NONE', #3083, #155, #518 ) ;
#1442 = CARTESIAN_POINT ( 'NONE',  ( -2.878508968398378757E-16, -2.350480947161669665, -2.000000000000000444 ) ) ;
#1443 = CARTESIAN_POINT ( 'NONE',  ( 2.350480947161670553, 4.867087541007580301E-16, 2.374999999999999556 ) ) ;
#1444 = DIRECTION ( 'NONE',  ( 1.836970198721029688E-16, 1.836970198721010459E-16, -1.000000000000000000 ) ) ;
#1445 = EDGE_LOOP ( 'NONE', ( #3631, #2687, #3057, #1701 ) ) ;
#1446 = CARTESIAN_POINT ( 'NONE',  ( -2.159593620790628776, 2.159593620790630109, 2.156250000000000000 ) ) ;
#1447 = DIRECTION ( 'NONE',  ( -1.000000000000000000, 0.000000000000000000, 0.000000000000000000 ) ) ;
#1448 = CARTESIAN_POINT ( 'NONE',  ( -0.9736010864139225118, -2.350480947161669665, 0.9375000000000000000 ) ) ;
#1449 = CARTESIAN_POINT ( 'NONE',  ( 3.000000000000000000, 3.673940397442059375E-16, 1.874999999999998890 ) ) ;
#1450 = CARTESIAN_POINT ( 'NONE',  ( -2.878508968398378757E-16, -2.350480947161669665, 2.124999999999999112 ) ) ;
#1451 = ORIENTED_EDGE ( 'NONE', *, *, #1219, .T. ) ;
#1452 = CARTESIAN_POINT ( 'NONE',  ( 1.242640687119284770, -2.999999999999999556, -0.4375000000000003331 ) ) ;
#1453 = ORIENTED_EDGE ( 'NONE', *, *, #443, .T. ) ;
#1454 = CARTESIAN_POINT ( 'NONE',  ( 2.999999999999999556, 7.669329927961027605E-14, -4.249999999999997335 ) ) ;
#1455 = CARTESIAN_POINT ( 'NONE',  ( -3.054126587736527121, -1.265060653844730876, -2.593750000000000888 ) ) ;
#1456 = CIRCLE ( 'NONE', #444, 0.9200000000000015943 ) ;
#1457 = CARTESIAN_POINT ( 'NONE',  ( 0.000000000000000000, 2.350480947161671441, 2.499999999999999556 ) ) ;
#1458 = CARTESIAN_POINT ( 'NONE',  ( 0.000000000000000000, 9.629649721936179265E-32, 7.079963898916972198 ) ) ;
#1459 = CARTESIAN_POINT ( 'NONE',  ( 1.662041016787796810, 1.662041016787796810, 4.500000000000000000 ) ) ;
#1460 = CARTESIAN_POINT ( 'NONE',  ( 0.9736010864139216237, -2.350480947161670109, 0.06249999999999918815 ) ) ;
#1461 = EDGE_CURVE ( 'NONE', #1301, #602, #2970, .T. ) ;
#1462 = CARTESIAN_POINT ( 'NONE',  ( 2.350480947161670109, -0.9736010864139228449, 3.312500000000000444 ) ) ;
#1463 = CARTESIAN_POINT ( 'NONE',  ( 3.480052876875419863E-15, -0.9000000000000032419, 9.600000000000001421 ) ) ;
#1464 = VERTEX_POINT ( 'NONE', #1031 ) ;
#1465 = CARTESIAN_POINT ( 'NONE',  ( 2.159593620790629664, 2.159593620790629664, 4.906250000000000000 ) ) ;
#1466 = CARTESIAN_POINT ( 'NONE',  ( -0.3345949825845639936, -0.8077837448576591362, 5.709927797833932672 ) ) ;
#1467 = CARTESIAN_POINT ( 'NONE',  ( -2.559367725168751218, 0.6978104389212042014, 4.999999999999998224 ) ) ;
#1468 = CARTESIAN_POINT ( 'NONE',  ( -0.3698219102109476242, -2.321204953832802786, -4.899519052838323674 ) ) ;
#1469 = ORIENTED_EDGE ( 'NONE', *, *, #350, .F. ) ;
#1470 = CARTESIAN_POINT ( 'NONE',  ( -1.197977864460535002, -1.189935400753346695, 9.550685476007084063 ) ) ;
#1471 = VERTEX_POINT ( 'NONE', #2601 ) ;
#1472 = CARTESIAN_POINT ( 'NONE',  ( 2.999999999999999112, -1.242640687119285881, 4.687500000000000000 ) ) ;
#1473 = FACE_OUTER_BOUND ( 'NONE', #1439, .T. ) ;
#1474 = CARTESIAN_POINT ( 'NONE',  ( -3.740226349862365271E-16, -3.054126587736525789, 0.5937499999999996669 ) ) ;
#1475 = CARTESIAN_POINT ( 'NONE',  ( 0.9736010864139238441, 2.350480947161670997, 2.437500000000000000 ) ) ;
#1476 = DIRECTION ( 'NONE',  ( 0.000000000000000000, -1.000000000000000000, -2.891205793294679312E-16 ) ) ;
#1477 = CARTESIAN_POINT ( 'NONE',  ( 0.9736010864139216237, -2.350480947161670109, 6.187500000000000000 ) ) ;
#1478 = CARTESIAN_POINT ( 'NONE',  ( 0.000000000000000000, 2.350480947161671441, 0.4999999999999995559 ) ) ;
#1479 = CARTESIAN_POINT ( 'NONE',  ( -0.9736010864139225118, -2.350480947161669665, 3.062500000000000000 ) ) ;
#1480 = CARTESIAN_POINT ( 'NONE',  ( 1.179210965828715096, -2.048325595259134158, -4.899519052838324562 ) ) ;
#1481 = EDGE_CURVE ( 'NONE', #492, #4147, #2006, .T. ) ;
#1482 = CARTESIAN_POINT ( 'NONE',  ( 3.054126587736526677, 3.574511468811600284E-16, 4.781250000000000000 ) ) ;
#1483 = ADVANCED_FACE ( 'NONE', ( #2941 ), #3290, .T. ) ;
#1484 = CARTESIAN_POINT ( 'NONE',  ( 1.177504507492747687E-15, 0.2140753138541249823, 5.709927797833932672 ) ) ;
#1485 = PLANE ( 'NONE',  #795 ) ;
#1486 = CARTESIAN_POINT ( 'NONE',  ( -2.350480947161670553, 0.9736010864139232890, 2.812500000000000000 ) ) ;
#1487 = EDGE_LOOP ( 'NONE', ( #2809, #3519, #2815, #2647 ) ) ;
#1488 = CARTESIAN_POINT ( 'NONE',  ( 2.999999999999999112, -1.242640687119286103, 3.812499999999999112 ) ) ;
#1489 = ORIENTED_EDGE ( 'NONE', *, *, #2857, .F. ) ;
#1490 = CARTESIAN_POINT ( 'NONE',  ( -1.662041016787796366, -1.662041016787795256, 5.000000000000000000 ) ) ;
#1491 =( BOUNDED_CURVE ( )  B_SPLINE_CURVE ( 2, ( #607, #4169, #3903, #1565, #936, #1632, #3217, #1587, #2883 ),
 .UNSPECIFIED., .F., .F. ) 
 B_SPLINE_CURVE_WITH_KNOTS ( ( 3, 2, 2, 2, 3 ),
 ( 0.4583333333333333148, 0.4687500000000000000, 0.4791666666666666852, 0.4895833333333333148, 0.5000000000000000000 ),
 .UNSPECIFIED. ) 
 CURVE ( )  GEOMETRIC_REPRESENTATION_ITEM ( )  RATIONAL_B_SPLINE_CURVE ( ( 1.000000000000000000, 0.9238795325112867385, 1.000000000000000000, 0.9238795325112867385, 1.000000000000000000, 0.9238795325112867385, 1.000000000000000000, 0.9238795325112867385, 1.000000000000000000 ) ) 
 REPRESENTATION_ITEM ( '' )  );
#1492 = CARTESIAN_POINT ( 'NONE',  ( 1.242640687119284770, -2.999999999999999556, 0.6874999999999986677 ) ) ;
#1493 = AXIS2_PLACEMENT_3D ( 'NONE', #580, #287, #4191 ) ;
#1494 = CARTESIAN_POINT ( 'NONE',  ( -1.265060653844732430, -3.054126587736526677, 2.531250000000000444 ) ) ;
#1495 = DIRECTION ( 'NONE',  ( -0.9238795325112889589, 0.3826834323650843972, 0.000000000000000000 ) ) ;
#1496 = CARTESIAN_POINT ( 'NONE',  ( 1.662041016787796810, 1.662041016787796810, 3.500000000000000444 ) ) ;
#1497 = APPROVAL_PERSON_ORGANIZATION ( #913, #258, #1201 ) ;
#1498 = CARTESIAN_POINT ( 'NONE',  ( 2.350480947161670553, 4.867087541007580301E-16, 2.249999999999999556 ) ) ;
#1499 = CARTESIAN_POINT ( 'NONE',  ( 2.350480947161670109, -0.9736010864139228449, 6.312500000000000000 ) ) ;
#1500 = CARTESIAN_POINT ( 'NONE',  ( 1.924264068711934339, 0.2140753138541334200, 5.709927797833932672 ) ) ;
#1501 = ORIENTED_EDGE ( 'NONE', *, *, #3921, .F. ) ;
#1502 = CARTESIAN_POINT ( 'NONE',  ( -3.054126587736527121, 1.265060653844732874, 6.218750000000000000 ) ) ;
#1503 = AXIS2_PLACEMENT_3D ( 'NONE', #1816, #1172, #2454 ) ;
#1504 = CARTESIAN_POINT ( 'NONE',  ( 0.000000000000000000, 3.000000000000000444, -1.000000000000000000 ) ) ;
#1505 = EDGE_CURVE ( 'NONE', #3078, #930, #4088, .T. ) ;
#1506 = CARTESIAN_POINT ( 'NONE',  ( 2.121320343559642829, 2.121320343559642829, 1.875000000000000222 ) ) ;
#1507 = CARTESIAN_POINT ( 'NONE',  ( -0.9736010864139222898, 2.350480947161671441, 2.687500000000000000 ) ) ;
#1508 = VERTEX_POINT ( 'NONE', #41 ) ;
#1509 = CARTESIAN_POINT ( 'NONE',  ( 1.242640687119287213, 2.999999999999999556, 2.937500000000000000 ) ) ;
#1510 = ADVANCED_FACE ( 'NONE', ( #2329 ), #3825, .T. ) ;
#1511 = ORIENTED_EDGE ( 'NONE', *, *, #2731, .T. ) ;
#1512 = ORIENTED_EDGE ( 'NONE', *, *, #423, .F. ) ;
#1513 = CARTESIAN_POINT ( 'NONE',  ( -0.3104167242659230941, -2.334938481944447641, 4.999999999999993783 ) ) ;
#1514 = CARTESIAN_POINT ( 'NONE',  ( 3.673940397442058882E-16, 2.999999999999998668, 5.000000000000000888 ) ) ;
#1515 = CARTESIAN_POINT ( 'NONE',  ( -2.159593620790629220, -2.159593620790628332, 3.468749999999998668 ) ) ;
#1516 = VERTEX_POINT ( 'NONE', #390 ) ;
#1517 = FACE_OUTER_BOUND ( 'NONE', #1187, .T. ) ;
#1518 = CARTESIAN_POINT ( 'NONE',  ( 1.662041016787796810, 1.662041016787796810, 2.499999999999999556 ) ) ;
#1519 = CARTESIAN_POINT ( 'NONE',  ( -0.9736010864139225118, -2.350480947161669665, 3.937499999999999112 ) ) ;
#1520 = CARTESIAN_POINT ( 'NONE',  ( -2.350480947161670553, 0.9736010864139231780, -5.312500000000001776 ) ) ;
#1521 = CARTESIAN_POINT ( 'NONE',  ( -1.662041016787796366, -1.662041016787795256, 5.000000000000000000 ) ) ;
#1522 = CARTESIAN_POINT ( 'NONE',  ( -1.265060653844732208, 3.054126587736527565, 4.093749999999999112 ) ) ;
#1523 = ORIENTED_EDGE ( 'NONE', *, *, #3670, .F. ) ;
#1524 = CARTESIAN_POINT ( 'NONE',  ( 1.662041016787796144, -1.662041016787795922, -3.750000000000000444 ) ) ;
#1525 = DIRECTION ( 'NONE',  ( 0.000000000000000000, -1.000000000000000000, -2.891205793294679312E-16 ) ) ;
#1526 = ADVANCED_FACE ( 'NONE', ( #3348 ), #2366, .T. ) ;
#1527 = VERTEX_POINT ( 'NONE', #409 ) ;
#1528 = CARTESIAN_POINT ( 'NONE',  ( -2.350480947161670553, -0.9736010864139211796, 3.937499999999999112 ) ) ;
#1529 = DIRECTION ( 'NONE',  ( -0.000000000000000000, -1.836970198721029688E-16, 1.000000000000000000 ) ) ;
#1530 = DIRECTION ( 'NONE',  ( -0.000000000000000000, -1.836970198721029688E-16, 1.000000000000000000 ) ) ;
#1531 = VERTEX_POINT ( 'NONE', #1708 ) ;
#1532 = EDGE_CURVE ( 'NONE', #2020, #1577, #377, .T. ) ;
#1533 = CARTESIAN_POINT ( 'NONE',  ( 2.121320343559642829, 2.121320343559642829, -3.000000000000001332 ) ) ;
#1534 = EDGE_CURVE ( 'NONE', #2569, #2486, #810, .T. ) ;
#1535 = DIRECTION ( 'NONE',  ( -0.000000000000000000, -0.000000000000000000, -1.000000000000000000 ) ) ;
#1536 = CARTESIAN_POINT ( 'NONE',  ( -2.159593620790629220, -2.159593620790628332, 2.468749999999999556 ) ) ;
#1537 = AXIS2_PLACEMENT_3D ( 'NONE', #825, #3070, #2068 ) ;
#1538 = ORIENTED_EDGE ( 'NONE', *, *, #2770, .F. ) ;
#1539 = CARTESIAN_POINT ( 'NONE',  ( 0.000000000000000000, 3.000000000000000888, -3.875000000000001332 ) ) ;
#1540 = CARTESIAN_POINT ( 'NONE',  ( -2.878508968398378757E-16, -2.350480947161669665, 5.125000000000000000 ) ) ;
#1541 = CARTESIAN_POINT ( 'NONE',  ( 0.9736010864139216237, -2.350480947161670109, 5.062500000000001776 ) ) ;
#1542 = CARTESIAN_POINT ( 'NONE',  ( 2.350480947161670553, 4.867087541007580301E-16, -3.750000000000000888 ) ) ;
#1543 =( BOUNDED_CURVE ( )  B_SPLINE_CURVE ( 2, ( #4116, #2804, #2197, #259, #3493, #575, #3161, #4138, #3141 ),
 .UNSPECIFIED., .F., .F. ) 
 B_SPLINE_CURVE_WITH_KNOTS ( ( 3, 2, 2, 2, 3 ),
 ( 0.8750000000000000000, 0.8854166666666666297, 0.8958333333333333703, 0.9062500000000000000, 0.9166666666666666297 ),
 .UNSPECIFIED. ) 
 CURVE ( )  GEOMETRIC_REPRESENTATION_ITEM ( )  RATIONAL_B_SPLINE_CURVE ( ( 1.000000000000000000, 0.9238795325112867385, 1.000000000000000000, 0.9238795325112867385, 1.000000000000000000, 0.9238795325112867385, 1.000000000000000000, 0.9238795325112867385, 1.000000000000000000 ) ) 
 REPRESENTATION_ITEM ( '' )  );
#1544 = DIRECTION ( 'NONE',  ( -0.000000000000000000, -1.836970198721029688E-16, 1.000000000000000000 ) ) ;
#1545 = CARTESIAN_POINT ( 'NONE',  ( -3.054126587736527121, 1.265060653844732874, 4.218749999999999112 ) ) ;
#1546 = ORIENTED_EDGE ( 'NONE', *, *, #1677, .F. ) ;
#1547 = CARTESIAN_POINT ( 'NONE',  ( 0.000000000000000000, 3.000000000000000444, -3.000000000000000000 ) ) ;
#1548 = DIRECTION ( 'NONE',  ( 0.3826834323650876724, 0.9238795325112877377, 9.941611076326173438E-17 ) ) ;
#1549 = EDGE_LOOP ( 'NONE', ( #3908, #191, #3652, #3685 ) ) ;
#1550 = CARTESIAN_POINT ( 'NONE',  ( 0.3563049650225512677, -2.442100681442271437, -4.788362912716920938 ) ) ;
#1551 = FACE_BOUND ( 'NONE', #4170, .T. ) ;
#1552 = CARTESIAN_POINT ( 'NONE',  ( 0.000000000000000000, 3.000000000000000444, 3.000000000000000000 ) ) ;
#1553 = CARTESIAN_POINT ( 'NONE',  ( 0.9736010864139238441, 2.350480947161670997, 6.437500000000000000 ) ) ;
#1554 = EDGE_LOOP ( 'NONE', ( #2993, #2676, #160, #1037 ) ) ;
#1555 = CARTESIAN_POINT ( 'NONE',  ( 2.073105779112134783, 0.2140753138541339751, 5.709927797833932672 ) ) ;
#1556 = CARTESIAN_POINT ( 'NONE',  ( 1.909514043183162535, 0.8864769705118391574, 9.523307088717604785 ) ) ;
#1557 = CARTESIAN_POINT ( 'NONE',  ( 1.662041016787796144, -1.662041016787795922, 2.124999999999999112 ) ) ;
#1558 = CARTESIAN_POINT ( 'NONE',  ( -1.265060653844732430, -3.054126587736526677, 3.531249999999998668 ) ) ;
#1559 = EDGE_LOOP ( 'NONE', ( #2864, #3554, #1392, #2895 ) ) ;
#1560 = CARTESIAN_POINT ( 'NONE',  ( -2.073105779112135671, 0.2140753138541465483, 5.709927797833932672 ) ) ;
#1561 = DIRECTION ( 'NONE',  ( -3.491481338843133750E-15, -1.000000000000000000, 0.000000000000000000 ) ) ;
#1562 = VECTOR ( 'NONE', #1235, 1000.000000000000000 ) ;
#1563 = CARTESIAN_POINT ( 'NONE',  ( -2.350480947161670553, 0.9736010864139231780, 4.687500000000000888 ) ) ;
#1564 = CARTESIAN_POINT ( 'NONE',  ( -2.350480947161670553, 1.062410547780433880E-15, -4.250000000000000000 ) ) ;
#1565 = CARTESIAN_POINT ( 'NONE',  ( 2.999999999999999112, -1.242640687119286103, -0.1875000000000013600 ) ) ;
#1566 = CARTESIAN_POINT ( 'NONE',  ( -0.9736010864139225118, -2.350480947161669665, -3.937500000000000000 ) ) ;
#1567 = VERTEX_POINT ( 'NONE', #1385 ) ;
#1568 = VERTEX_POINT ( 'NONE', #101 ) ;
#1569 = CARTESIAN_POINT ( 'NONE',  ( 2.121320343559642829, 2.121320343559642829, -3.125000000000000000 ) ) ;
#1570 = DIRECTION ( 'NONE',  ( 8.659560562354946417E-17, 0.7071067811865484609, 0.7071067811865465735 ) ) ;
#1571 = CARTESIAN_POINT ( 'NONE',  ( -0.1316119096845217717, 2.988534572140517653, 4.999999999999999112 ) ) ;
#1572 = ORIENTED_EDGE ( 'NONE', *, *, #2634, .T. ) ;
#1573 = CARTESIAN_POINT ( 'NONE',  ( 2.350480947161670109, -0.9736010864139228449, -4.812500000000000888 ) ) ;
#1574 = CYLINDRICAL_SURFACE ( 'NONE', #2976, 2.999999999999999112 ) ;
#1575 = CARTESIAN_POINT ( 'NONE',  ( -1.242640687119295206, 2.999999999999991118, -0.9374999999999992228 ) ) ;
#1576 = CARTESIAN_POINT ( 'NONE',  ( -2.350480947161670553, 1.062410547780433880E-15, 5.749999999999999112 ) ) ;
#1577 = VERTEX_POINT ( 'NONE', #744 ) ;
#1578 = DIRECTION ( 'NONE',  ( -1.000000000000000000, -4.440892098500626162E-15, 0.000000000000000000 ) ) ;
#1579 = CARTESIAN_POINT ( 'NONE',  ( 2.350480947161670109, 0.9736010864139237331, -4.562500000000001776 ) ) ;
#1580 = CARTESIAN_POINT ( 'NONE',  ( -2.878508968398378757E-16, -2.350480947161669665, 3.999999999999999112 ) ) ;
#1581 = CARTESIAN_POINT ( 'NONE',  ( 0.000000000000000000, 3.054126587736527565, 5.093749999999998224 ) ) ;
#1582 = ORIENTED_EDGE ( 'NONE', *, *, #3568, .T. ) ;
#1583 = CARTESIAN_POINT ( 'NONE',  ( 1.924264068711931674, 0.9000000000000071276, 9.600000000000001421 ) ) ;
#1584 = EDGE_CURVE ( 'NONE', #1464, #3798, #1669, .T. ) ;
#1585 = CARTESIAN_POINT ( 'NONE',  ( 1.662041016787796810, 1.662041016787796810, 3.375000000000000444 ) ) ;
#1586 = CARTESIAN_POINT ( 'NONE',  ( 2.350480947161670109, 0.9736010864139235110, 6.437500000000000000 ) ) ;
#1587 = CARTESIAN_POINT ( 'NONE',  ( 1.242640687119287213, 2.999999999999999556, 0.06249999999999884814 ) ) ;
#1588 = CARTESIAN_POINT ( 'NONE',  ( 2.350480947161670109, -0.9736010864139228449, -3.687500000000000888 ) ) ;
#1589 = EDGE_CURVE ( 'NONE', #4026, #2627, #1691, .T. ) ;
#1590 = CARTESIAN_POINT ( 'NONE',  ( 1.229080925788977874, -1.170207565446115705, 9.550184678336927746 ) ) ;
#1591 = VECTOR ( 'NONE', #947, 999.9999999999998863 ) ;
#1592 = LINE ( 'NONE', #1336, #1393 ) ;
#1593 = CARTESIAN_POINT ( 'NONE',  ( 3.054126587736526677, 3.574511468811600284E-16, -1.218750000000000222 ) ) ;
#1594 = ORIENTED_EDGE ( 'NONE', *, *, #1977, .F. ) ;
#1595 = CARTESIAN_POINT ( 'NONE',  ( -1.662041016787796144, 1.662041016787797254, -5.375000000000000000 ) ) ;
#1596 = PLANE ( 'NONE',  #2147 ) ;
#1597 = CARTESIAN_POINT ( 'NONE',  ( 1.242640687119287213, 2.999999999999999556, 3.937500000000001776 ) ) ;
#1598 = CARTESIAN_POINT ( 'NONE',  ( 2.350480947161670109, -0.9736010864139228449, -4.812500000000000888 ) ) ;
#1599 = ORIENTED_EDGE ( 'NONE', *, *, #1505, .F. ) ;
#1600 = DIRECTION ( 'NONE',  ( -0.000000000000000000, -1.836970198721029688E-16, 1.000000000000000000 ) ) ;
#1601 = CARTESIAN_POINT ( 'NONE',  ( -1.662041016787796144, 1.662041016787797254, -2.250000000000000444 ) ) ;
#1602 = CARTESIAN_POINT ( 'NONE',  ( 1.662041016787796810, 1.662041016787796810, 1.374999999999999556 ) ) ;
#1603 = CARTESIAN_POINT ( 'NONE',  ( 1.412174247005752337, -2.086107856317164888, 4.999999999999992895 ) ) ;
#1604 = VERTEX_POINT ( 'NONE', #273 ) ;
#1605 = CARTESIAN_POINT ( 'NONE',  ( -2.121320343559642385, 2.121320343559643273, 3.249999999999998224 ) ) ;
#1606 = CARTESIAN_POINT ( 'NONE',  ( 2.350480947161670109, 0.9736010864139235110, 6.312500000000000000 ) ) ;
#1607 = CIRCLE ( 'NONE', #3978, 28.63453637561146436 ) ;
#1608 = CARTESIAN_POINT ( 'NONE',  ( -2.350480947161670553, -0.9736010864139212906, -3.187500000000000888 ) ) ;
#1609 = DIRECTION ( 'NONE',  ( 0.3768696111424580941, 0.9098437264664116508, 0.1736481776669310528 ) ) ;
#1610 = ORIENTED_EDGE ( 'NONE', *, *, #1097, .T. ) ;
#1611 = CARTESIAN_POINT ( 'NONE',  ( -2.350480947161670553, 0.9736010864139231780, -3.187500000000000000 ) ) ;
#1612 = ORIENTED_EDGE ( 'NONE', *, *, #3626, .T. ) ;
#1613 = CONICAL_SURFACE ( 'NONE', #1955, 3.499999999999998668, 0.3490658503988666728 ) ;
#1614 = CARTESIAN_POINT ( 'NONE',  ( 1.170207565446111264, -1.229080925788981427, 9.550184678336927746 ) ) ;
#1615 = EDGE_CURVE ( 'NONE', #2716, #3779, #2880, .T. ) ;
#1616 = CARTESIAN_POINT ( 'NONE',  ( 0.2739002683744702904, 1.623503712237178043, 5.709927797833932672 ) ) ;
#1617 = FACE_OUTER_BOUND ( 'NONE', #647, .T. ) ;
#1618 = ADVANCED_FACE ( 'NONE', ( #678 ), #587, .T. ) ;
#1619 = ORIENTED_EDGE ( 'NONE', *, *, #3183, .F. ) ;
#1620 = CARTESIAN_POINT ( 'NONE',  ( 2.350480947161670109, 0.9736010864139235110, -3.687500000000000888 ) ) ;
#1621 = CARTESIAN_POINT ( 'NONE',  ( 0.8863044580934434924, 1.924264068711935227, 9.522328722175538829 ) ) ;
#1622 = DIRECTION ( 'NONE',  ( 0.000000000000000000, 0.000000000000000000, 1.000000000000000000 ) ) ;
#1623 = CARTESIAN_POINT ( 'NONE',  ( 2.350480947161670109, 0.9736010864139235110, 4.312500000000000888 ) ) ;
#1624 = ORIENTED_EDGE ( 'NONE', *, *, #1925, .T. ) ;
#1625 = DIRECTION ( 'NONE',  ( -0.000000000000000000, -1.836970198721029688E-16, 1.000000000000000000 ) ) ;
#1626 = CARTESIAN_POINT ( 'NONE',  ( -2.878508968398378757E-16, -2.350480947161669665, -2.875000000000000444 ) ) ;
#1627 = CARTESIAN_POINT ( 'NONE',  ( -2.350480947161670553, -0.9736010864139211796, 1.812500000000000000 ) ) ;
#1628 = CARTESIAN_POINT ( 'NONE',  ( 2.159593620790628776, -2.159593620790628776, 5.718749999999999112 ) ) ;
#1629 = LINE ( 'NONE', #1652, #130 ) ;
#1630 = CARTESIAN_POINT ( 'NONE',  ( -2.159593620790628776, 2.159593620790630109, -3.781250000000000888 ) ) ;
#1631 = CARTESIAN_POINT ( 'NONE',  ( 0.000000000000000000, 2.350480947161671441, -1.500000000000000444 ) ) ;
#1632 = CARTESIAN_POINT ( 'NONE',  ( 2.999999999999999556, 1.242640687119286769, -0.06250000000000126288 ) ) ;
#1633 = CARTESIAN_POINT ( 'NONE',  ( -2.350480947161670553, 1.062410547780433880E-15, -4.125000000000000000 ) ) ;
#1634 = CONICAL_SURFACE ( 'NONE', #1093, 2.999999999999999112, 0.7853981633974498333 ) ;
#1635 = CARTESIAN_POINT ( 'NONE',  ( 2.350480947161670109, 0.9736010864139235110, -1.562500000000000888 ) ) ;
#1636 = CARTESIAN_POINT ( 'NONE',  ( 2.084129509265169489, 0.000000000000000000, 5.709927797833932672 ) ) ;
#1637 = ORIENTED_EDGE ( 'NONE', *, *, #4087, .F. ) ;
#1638 = CARTESIAN_POINT ( 'NONE',  ( -3.740226349862365271E-16, -3.054126587736525789, -3.468750000000000000 ) ) ;
#1639 = ORIENTED_EDGE ( 'NONE', *, *, #2181, .T. ) ;
#1640 = CARTESIAN_POINT ( 'NONE',  ( -2.350480947161670553, -0.9736010864139212906, -5.187500000000001776 ) ) ;
#1641 = EDGE_CURVE ( 'NONE', #57, #1870, #2866, .T. ) ;
#1642 = CARTESIAN_POINT ( 'NONE',  ( -1.393123239858751194, 2.272835903346201114, -4.590347378581284055 ) ) ;
#1643 = CARTESIAN_POINT ( 'NONE',  ( 1.242640687119279663, -3.000000000000005329, 3.562500000000000444 ) ) ;
#1644 = CARTESIAN_POINT ( 'NONE',  ( -2.350480947161670553, -0.9736010864139211796, -4.187500000000000000 ) ) ;
#1645 = DIRECTION ( 'NONE',  ( 1.000000000000000000, 0.000000000000000000, 0.000000000000000000 ) ) ;
#1646 = PERSON_AND_ORGANIZATION ( #605, #884 ) ;
#1647 = VECTOR ( 'NONE', #176, 1000.000000000000000 ) ;
#1648 = ADVANCED_FACE ( 'NONE', ( #2596 ), #3235, .T. ) ;
#1649 = CARTESIAN_POINT ( 'NONE',  ( 1.662041016787796144, -1.662041016787795922, -2.750000000000000444 ) ) ;
#1650 = CARTESIAN_POINT ( 'NONE',  ( -3.673940397442059375E-16, -2.999999999999999112, 3.500000000000000444 ) ) ;
#1651 = CARTESIAN_POINT ( 'NONE',  ( 0.000000000000000000, 0.000000000000000000, -19.33193437687872773 ) ) ;
#1652 = CARTESIAN_POINT ( 'NONE',  ( 0.8077837448576558055, 0.3345949825845669912, 5.709927797833932672 ) ) ;
#1653 = ORIENTED_EDGE ( 'NONE', *, *, #208, .T. ) ;
#1654 = CARTESIAN_POINT ( 'NONE',  ( -3.740226349862365271E-16, -3.054126587736525789, -3.406250000000000888 ) ) ;
#1655 = CARTESIAN_POINT ( 'NONE',  ( 1.662041016787796144, -1.662041016787795922, -0.8750000000000007772 ) ) ;
#1656 = CARTESIAN_POINT ( 'NONE',  ( -2.121320343559642385, -2.121320343559641497, 2.499999999999999112 ) ) ;
#1657 = CARTESIAN_POINT ( 'NONE',  ( 2.350480947161670553, 4.867087541007580301E-16, -2.625000000000000444 ) ) ;
#1658 = EDGE_LOOP ( 'NONE', ( #2248, #3218, #2511, #3084 ) ) ;
#1659 = CARTESIAN_POINT ( 'NONE',  ( 0.000000000000000000, 2.350480947161671441, -2.375000000000000444 ) ) ;
#1660 = CARTESIAN_POINT ( 'NONE',  ( 3.673940397442058882E-16, 3.000000000000000444, -4.249999999999996447 ) ) ;
#1661 = VERTEX_POINT ( 'NONE', #3575 ) ;
#1662 = CARTESIAN_POINT ( 'NONE',  ( -3.054126587736527121, 1.265060653844732874, -1.781250000000000000 ) ) ;
#1663 = AXIS2_PLACEMENT_3D ( 'NONE', #118, #2657, #2362 ) ;
#1664 = DIRECTION ( 'NONE',  ( 0.000000000000000000, -1.000000000000000000, -1.753735883734328812E-16 ) ) ;
#1665 = CARTESIAN_POINT ( 'NONE',  ( -2.092001896529770644, 1.705181276135385504, -4.557139594118783776 ) ) ;
#1666 = DIRECTION ( 'NONE',  ( 0.3826834323650940561, 0.9238795325112849621, 2.400117229230481713E-16 ) ) ;
#1667 = CARTESIAN_POINT ( 'NONE',  ( -1.662041016787796144, 1.662041016787797254, -0.3750000000000003331 ) ) ;
#1668 = CARTESIAN_POINT ( 'NONE',  ( -3.673940397442059375E-16, -2.999999999999999112, 4.500000000000000000 ) ) ;
#1669 = CIRCLE ( 'NONE', #844, 2.999999999999999112 ) ;
#1670 = AXIS2_PLACEMENT_3D ( 'NONE', #3445, #2796, #546 ) ;
#1671 = CARTESIAN_POINT ( 'NONE',  ( -1.662041016787796366, -1.662041016787795256, -3.000000000000000444 ) ) ;
#1672 = ORIENTED_EDGE ( 'NONE', *, *, #2833, .T. ) ;
#1673 = DIRECTION ( 'NONE',  ( -0.000000000000000000, 3.673940397442059375E-16, -1.000000000000000000 ) ) ;
#1674 = ORIENTED_EDGE ( 'NONE', *, *, #1097, .F. ) ;
#1675 = EDGE_CURVE ( 'NONE', #1233, #2669, #213, .T. ) ;
#1676 = CARTESIAN_POINT ( 'NONE',  ( -1.242640687119290543, -2.999999999999993339, -3.437500000000001332 ) ) ;
#1677 = EDGE_CURVE ( 'NONE', #3268, #2055, #232, .T. ) ;
#1678 = CARTESIAN_POINT ( 'NONE',  ( 2.159593620790629664, 2.159593620790629664, -3.031250000000000888 ) ) ;
#1679 = CARTESIAN_POINT ( 'NONE',  ( 1.662041016787796810, 1.662041016787796810, -3.625000000000000444 ) ) ;
#1680 = CARTESIAN_POINT ( 'NONE',  ( 1.171672494725314095, 1.225585463979566470, 9.550274073928248342 ) ) ;
#1681 = CARTESIAN_POINT ( 'NONE',  ( 0.000000000000000000, 2.350480947161671441, -1.375000000000000444 ) ) ;
#1682 = CARTESIAN_POINT ( 'NONE',  ( 1.662041016787796144, -1.662041016787795922, -2.750000000000000444 ) ) ;
#1683 = DIRECTION ( 'NONE',  ( 0.1604299972043609634, 0.06645228065352401514, -0.9848077530122080203 ) ) ;
#1684 = CONICAL_SURFACE ( 'NONE', #2224, 0.1000000000000004774, 0.1745329251994333364 ) ;
#1685 = CARTESIAN_POINT ( 'NONE',  ( -3.054126587736527121, -1.265060653844730876, -2.656250000000000888 ) ) ;
#1686 = CARTESIAN_POINT ( 'NONE',  ( -1.662041016787796366, -1.662041016787795256, -0.1250000000000001110 ) ) ;
#1687 = CARTESIAN_POINT ( 'NONE',  ( -2.699532671702644215, 0.5976810075930868438, -4.509128336517401081 ) ) ;
#1688 = DIRECTION ( 'NONE',  ( -0.000000000000000000, -1.836970198721029688E-16, 1.000000000000000000 ) ) ;
#1689 = CARTESIAN_POINT ( 'NONE',  ( -2.878508968398378757E-16, -2.350480947161669665, -3.000000000000000444 ) ) ;
#1690 = CARTESIAN_POINT ( 'NONE',  ( 0.000000000000000000, 3.000000000000000444, -3.000000000000000000 ) ) ;
#1691 =( BOUNDED_CURVE ( )  B_SPLINE_CURVE ( 2, ( #3030, #1406, #3242, #3884, #367, #3838, #3197, #1250, #3264 ),
 .UNSPECIFIED., .F., .F. ) 
 B_SPLINE_CURVE_WITH_KNOTS ( ( 3, 2, 2, 2, 3 ),
 ( 0.5000000000000000000, 0.5104166666666666297, 0.5208333333333333703, 0.5312500000000000000, 0.5416666666666666297 ),
 .UNSPECIFIED. ) 
 CURVE ( )  GEOMETRIC_REPRESENTATION_ITEM ( )  RATIONAL_B_SPLINE_CURVE ( ( 1.000000000000000000, 0.9238795325112867385, 1.000000000000000000, 0.9238795325112867385, 1.000000000000000000, 0.9238795325112867385, 1.000000000000000000, 0.9238795325112867385, 1.000000000000000000 ) ) 
 REPRESENTATION_ITEM ( '' )  );
#1692 = PERSON_AND_ORGANIZATION ( #605, #884 ) ;
#1693 = CARTESIAN_POINT ( 'NONE',  ( -0.9736010864139225118, -2.350480947161669665, 2.062500000000000000 ) ) ;
#1694 = VERTEX_POINT ( 'NONE', #1636 ) ;
#1695 = CARTESIAN_POINT ( 'NONE',  ( -3.673940397442059375E-16, -2.999999999999999112, -1.375000000000000888 ) ) ;
#1696 = DIRECTION ( 'NONE',  ( 0.000000000000000000, -1.000000000000000000, -2.891205793294679312E-16 ) ) ;
#1697 = CARTESIAN_POINT ( 'NONE',  ( -2.159593620790629220, -2.159593620790628332, -3.531250000000000888 ) ) ;
#1698 = CARTESIAN_POINT ( 'NONE',  ( 2.350480947161670109, -0.9736010864139228449, -0.8125000000000007772 ) ) ;
#1699 = CARTESIAN_POINT ( 'NONE',  ( -1.924264068711926567, 1.000000000000019096, 9.600000000000001421 ) ) ;
#1700 = CARTESIAN_POINT ( 'NONE',  ( -2.878508968398378757E-16, -2.350480947161669665, -0.8749999999999998890 ) ) ;
#1701 = ORIENTED_EDGE ( 'NONE', *, *, #855, .F. ) ;
#1702 = ORIENTED_EDGE ( 'NONE', *, *, #857, .T. ) ;
#1703 = CARTESIAN_POINT ( 'NONE',  ( 2.350480947161670109, -0.9736010864139228449, 0.3124999999999993339 ) ) ;
#1704 = LINE ( 'NONE', #4007, #3028 ) ;
#1705 = CARTESIAN_POINT ( 'NONE',  ( 3.054126587736527121, 1.265060653844733318, 1.843749999999999778 ) ) ;
#1706 = CIRCLE ( 'NONE', #4064, 28.63453637561146792 ) ;
#1707 = DIRECTION ( 'NONE',  ( 3.397106137596205926E-15, 0.9848077530122080203, 0.1736481776669309141 ) ) ;
#1708 = CARTESIAN_POINT ( 'NONE',  ( 0.000000000000000000, -2.249999999999993339, -5.000000000000000000 ) ) ;
#1709 = CARTESIAN_POINT ( 'NONE',  ( 2.350480947161670553, 4.867087541007580301E-16, 0.2499999999999993616 ) ) ;
#1710 = DIRECTION ( 'NONE',  ( 0.000000000000000000, 0.000000000000000000, 1.000000000000000000 ) ) ;
#1711 = CALENDAR_DATE ( 2026, 8, 1 ) ;
#1712 = CARTESIAN_POINT ( 'NONE',  ( 0.9736010864139217347, -2.350480947161670109, 2.187499999999999556 ) ) ;
#1713 = VECTOR ( 'NONE', #200, 999.9999999999998863 ) ;
#1714 = VERTEX_POINT ( 'NONE', #1317 ) ;
#1715 = CARTESIAN_POINT ( 'NONE',  ( -1.189935400753332484, 1.197977864460545661, 9.550685476007084063 ) ) ;
#1716 = ORIENTED_EDGE ( 'NONE', *, *, #2351, .F. ) ;
#1717 = DIRECTION ( 'NONE',  ( -0.000000000000000000, -1.836970198721029688E-16, 1.000000000000000000 ) ) ;
#1718 = CIRCLE ( 'NONE', #486, 0.7859246861458735189 ) ;
#1719 = CARTESIAN_POINT ( 'NONE',  ( 1.265060653844733762, 3.054126587736527121, 0.03124999999999916386 ) ) ;
#1720 = CARTESIAN_POINT ( 'NONE',  ( 2.350480947161670553, 4.867087541007580301E-16, 3.250000000000000444 ) ) ;
#1721 = CARTESIAN_POINT ( 'NONE',  ( 2.999999999999999556, 1.242640687119286769, -2.062500000000001332 ) ) ;
#1722 = ADVANCED_FACE ( 'NONE', ( #1907 ), #3596, .T. ) ;
#1723 = CARTESIAN_POINT ( 'NONE',  ( 2.350480947161670553, 4.867087541007580301E-16, 0.3749999999999994449 ) ) ;
#1724 = CARTESIAN_POINT ( 'NONE',  ( -2.350480947161670553, 1.062410547780433880E-15, -3.125000000000000000 ) ) ;
#1725 = DIRECTION ( 'NONE',  ( -6.714498225044184367E-16, 0.1736481776669311083, -0.9848077530122080203 ) ) ;
#1726 = CARTESIAN_POINT ( 'NONE',  ( -3.740226349862365271E-16, -3.054126587736525789, 2.531249999999999556 ) ) ;
#1727 = EDGE_CURVE ( 'NONE', #375, #4195, #1026, .T. ) ;
#1728 = DIRECTION ( 'NONE',  ( -1.836970198721029688E-16, 1.836970198721036097E-16, -1.000000000000000000 ) ) ;
#1729 = CARTESIAN_POINT ( 'NONE',  ( -2.350480947161670553, 1.062410547780433880E-15, -3.250000000000000444 ) ) ;
#1730 = CARTESIAN_POINT ( 'NONE',  ( -2.334396562127955654, -0.8527732354516837088, 4.999999999999997335 ) ) ;
#1731 = DIRECTION ( 'NONE',  ( 0.000000000000000000, -1.000000000000000000, -2.891205793294679312E-16 ) ) ;
#1732 = CARTESIAN_POINT ( 'NONE',  ( -2.878508968398378757E-16, -2.350480947161669665, 0.1249999999999992506 ) ) ;
#1733 = EDGE_LOOP ( 'NONE', ( #2481, #517, #549, #2151 ) ) ;
#1734 = DIRECTION ( 'NONE',  ( 1.836970198721029688E-16, -1.836970198721036097E-16, 1.000000000000000000 ) ) ;
#1735 = LINE ( 'NONE', #3038, #1768 ) ;
#1736 = CARTESIAN_POINT ( 'NONE',  ( -2.159593620790628776, 2.159593620790630109, -0.7812500000000006661 ) ) ;
#1737 = CARTESIAN_POINT ( 'NONE',  ( 2.350480947161670109, 0.9736010864139235110, 3.312500000000000444 ) ) ;
#1738 = DIRECTION ( 'NONE',  ( 0.000000000000000000, 0.1736481776669311083, -0.9848077530122080203 ) ) ;
#1739 = CARTESIAN_POINT ( 'NONE',  ( 0.9736010864139238441, 2.350480947161670997, 0.5624999999999995559 ) ) ;
#1740 = B_SPLINE_CURVE_WITH_KNOTS ( 'NONE', 3,
 ( #2371, #145, #1127, #1715, #1415, #3669, #1096, #2390, #3686, #1432 ),
 .UNSPECIFIED., .F., .F.,
 ( 4, 3, 3, 4 ),
 ( 0.000000000000000000, 3.683529161302168266E-05, 7.367120247394937007E-05, 8.489811800515013863E-05 ),
 .UNSPECIFIED. ) ;
#1741 = CARTESIAN_POINT ( 'NONE',  ( -2.350480947161670553, 1.062410547780433880E-15, 1.875000000000000000 ) ) ;
#1742 = LINE ( 'NONE', #2066, #917 ) ;
#1743 = CARTESIAN_POINT ( 'NONE',  ( -2.159593620790628776, 2.159593620790630109, -0.8437499999999998890 ) ) ;
#1744 = EDGE_CURVE ( 'NONE', #2716, #2194, #2806, .T. ) ;
#1745 = CARTESIAN_POINT ( 'NONE',  ( 1.242640687119287213, 2.999999999999999556, 3.062500000000000000 ) ) ;
#1746 = VECTOR ( 'NONE', #2464, 1000.000000000000000 ) ;
#1747 = EDGE_CURVE ( 'NONE', #2231, #4026, #1592, .T. ) ;
#1748 = CARTESIAN_POINT ( 'NONE',  ( -2.350480947161670553, 0.9736010864139232890, -2.312500000000000888 ) ) ;
#1749 = CARTESIAN_POINT ( 'NONE',  ( -2.179888305398500759, 1.680294552105301209, 4.999999999999999112 ) ) ;
#1750 = APPROVAL_STATUS ( 'not_yet_approved' ) ;
#1751 = CARTESIAN_POINT ( 'NONE',  ( -1.662041016787796144, 1.662041016787797254, 0.7499999999999997780 ) ) ;
#1752 = ORIENTED_EDGE ( 'NONE', *, *, #199, .T. ) ;
#1753 = CARTESIAN_POINT ( 'NONE',  ( -1.924264068711931897, -0.8863044580934539285, 9.522328722175538829 ) ) ;
#1754 = DIRECTION ( 'NONE',  ( -0.06645228065352307145, 0.1604299972043614630, -0.9848077530122079093 ) ) ;
#1755 = CARTESIAN_POINT ( 'NONE',  ( -1.265060653844732208, 3.054126587736527565, -0.8437500000000006661 ) ) ;
#1756 = CARTESIAN_POINT ( 'NONE',  ( 0.9736010864139216237, -2.350480947161670109, 4.062499999999999112 ) ) ;
#1757 = ORIENTED_EDGE ( 'NONE', *, *, #2391, .F. ) ;
#1758 = FACE_OUTER_BOUND ( 'NONE', #832, .T. ) ;
#1759 = ORIENTED_EDGE ( 'NONE', *, *, #3050, .T. ) ;
#1760 = CARTESIAN_POINT ( 'NONE',  ( -0.9736010864139222898, 2.350480947161671441, 1.687499999999999778 ) ) ;
#1761 = CARTESIAN_POINT ( 'NONE',  ( 1.662041016787796810, 1.662041016787796810, 1.374999999999999556 ) ) ;
#1762 = CARTESIAN_POINT ( 'NONE',  ( 0.000000000000000000, 2.350480947161671441, 1.624999999999999778 ) ) ;
#1763 = CARTESIAN_POINT ( 'NONE',  ( 0.000000000000000000, -1.006440660972019932E-15, 9.145474443040736645 ) ) ;
#1764 = CARTESIAN_POINT ( 'NONE',  ( 2.159593620790628776, -2.159593620790628776, -0.3437500000000003331 ) ) ;
#1765 = CARTESIAN_POINT ( 'NONE',  ( -1.242640687119280107, 3.000000000000006217, -2.812500000000001332 ) ) ;
#1766 = CARTESIAN_POINT ( 'NONE',  ( -1.662041016787796144, 1.662041016787797254, 0.6249999999999996669 ) ) ;
#1767 = CARTESIAN_POINT ( 'NONE',  ( 1.598667376072226309, -1.758033453705357241, -4.888287027038964894 ) ) ;
#1768 = VECTOR ( 'NONE', #1754, 1000.000000000000114 ) ;
#1769 = CARTESIAN_POINT ( 'NONE',  ( -1.662041016787796366, -1.662041016787795256, 2.000000000000000000 ) ) ;
#1770 = ORIENTED_EDGE ( 'NONE', *, *, #2611, .T. ) ;
#1771 = CARTESIAN_POINT ( 'NONE',  ( -3.173005460241592246, -1.314301895115944419, -18.72635058279349707 ) ) ;
#1772 = ORIENTED_EDGE ( 'NONE', *, *, #2526, .F. ) ;
#1773 = CARTESIAN_POINT ( 'NONE',  ( 1.242640687119289877, 2.999999999999997780, 4.937500000000000888 ) ) ;
#1774 = EDGE_CURVE ( 'NONE', #1778, #1281, #643, .T. ) ;
#1775 = VECTOR ( 'NONE', #3108, 999.9999999999998863 ) ;
#1776 = CARTESIAN_POINT ( 'NONE',  ( 2.159593620790628776, -2.159593620790628776, -0.2812500000000011102 ) ) ;
#1777 = CARTESIAN_POINT ( 'NONE',  ( 0.9736010864139216237, -2.350480947161670109, 2.062499999999999112 ) ) ;
#1778 = VERTEX_POINT ( 'NONE', #1616 ) ;
#1779 = CONICAL_SURFACE ( 'NONE', #4137, 0.09999999999999982514, 0.1745329251994333364 ) ;
#1780 = CARTESIAN_POINT ( 'NONE',  ( -2.878508968398378757E-16, -2.350480947161669665, 4.124999999999999112 ) ) ;
#1781 = CARTESIAN_POINT ( 'NONE',  ( -2.878508968398378757E-16, -2.350480947161669665, 1.000000000000000000 ) ) ;
#1782 = CARTESIAN_POINT ( 'NONE',  ( -1.662041016787796366, -1.662041016787795256, 1.000000000000000000 ) ) ;
#1783 = CARTESIAN_POINT ( 'NONE',  ( 1.048896720146973211E-15, -1.048896720146976761E-15, 5.709927797833932672 ) ) ;
#1784 = ORIENTED_EDGE ( 'NONE', *, *, #649, .F. ) ;
#1785 = CARTESIAN_POINT ( 'NONE',  ( 1.265060653844731542, -3.054126587736527121, -0.4062500000000003886 ) ) ;
#1786 = CARTESIAN_POINT ( 'NONE',  ( 4.074790491780808210, -2.350583566415339779E-14, -18.61343887244345652 ) ) ;
#1787 = DIRECTION ( 'NONE',  ( -0.1736481776669309141, 7.871956212234907746E-16, -0.9848077530122080203 ) ) ;
#1788 = CARTESIAN_POINT ( 'NONE',  ( 0.000000000000000000, 2.350480947161671441, 2.624999999999999556 ) ) ;
#1789 = VERTEX_POINT ( 'NONE', #964 ) ;
#1790 = DIRECTION ( 'NONE',  ( 0.000000000000000000, -1.000000000000000000, -2.891205793294679312E-16 ) ) ;
#1791 = VERTEX_POINT ( 'NONE', #2912 ) ;
#1792 = CARTESIAN_POINT ( 'NONE',  ( 3.000000000000000000, 3.673940397442060361E-16, 4.750000000000000000 ) ) ;
#1793 = CARTESIAN_POINT ( 'NONE',  ( -2.159593620790629220, -2.159593620790628332, -2.531250000000000888 ) ) ;
#1794 = EDGE_CURVE ( 'NONE', #2020, #2716, #2473, .T. ) ;
#1795 = AXIS2_PLACEMENT_3D ( 'NONE', #1358, #3026, #96 ) ;
#1796 = CARTESIAN_POINT ( 'NONE',  ( 0.9736010864139216237, -2.350480947161670109, 3.062500000000000000 ) ) ;
#1797 = EDGE_CURVE ( 'NONE', #2106, #667, #4160, .T. ) ;
#1798 = DIRECTION ( 'NONE',  ( 0.000000000000000000, 1.000000000000000000, 1.445602896647338917E-16 ) ) ;
#1799 = CARTESIAN_POINT ( 'NONE',  ( 2.350480947161670109, 0.9736010864139235110, 3.437500000000000444 ) ) ;
#1800 = CARTESIAN_POINT ( 'NONE',  ( -2.350480947161670553, -0.9736010864139212906, 0.8124999999999998890 ) ) ;
#1801 = CARTESIAN_POINT ( 'NONE',  ( -2.878508968398378757E-16, -2.350480947161669665, 4.124999999999999112 ) ) ;
#1802 = CARTESIAN_POINT ( 'NONE',  ( 1.379836182837475222, -1.902843343920494146, -4.899519052838322786 ) ) ;
#1803 = ORIENTED_EDGE ( 'NONE', *, *, #1278, .F. ) ;
#1804 = CARTESIAN_POINT ( 'NONE',  ( -2.159593620790628776, 2.159593620790630109, 4.156249999999999112 ) ) ;
#1805 = CARTESIAN_POINT ( 'NONE',  ( 0.8953788520239527315, 1.880928570309214232, 9.524905907753261403 ) ) ;
#1806 = CARTESIAN_POINT ( 'NONE',  ( 0.8077837448576569157, -0.3345949825845678238, 5.709927797833932672 ) ) ;
#1807 = CIRCLE ( 'NONE', #1072, 3.425913082399787868 ) ;
#1808 = CARTESIAN_POINT ( 'NONE',  ( -2.949554038080556304E-16, -2.408493649053873753, -4.841506350946118253 ) ) ;
#1809 = VERTEX_POINT ( 'NONE', #3967 ) ;
#1810 = CARTESIAN_POINT ( 'NONE',  ( -2.999999999999999556, 1.242640687119286325, 0.1875000000000002498 ) ) ;
#1811 = ORIENTED_EDGE ( 'NONE', *, *, #2416, .T. ) ;
#1812 = AXIS2_PLACEMENT_3D ( 'NONE', #1651, #2315, #3651 ) ;
#1813 = CARTESIAN_POINT ( 'NONE',  ( 0.5446109464931256916, -0.9699503216439029352, 5.709927797833932672 ) ) ;
#1814 = DIRECTION ( 'NONE',  ( 0.000000000000000000, -1.000000000000000000, -1.836970198721029688E-16 ) ) ;
#1815 = CARTESIAN_POINT ( 'NONE',  ( 2.159593620790628776, -2.159593620790628776, 3.718749999999999112 ) ) ;
#1816 = CARTESIAN_POINT ( 'NONE',  ( 0.000000000000000000, 9.629649721936179265E-32, 7.079963898916972198 ) ) ;
#1817 = CARTESIAN_POINT ( 'NONE',  ( -1.662041016787796144, 1.662041016787797254, 3.749999999999999112 ) ) ;
#1818 =( BOUNDED_CURVE ( )  B_SPLINE_CURVE ( 2, ( #1547, #2887, #1569, #962, #2164, #4172, #2838, #2503, #586 ),
 .UNSPECIFIED., .F., .F. ) 
 B_SPLINE_CURVE_WITH_KNOTS ( ( 3, 2, 2, 2, 3 ),
 ( 0.8333333333333334814, 0.8437500000000001110, 0.8541666666666667407, 0.8645833333333333703, 0.8750000000000000000 ),
 .UNSPECIFIED. ) 
 CURVE ( )  GEOMETRIC_REPRESENTATION_ITEM ( )  RATIONAL_B_SPLINE_CURVE ( ( 0.9999999999999992228, 0.9238795325112875156, 1.000000000000000000, 0.9238795325112867385, 1.000000000000000000, 0.9238795325112867385, 1.000000000000000000, 0.9238795325112867385, 1.000000000000000000 ) ) 
 REPRESENTATION_ITEM ( '' )  );
#1819 = CARTESIAN_POINT ( 'NONE',  ( -0.9736010864139225118, -2.350480947161669665, 0.9374999999999998890 ) ) ;
#1820 = CARTESIAN_POINT ( 'NONE',  ( -1.662041016787796144, 1.662041016787797254, 2.750000000000000000 ) ) ;
#1821 = FACE_OUTER_BOUND ( 'NONE', #344, .T. ) ;
#1822 = ORIENTED_EDGE ( 'NONE', *, *, #1001, .F. ) ;
#1823 = CARTESIAN_POINT ( 'NONE',  ( -3.054126587736527121, -1.265060653844730876, 3.343750000000000444 ) ) ;
#1824 = EDGE_CURVE ( 'NONE', #3668, #2782, #1742, .T. ) ;
#1825 = DIRECTION ( 'NONE',  ( 0.000000000000000000, 0.000000000000000000, -1.000000000000000000 ) ) ;
#1826 = CARTESIAN_POINT ( 'NONE',  ( -0.9736010864139225118, -2.350480947161669665, 4.062499999999999112 ) ) ;
#1827 = ORIENTED_EDGE ( 'NONE', *, *, #3434, .T. ) ;
#1828 = FACE_OUTER_BOUND ( 'NONE', #3802, .T. ) ;
#1829 = ORIENTED_EDGE ( 'NONE', *, *, #2726, .T. ) ;
#1830 = DIRECTION ( 'NONE',  ( -0.3826834323650878944, 0.9238795325112876267, 3.394278336863103987E-16 ) ) ;
#1831 = B_SPLINE_CURVE_WITH_KNOTS ( 'NONE', 3,
 ( #1808, #252, #1550, #210, #4130, #3756, #3115, #3446, #2841, #3740, #2109, #1229, #166, #2758, #4051, #527, #829, #507 ),
 .UNSPECIFIED., .F., .F.,
 ( 4, 2, 2, 2, 2, 2, 2, 2, 4 ),
 ( 0.0003831023336064501555, 0.0009221763653031588449, 0.001461250396999867751, 0.002000324428696576874, 0.002539398460393285997, 0.003078472492089995988, 0.003617546523786705978, 0.004156620555483415969, 0.004695694587180125959 ),
 .UNSPECIFIED. ) ;
#1832 = CONICAL_SURFACE ( 'NONE', #540, 3.499999999999999556, 0.3490658503988666728 ) ;
#1833 = CARTESIAN_POINT ( 'NONE',  ( 2.159593620790628776, -2.159593620790628776, 4.718750000000000000 ) ) ;
#1834 = ORIENTED_EDGE ( 'NONE', *, *, #3897, .F. ) ;
#1835 = DIRECTION ( 'NONE',  ( 1.836970198721029688E-16, -1.836970198721036097E-16, 1.000000000000000000 ) ) ;
#1836 = CARTESIAN_POINT ( 'NONE',  ( -2.350480947161670553, 1.062410547780433880E-15, 5.874999999999999112 ) ) ;
#1837 = CC_DESIGN_APPROVAL ( #258, ( #967 ) ) ;
#1838 = CARTESIAN_POINT ( 'NONE',  ( -2.350480947161670553, 1.062410547780433880E-15, 1.749999999999999778 ) ) ;
#1839 = VECTOR ( 'NONE', #2124, 1000.000000000000000 ) ;
#1840 = CARTESIAN_POINT ( 'NONE',  ( -2.350480947161670553, -0.9736010864139212906, 4.937500000000001776 ) ) ;
#1841 =( BOUNDED_CURVE ( )  B_SPLINE_CURVE ( 2, ( #2196, #3491, #3182, #257, #4159, #2874, #1257, #3537, #621 ),
 .UNSPECIFIED., .F., .F. ) 
 B_SPLINE_CURVE_WITH_KNOTS ( ( 3, 2, 2, 2, 3 ),
 ( 0.4166666666666666297, 0.4270833333333332593, 0.4375000000000000000, 0.4479166666666666852, 0.4583333333333333148 ),
 .UNSPECIFIED. ) 
 CURVE ( )  GEOMETRIC_REPRESENTATION_ITEM ( )  RATIONAL_B_SPLINE_CURVE ( ( 1.000000000000000444, 0.9238795325112862944, 1.000000000000000000, 0.9238795325112867385, 1.000000000000000000, 0.9238795325112867385, 1.000000000000000000, 0.9238795325112867385, 1.000000000000000000 ) ) 
 REPRESENTATION_ITEM ( '' )  );
#1842 = CARTESIAN_POINT ( 'NONE',  ( 0.4919865350373719415, -2.311381480247125086, -4.899519052838323674 ) ) ;
#1843 = CARTESIAN_POINT ( 'NONE',  ( -3.054126587736527121, 1.265060653844732874, 5.218750000000000000 ) ) ;
#1844 = CARTESIAN_POINT ( 'NONE',  ( -0.9736010864139225118, -2.350480947161669665, -4.937500000000001776 ) ) ;
#1845 = CARTESIAN_POINT ( 'NONE',  ( 1.924264068711931897, 0.8863044580934503758, 9.522328722175538829 ) ) ;
#1846 = EDGE_CURVE ( 'NONE', #2772, #2294, #1704, .T. ) ;
#1847 = CARTESIAN_POINT ( 'NONE',  ( -2.350480947161670553, 0.9736010864139232890, 3.812499999999999112 ) ) ;
#1848 = ORIENTED_EDGE ( 'NONE', *, *, #3105, .T. ) ;
#1849 = CARTESIAN_POINT ( 'NONE',  ( 0.000000000000000000, 3.000000000000000444, 4.000000000000000888 ) ) ;
#1850 = ORIENTED_EDGE ( 'NONE', *, *, #2682, .F. ) ;
#1851 = DIRECTION ( 'NONE',  ( 0.9098437264664103186, 0.3768696111424614248, 0.1736481776669308863 ) ) ;
#1852 = CARTESIAN_POINT ( 'NONE',  ( 0.000000000000000000, 3.000000000000000444, 5.000000000000000888 ) ) ;
#1853 = CARTESIAN_POINT ( 'NONE',  ( 2.159593620790629664, 2.159593620790629664, 3.968749999999999112 ) ) ;
#1854 = EDGE_LOOP ( 'NONE', ( #168, #2845, #1166, #2290, #896, #3248, #2516, #3926, #660, #1572, #4125, #2162, #4098, #365, #454, #780, #2878, #2389, #2011, #1402, #396, #2971, #3536, #280 ) ) ;
#1855 = CARTESIAN_POINT ( 'NONE',  ( 0.000000000000000000, 3.000000000000000444, 4.000000000000000888 ) ) ;
#1856 = CARTESIAN_POINT ( 'NONE',  ( 0.000000000000000000, 2.350480947161671441, 2.624999999999999556 ) ) ;
#1857 = CARTESIAN_POINT ( 'NONE',  ( 2.350480947161670553, 4.867087541007580301E-16, 4.249999999999999112 ) ) ;
#1858 = CARTESIAN_POINT ( 'NONE',  ( -1.662041016787796144, 1.662041016787797254, 5.749999999999999112 ) ) ;
#1859 = CYLINDRICAL_SURFACE ( 'NONE', #890, 2.999999999999999112 ) ;
#1860 = VECTOR ( 'NONE', #3889, 1000.000000000000000 ) ;
#1861 = CARTESIAN_POINT ( 'NONE',  ( -3.740226349862365271E-16, -3.054126587736525789, 6.531250000000000000 ) ) ;
#1862 = CARTESIAN_POINT ( 'NONE',  ( 1.225585463979564249, -1.171672494725320091, 9.550274073928248342 ) ) ;
#1863 = CARTESIAN_POINT ( 'NONE',  ( -1.015127583925223398, 2.731665087816993687, 5.000000000000001776 ) ) ;
#1864 = CIRCLE ( 'NONE', #2211, 5.841489628658875333 ) ;
#1865 = CARTESIAN_POINT ( 'NONE',  ( -0.9736010864139222898, 2.350480947161671441, 4.687500000000000888 ) ) ;
#1866 = DIRECTION ( 'NONE',  ( 0.000000000000000000, -1.000000000000000000, -2.891205793294679312E-16 ) ) ;
#1867 = DIRECTION ( 'NONE',  ( -0.000000000000000000, -1.836970198721029688E-16, 1.000000000000000000 ) ) ;
#1868 = CARTESIAN_POINT ( 'NONE',  ( -0.9736010864139222898, 2.350480947161671441, 5.562499999999999112 ) ) ;
#1869 = ORIENTED_EDGE ( 'NONE', *, *, #3158, .T. ) ;
#1870 = VERTEX_POINT ( 'NONE', #2380 ) ;
#1871 = LINE ( 'NONE', #2267, #2445 ) ;
#1872 = DIRECTION ( 'NONE',  ( 1.000000000000000000, 0.000000000000000000, 0.000000000000000000 ) ) ;
#1873 = CARTESIAN_POINT ( 'NONE',  ( 1.662041016787796144, -1.662041016787795922, 3.125000000000000000 ) ) ;
#1874 = CARTESIAN_POINT ( 'NONE',  ( -2.159593620790629220, -2.159593620790628332, 1.468749999999999556 ) ) ;
#1875 = CIRCLE ( 'NONE', #3916, 2.084129509265169489 ) ;
#1876 = ORIENTED_EDGE ( 'NONE', *, *, #2372, .T. ) ;
#1877 = CARTESIAN_POINT ( 'NONE',  ( 2.121320343559642829, 2.121320343559642829, 0.8750000000000000000 ) ) ;
#1878 = CARTESIAN_POINT ( 'NONE',  ( -3.673940397442059375E-16, -2.999999999999999112, -2.375000000000001332 ) ) ;
#1879 = CARTESIAN_POINT ( 'NONE',  ( 2.350480947161670109, -0.9736010864139228449, 4.187499999999999112 ) ) ;
#1880 = CARTESIAN_POINT ( 'NONE',  ( -2.350480947161670553, 0.9736010864139231780, 4.812500000000000888 ) ) ;
#1881 = CARTESIAN_POINT ( 'NONE',  ( 6.056851467671156519E-16, 4.945794552264515254, 8.239927797833937362 ) ) ;
#1882 = CARTESIAN_POINT ( 'NONE',  ( 1.662041016787796810, 1.662041016787796810, -2.500000000000000444 ) ) ;
#1883 = ORIENTED_EDGE ( 'NONE', *, *, #3480, .F. ) ;
#1884 = CARTESIAN_POINT ( 'NONE',  ( 2.350480947161670109, 0.9736010864139235110, -4.562500000000000888 ) ) ;
#1885 = DIRECTION ( 'NONE',  ( -0.000000000000000000, -1.836970198721029688E-16, 1.000000000000000000 ) ) ;
#1886 = CYLINDRICAL_SURFACE ( 'NONE', #1670, 2.999999999999999112 ) ;
#1887 = EDGE_LOOP ( 'NONE', ( #2340, #3354, #3963, #1523, #183, #473, #2802, #3853, #475, #2408, #3377, #2235, #2078, #4013, #1757, #891, #3588, #2585, #2800, #3265, #2710 ) ) ;
#1888 = CARTESIAN_POINT ( 'NONE',  ( 2.350480947161670109, -0.9736010864139228449, -3.812500000000000888 ) ) ;
#1889 = CARTESIAN_POINT ( 'NONE',  ( -3.673940397442059375E-16, -2.999999999999999112, -1.500000000000000000 ) ) ;
#1890 = DIRECTION ( 'NONE',  ( -0.000000000000000000, -1.836970198721029688E-16, 1.000000000000000000 ) ) ;
#1891 = CARTESIAN_POINT ( 'NONE',  ( 0.9736010864139217347, -2.350480947161670109, -3.937500000000000000 ) ) ;
#1892 = ORIENTED_EDGE ( 'NONE', *, *, #834, .F. ) ;
#1893 = FACE_OUTER_BOUND ( 'NONE', #2072, .T. ) ;
#1894 = CARTESIAN_POINT ( 'NONE',  ( -0.9736010864139222898, 2.350480947161671441, -4.312500000000000888 ) ) ;
#1895 = CARTESIAN_POINT ( 'NONE',  ( 0.000000000000000000, 2.350480947161671441, 2.499999999999999556 ) ) ;
#1896 = CARTESIAN_POINT ( 'NONE',  ( 3.054126587736526677, 3.574511468811600284E-16, 4.843750000000000000 ) ) ;
#1897 = ORIENTED_EDGE ( 'NONE', *, *, #3158, .F. ) ;
#1898 = CARTESIAN_POINT ( 'NONE',  ( -1.242640687119285658, 3.000000000000000888, 3.187499999999998224 ) ) ;
#1899 = EDGE_CURVE ( 'NONE', #900, #991, #2121, .T. ) ;
#1900 = AXIS2_PLACEMENT_3D ( 'NONE', #2243, #1600, #281 ) ;
#1901 = CARTESIAN_POINT ( 'NONE',  ( -2.350480947161670553, -0.9736010864139212906, 3.812499999999999112 ) ) ;
#1902 = CARTESIAN_POINT ( 'NONE',  ( -2.350480947161670553, 0.9736010864139231780, 5.812499999999999112 ) ) ;
#1903 = CARTESIAN_POINT ( 'NONE',  ( 1.314301895115932650, 3.173005460241604681, -18.72635058279349707 ) ) ;
#1904 = CARTESIAN_POINT ( 'NONE',  ( -1.662041016787796144, 1.662041016787797254, -2.250000000000000444 ) ) ;
#1905 = AXIS2_PLACEMENT_3D ( 'NONE', #1783, #3792, #3088 ) ;
#1906 = CARTESIAN_POINT ( 'NONE',  ( 0.9736010864139216237, -2.350480947161670109, -4.812500000000000888 ) ) ;
#1907 = FACE_OUTER_BOUND ( 'NONE', #2496, .T. ) ;
#1908 = CARTESIAN_POINT ( 'NONE',  ( -2.159593620790628776, 2.159593620790630109, -3.843750000000000000 ) ) ;
#1909 = AXIS2_PLACEMENT_3D ( 'NONE', #1377, #3924, #2320 ) ;
#1910 = ORIENTED_EDGE ( 'NONE', *, *, #3181, .F. ) ;
#1911 = CARTESIAN_POINT ( 'NONE',  ( -0.9736010864139222898, 2.350480947161671441, -2.437500000000000444 ) ) ;
#1912 = DIRECTION ( 'NONE',  ( -0.000000000000000000, -1.836970198721029688E-16, 1.000000000000000000 ) ) ;
#1913 = DIRECTION ( 'NONE',  ( 0.1736481776669309141, -1.637961866169333998E-15, -0.9848077530122080203 ) ) ;
#1914 = CARTESIAN_POINT ( 'NONE',  ( -1.662041016787796366, -1.662041016787795256, 4.875000000000000000 ) ) ;
#1915 = ORIENTED_EDGE ( 'NONE', *, *, #1217, .T. ) ;
#1916 = ORIENTED_EDGE ( 'NONE', *, *, #1164, .F. ) ;
#1917 = CARTESIAN_POINT ( 'NONE',  ( 1.379836182837475222, -1.902843343920494146, -4.899519052838322786 ) ) ;
#1918 = CARTESIAN_POINT ( 'NONE',  ( 1.662041016787796810, 1.662041016787796810, -3.500000000000000444 ) ) ;
#1919 = CARTESIAN_POINT ( 'NONE',  ( -2.350480947161670553, -0.9736010864139211796, 3.812499999999999112 ) ) ;
#1920 = CARTESIAN_POINT ( 'NONE',  ( 2.433794882644574997, 1.691710078663763994, 4.999999999999999112 ) ) ;
#1921 = ORIENTED_EDGE ( 'NONE', *, *, #471, .F. ) ;
#1922 = CARTESIAN_POINT ( 'NONE',  ( -1.242640687119285658, -2.999999999999999112, 3.562499999999998668 ) ) ;
#1923 = ADVANCED_FACE ( 'NONE', ( #2002 ), #3639, .T. ) ;
#1924 = CARTESIAN_POINT ( 'NONE',  ( -1.662041016787796144, 1.662041016787797254, 2.624999999999999556 ) ) ;
#1925 = EDGE_CURVE ( 'NONE', #1233, #991, #2695, .T. ) ;
#1926 = B_SPLINE_CURVE_WITH_KNOTS ( 'NONE', 3,
 ( #1306, #329, #974, #1555 ),
 .UNSPECIFIED., .F., .F.,
 ( 4, 4 ),
 ( 0.000000000000000000, 0.003944063716410794659 ),
 .UNSPECIFIED. ) ;
#1927 = CARTESIAN_POINT ( 'NONE',  ( 2.350480947161670109, 0.9736010864139235110, 5.437500000000001776 ) ) ;
#1928 = CARTESIAN_POINT ( 'NONE',  ( 3.000000000000000000, 3.673940397442060361E-16, -2.250000000000000444 ) ) ;
#1929 = B_SPLINE_CURVE_WITH_KNOTS ( 'NONE', 3,
 ( #4194, #3881, #653, #1951 ),
 .UNSPECIFIED., .F., .F.,
 ( 4, 4 ),
 ( 0.000000000000000000, 4.435033181973191597E-05 ),
 .UNSPECIFIED. ) ;
#1930 = CARTESIAN_POINT ( 'NONE',  ( 0.000000000000000000, 2.350480947161671441, -3.375000000000000444 ) ) ;
#1931 = CARTESIAN_POINT ( 'NONE',  ( 0.7715399020806541497, -2.850938990914588356, -4.302895385996242439 ) ) ;
#1932 = CONICAL_SURFACE ( 'NONE', #94, 0.09999999999999982514, 0.1745329251994333364 ) ;
#1933 = DIRECTION ( 'NONE',  ( -0.3826834323650879499, 0.9238795325112875156, 3.623950346347456059E-16 ) ) ;
#1934 = CARTESIAN_POINT ( 'NONE',  ( 1.265060653844733762, 3.054126587736527121, -2.031250000000000000 ) ) ;
#1935 = EDGE_LOOP ( 'NONE', ( #3449, #808, #3036, #1966 ) ) ;
#1936 = CARTESIAN_POINT ( 'NONE',  ( 2.350480947161670553, 4.867087541007580301E-16, -2.750000000000000888 ) ) ;
#1937 = DIRECTION ( 'NONE',  ( 0.000000000000000000, -3.673940397442059375E-16, 1.000000000000000000 ) ) ;
#1938 = DIRECTION ( 'NONE',  ( -0.1736481776669306920, -3.618124987505692124E-16, 0.9848077530122080203 ) ) ;
#1939 = CARTESIAN_POINT ( 'NONE',  ( -1.662041016787796144, 1.662041016787797254, 5.624999999999999112 ) ) ;
#1940 = ORIENTED_EDGE ( 'NONE', *, *, #1774, .F. ) ;
#1941 = CARTESIAN_POINT ( 'NONE',  ( 1.242640687119279885, -3.000000000000005329, -3.312500000000002220 ) ) ;
#1942 = CARTESIAN_POINT ( 'NONE',  ( 0.9736010864139238441, 2.350480947161670997, -3.437500000000000444 ) ) ;
#1943 = CARTESIAN_POINT ( 'NONE',  ( 0.9736010864139238441, 2.350480947161670997, 1.437499999999999334 ) ) ;
#1944 = CONICAL_SURFACE ( 'NONE', #4039, 2.999999999999999112, 0.7853981633974498333 ) ;
#1945 = CARTESIAN_POINT ( 'NONE',  ( 0.000000000000000000, 3.054126587736527565, 6.093749999999999112 ) ) ;
#1946 = ORIENTED_EDGE ( 'NONE', *, *, #2102, .T. ) ;
#1947 = PLANE ( 'NONE',  #4092 ) ;
#1948 = CARTESIAN_POINT ( 'NONE',  ( 2.159593620790628776, -2.159593620790628776, -5.281250000000000888 ) ) ;
#1949 = CIRCLE ( 'NONE', #585, 2.084129509265170377 ) ;
#1950 = CARTESIAN_POINT ( 'NONE',  ( -2.350480947161670553, 1.062410547780433880E-15, -3.250000000000000444 ) ) ;
#1951 = CARTESIAN_POINT ( 'NONE',  ( -0.8863044580934434924, -1.924264068711938558, 9.522328722175538829 ) ) ;
#1952 = CARTESIAN_POINT ( 'NONE',  ( -2.350480947161670553, 0.9736010864139231780, -5.187500000000001776 ) ) ;
#1953 = EDGE_LOOP ( 'NONE', ( #3542, #1892, #2449, #905, #2778 ) ) ;
#1954 = ORIENTED_EDGE ( 'NONE', *, *, #734, .F. ) ;
#1955 = AXIS2_PLACEMENT_3D ( 'NONE', #2056, #1734, #2092 ) ;
#1956 = CARTESIAN_POINT ( 'NONE',  ( -0.9736010864139222898, 2.350480947161671441, -2.312500000000000888 ) ) ;
#1957 = CARTESIAN_POINT ( 'NONE',  ( 3.173005460241592246, 1.314301895115951302, -18.72635058279349707 ) ) ;
#1958 = CARTESIAN_POINT ( 'NONE',  ( 2.159593620790629664, 2.159593620790629664, -2.093750000000000000 ) ) ;
#1959 = EDGE_CURVE ( 'NONE', #614, #2106, #2552, .T. ) ;
#1960 = EDGE_LOOP ( 'NONE', ( #3096, #2873, #898, #1538 ) ) ;
#1961 = CARTESIAN_POINT ( 'NONE',  ( 0.9736010864139238441, 2.350480947161670997, -4.562500000000000888 ) ) ;
#1962 = CARTESIAN_POINT ( 'NONE',  ( -1.377148385520746032, -2.524659877555810894, -4.379901089904611133 ) ) ;
#1963 = CARTESIAN_POINT ( 'NONE',  ( -1.441495523232054765, 0.5970869958228234298, 9.600000000000001421 ) ) ;
#1964 = CARTESIAN_POINT ( 'NONE',  ( 2.350480947161670553, 4.867087541007580301E-16, -4.750000000000000888 ) ) ;
#1965 = CYLINDRICAL_SURFACE ( 'NONE', #2525, 2.999999999999999112 ) ;
#1966 = ORIENTED_EDGE ( 'NONE', *, *, #596, .F. ) ;
#1967 = APPROVAL_ROLE ( '' ) ;
#1968 = CARTESIAN_POINT ( 'NONE',  ( 2.350480947161670109, -0.9736010864139228449, -4.687500000000000888 ) ) ;
#1969 = CARTESIAN_POINT ( 'NONE',  ( -2.350480947161670553, -0.9736010864139211796, 4.812500000000000888 ) ) ;
#1970 = DIRECTION ( 'NONE',  ( 1.637961866169332025E-15, 0.1736481776669305255, 0.9848077530122081313 ) ) ;
#1971 = LINE ( 'NONE', #1583, #611 ) ;
#1972 = CARTESIAN_POINT ( 'NONE',  ( -3.054126587736526677, 1.105496416853632984E-15, -4.656250000000000888 ) ) ;
#1973 = CARTESIAN_POINT ( 'NONE',  ( -1.662041016787796366, -1.662041016787795256, -1.125000000000000222 ) ) ;
#1974 = PLANE ( 'NONE',  #1981 ) ;
#1975 = CARTESIAN_POINT ( 'NONE',  ( 2.350480947161670553, 4.867087541007580301E-16, -3.625000000000000444 ) ) ;
#1976 = AXIS2_PLACEMENT_3D ( 'NONE', #1287, #333, #1561 ) ;
#1977 = EDGE_CURVE ( 'NONE', #2055, #2782, #741, .T. ) ;
#1978 = CARTESIAN_POINT ( 'NONE',  ( 0.000000000000000000, 2.350480947161671441, -1.375000000000000444 ) ) ;
#1979 = CARTESIAN_POINT ( 'NONE',  ( 0.000000000000000000, -3.753409806159286637E-16, 5.709927797833931784 ) ) ;
#1980 = CARTESIAN_POINT ( 'NONE',  ( 3.054126587736527121, 1.265060653844733318, -2.156250000000000444 ) ) ;
#1981 = AXIS2_PLACEMENT_3D ( 'NONE', #2299, #337, #3281 ) ;
#1982 = EDGE_CURVE ( 'NONE', #1078, #876, #779, .T. ) ;
#1983 = CARTESIAN_POINT ( 'NONE',  ( -1.662041016787796144, 1.662041016787797254, -2.375000000000000444 ) ) ;
#1984 = CARTESIAN_POINT ( 'NONE',  ( -0.7198008102495688787, 2.537550546400182849, -4.618635190970326043 ) ) ;
#1985 = CARTESIAN_POINT ( 'NONE',  ( -3.673940397442059375E-16, -2.999999999999999112, -0.4999999999999994449 ) ) ;
#1986 = ADVANCED_FACE ( 'NONE', ( #1047 ), #3899, .T. ) ;
#1987 = CARTESIAN_POINT ( 'NONE',  ( 2.350480947161670109, -0.9736010864139228449, -2.812500000000000888 ) ) ;
#1988 = AXIS2_PLACEMENT_3D ( 'NONE', #1903, #1609, #3238 ) ;
#1989 = CARTESIAN_POINT ( 'NONE',  ( 1.242640687119287213, 2.999999999999999556, 0.9375000000000001110 ) ) ;
#1990 =( BOUNDED_CURVE ( )  B_SPLINE_CURVE ( 2, ( #3735, #1765, #2795, #1123, #2126, #4085, #3051, #3091, #2482 ),
 .UNSPECIFIED., .F., .F. ) 
 B_SPLINE_CURVE_WITH_KNOTS ( ( 3, 2, 2, 2, 3 ),
 ( 0.2499999999999999445, 0.2604166666666666297, 0.2708333333333332593, 0.2812499999999999445, 0.2916666666666666297 ),
 .UNSPECIFIED. ) 
 CURVE ( )  GEOMETRIC_REPRESENTATION_ITEM ( )  RATIONAL_B_SPLINE_CURVE ( ( 1.000000000000000444, 0.9238795325112862944, 1.000000000000000000, 0.9238795325112867385, 1.000000000000000000, 0.9238795325112867385, 1.000000000000000000, 0.9238795325112871826, 0.9999999999999995559 ) ) 
 REPRESENTATION_ITEM ( '' )  );
#1991 = B_SPLINE_CURVE_WITH_KNOTS ( 'NONE', 3,
 ( #3572, #1266, #4146, #2545 ),
 .UNSPECIFIED., .F., .F.,
 ( 4, 4 ),
 ( 0.000000000000000000, 4.435033181973188887E-05 ),
 .UNSPECIFIED. ) ;
#1992 = PERSON_AND_ORGANIZATION ( #605, #884 ) ;
#1993 = CARTESIAN_POINT ( 'NONE',  ( 2.350480947161670109, 0.9736010864139237331, -3.562500000000000444 ) ) ;
#1994 = EDGE_LOOP ( 'NONE', ( #2914, #4015, #1194, #2333 ) ) ;
#1995 = CARTESIAN_POINT ( 'NONE',  ( -2.999999999999999556, -1.242640687119284104, -1.562500000000000666 ) ) ;
#1996 = DIRECTION ( 'NONE',  ( -0.000000000000000000, -3.673940397442059375E-16, 1.000000000000000000 ) ) ;
#1997 = CARTESIAN_POINT ( 'NONE',  ( 3.054126587736526677, 3.574511468811600284E-16, -3.156250000000000888 ) ) ;
#1998 = CARTESIAN_POINT ( 'NONE',  ( -1.662041016787796366, -1.662041016787795256, -2.125000000000000444 ) ) ;
#1999 = CARTESIAN_POINT ( 'NONE',  ( -1.924264068711927678, 0.8863044580934619221, 9.522328722175538829 ) ) ;
#2000 = CARTESIAN_POINT ( 'NONE',  ( 0.9736010864139216237, -2.350480947161670109, 2.187500000000000000 ) ) ;
#2001 = CARTESIAN_POINT ( 'NONE',  ( -0.9736010864139225118, -2.350480947161669665, -0.9374999999999998890 ) ) ;
#2002 = FACE_OUTER_BOUND ( 'NONE', #2563, .T. ) ;
#2003 = CARTESIAN_POINT ( 'NONE',  ( -1.265060653844732430, -3.054126587736526677, -1.531250000000000000 ) ) ;
#2004 = CARTESIAN_POINT ( 'NONE',  ( 0.000000000000000000, 2.350480947161671441, -1.500000000000000444 ) ) ;
#2005 = CARTESIAN_POINT ( 'NONE',  ( 1.180674525152938994E-11, 2.603765877364838666, -4.646234122635158670 ) ) ;
#2006 = LINE ( 'NONE', #663, #1860 ) ;
#2007 = CARTESIAN_POINT ( 'NONE',  ( 1.662041016787796144, -1.662041016787795922, 0.1249999999999992506 ) ) ;
#2008 = CARTESIAN_POINT ( 'NONE',  ( -2.908604249243450734, 0.6469952317479971127, 8.165138657535667477 ) ) ;
#2009 = PERSON_AND_ORGANIZATION ( #605, #884 ) ;
#2010 = CARTESIAN_POINT ( 'NONE',  ( -1.662041016787796366, -1.662041016787795256, 1.000000000000000000 ) ) ;
#2011 = ORIENTED_EDGE ( 'NONE', *, *, #2301, .T. ) ;
#2012 = APPLICATION_CONTEXT ( 'configuration controlled 3d designs of mechanical parts and assemblies' ) ;
#2013 = CARTESIAN_POINT ( 'NONE',  ( -1.242640687119285658, 3.000000000000000888, -1.812500000000001332 ) ) ;
#2014 = ORIENTED_EDGE ( 'NONE', *, *, #4000, .T. ) ;
#2015 = LINE ( 'NONE', #4055, #3940 ) ;
#2016 = CARTESIAN_POINT ( 'NONE',  ( -3.054126587736527121, 1.265060653844732874, -5.718750000000000888 ) ) ;
#2017 = CARTESIAN_POINT ( 'NONE',  ( -2.350480947161670553, 0.9736010864139231780, -2.312500000000000888 ) ) ;
#2018 = CARTESIAN_POINT ( 'NONE',  ( -3.673940397442059375E-16, -2.999999999999999112, -1.375000000000000888 ) ) ;
#2019 = CARTESIAN_POINT ( 'NONE',  ( 2.350480947161670109, -0.9736010864139228449, -0.6875000000000005551 ) ) ;
#2020 = VERTEX_POINT ( 'NONE', #1401 ) ;
#2021 = AXIS2_PLACEMENT_3D ( 'NONE', #24, #3539, #3207 ) ;
#2022 = CARTESIAN_POINT ( 'NONE',  ( 1.662041016787796144, -1.662041016787795922, 0.2499999999999993616 ) ) ;
#2023 = LINE ( 'NONE', #2324, #1437 ) ;
#2024 = CIRCLE ( 'NONE', #3380, 28.72098086650471771 ) ;
#2025 = CARTESIAN_POINT ( 'NONE',  ( 3.054126587736526677, 3.574511468811600284E-16, 1.781249999999999778 ) ) ;
#2026 = DIRECTION ( 'NONE',  ( -4.253831224729209212E-16, -0.1736481776669309141, 0.9848077530122080203 ) ) ;
#2027 = CARTESIAN_POINT ( 'NONE',  ( 0.000000000000000000, 3.000000000000000444, 2.000000000000000000 ) ) ;
#2028 = CARTESIAN_POINT ( 'NONE',  ( 2.350480947161670109, -0.9736010864139228449, -0.8125000000000006661 ) ) ;
#2029 = CARTESIAN_POINT ( 'NONE',  ( 2.229973389373611337, -0.9380215551730789469, -4.844869998780720444 ) ) ;
#2030 = PERSON_AND_ORGANIZATION ( #605, #884 ) ;
#2031 = CARTESIAN_POINT ( 'NONE',  ( -1.662041016787796144, 1.662041016787797254, 1.749999999999999778 ) ) ;
#2032 = ORIENTED_EDGE ( 'NONE', *, *, #1675, .F. ) ;
#2033 = CARTESIAN_POINT ( 'NONE',  ( -0.2464218052446477958, -2.340865459236910251, -4.899519052838324562 ) ) ;
#2034 = EDGE_CURVE ( 'NONE', #2468, #3818, #1249, .T. ) ;
#2035 = PRODUCT_DEFINITION ( 'UNKNOWN', '', #2386, #1130 ) ;
#2036 = CARTESIAN_POINT ( 'NONE',  ( -1.242640687119282772, 3.000000000000002665, -3.812500000000002220 ) ) ;
#2037 = CARTESIAN_POINT ( 'NONE',  ( -3.054126587736526677, 1.105496416853632984E-15, -1.656250000000000666 ) ) ;
#2038 = CARTESIAN_POINT ( 'NONE',  ( 0.000000000000000000, 2.350480947161671441, -0.5000000000000004441 ) ) ;
#2039 = EDGE_CURVE ( 'NONE', #2194, #404, #565, .T. ) ;
#2040 = CARTESIAN_POINT ( 'NONE',  ( 1.217759924316325515, 1.174952136387364510, 9.550474210214579429 ) ) ;
#2041 = CARTESIAN_POINT ( 'NONE',  ( -1.662041016787796144, 1.662041016787797254, -1.250000000000000222 ) ) ;
#2042 = ORIENTED_EDGE ( 'NONE', *, *, #2107, .T. ) ;
#2043 = CARTESIAN_POINT ( 'NONE',  ( 2.350480947161670109, -0.9736010864139228449, -2.687500000000000888 ) ) ;
#2044 = CARTESIAN_POINT ( 'NONE',  ( -1.242640687119275000, 3.000000000000010658, 1.187499999999998224 ) ) ;
#2045 = CARTESIAN_POINT ( 'NONE',  ( -1.265060653844732430, -3.054126587736526677, 2.468750000000000888 ) ) ;
#2046 = B_SPLINE_CURVE_WITH_KNOTS ( 'NONE', 3,
 ( #3758, #3821, #509, #1470, #1146, #3512, #3428, #4071, #568, #3117 ),
 .UNSPECIFIED., .F., .F.,
 ( 4, 3, 3, 4 ),
 ( 0.000000000000000000, 3.683529161302156069E-05, 7.367120247394937007E-05, 8.489811800515013863E-05 ),
 .UNSPECIFIED. ) ;
#2047 = CARTESIAN_POINT ( 'NONE',  ( 0.8641082669389731352, 3.315146656056975338, 9.396447866816426853 ) ) ;
#2048 = CARTESIAN_POINT ( 'NONE',  ( -1.242640687119285658, -2.999999999999999112, 2.437500000000000444 ) ) ;
#2049 = CARTESIAN_POINT ( 'NONE',  ( -0.9736010864139222898, 2.350480947161671441, -3.437500000000000444 ) ) ;
#2050 = CARTESIAN_POINT ( 'NONE',  ( -3.673940397442059375E-16, -2.999999999999999112, -3.500000000000000000 ) ) ;
#2051 = CC_DESIGN_APPROVAL ( #776, ( #2386 ) ) ;
#2052 = DATE_TIME_ROLE ( 'creation_date' ) ;
#2053 = CARTESIAN_POINT ( 'NONE',  ( -0.9736010864139222898, 2.350480947161671441, -0.3125000000000002776 ) ) ;
#2054 = AXIS2_PLACEMENT_3D ( 'NONE', #4081, #2420, #539 ) ;
#2055 = VERTEX_POINT ( 'NONE', #3678 ) ;
#2056 = CARTESIAN_POINT ( 'NONE',  ( 1.763491390772188855E-15, -1.763491390772194969E-15, 9.600000000000001421 ) ) ;
#2057 = CARTESIAN_POINT ( 'NONE',  ( 0.000000000000000000, -2.449293598294706907E-16, 5.000000000000000000 ) ) ;
#2058 = VECTOR ( 'NONE', #1495, 1000.000000000000000 ) ;
#2059 = CARTESIAN_POINT ( 'NONE',  ( -3.740226349862365271E-16, -3.054126587736525789, -0.4062500000000012212 ) ) ;
#2060 = CARTESIAN_POINT ( 'NONE',  ( -2.350480947161670553, -0.9736010864139212906, 2.812500000000000000 ) ) ;
#2061 = CARTESIAN_POINT ( 'NONE',  ( 2.999999999999999112, -1.242640687119286103, -2.187500000000000888 ) ) ;
#2062 = CARTESIAN_POINT ( 'NONE',  ( 0.9736010864139238441, 2.350480947161670997, -1.437500000000000666 ) ) ;
#2063 = ADVANCED_FACE ( 'NONE', ( #760 ), #1932, .T. ) ;
#2064 = EDGE_CURVE ( 'NONE', #204, #3078, #3641, .T. ) ;
#2065 = CARTESIAN_POINT ( 'NONE',  ( 2.350480947161670109, 0.9736010864139235110, 3.437500000000000444 ) ) ;
#2066 = CARTESIAN_POINT ( 'NONE',  ( -0.8077837448576558055, -0.3345949825845691006, 5.709927797833932672 ) ) ;
#2067 = CARTESIAN_POINT ( 'NONE',  ( 3.054126587736526677, 3.574511468811600284E-16, -0.2187500000000001943 ) ) ;
#2068 = DIRECTION ( 'NONE',  ( 0.000000000000000000, -1.000000000000000000, -2.891205793294679312E-16 ) ) ;
#2069 = CARTESIAN_POINT ( 'NONE',  ( 0.000000000000000000, 2.350480947161671441, -2.500000000000000444 ) ) ;
#2070 = CARTESIAN_POINT ( 'NONE',  ( -2.046339828015995455, -1.300249253448947817, 4.999999999999997335 ) ) ;
#2071 = CARTESIAN_POINT ( 'NONE',  ( -1.662041016787796144, 1.662041016787797254, -0.2500000000000002220 ) ) ;
#2072 = EDGE_LOOP ( 'NONE', ( #2535, #3892, #3650, #1954 ) ) ;
#2073 = CYLINDRICAL_SURFACE ( 'NONE', #2696, 2.999999999999999112 ) ;
#2074 = AXIS2_PLACEMENT_3D ( 'NONE', #3506, #14, #634 ) ;
#2075 = CARTESIAN_POINT ( 'NONE',  ( 0.000000000000000000, 3.000000000000000888, -3.875000000000001332 ) ) ;
#2076 = CARTESIAN_POINT ( 'NONE',  ( 2.159593620790629664, 2.159593620790629664, -1.031250000000000888 ) ) ;
#2077 = CARTESIAN_POINT ( 'NONE',  ( -2.878508968398378757E-16, -2.350480947161669665, 3.999999999999999112 ) ) ;
#2078 = ORIENTED_EDGE ( 'NONE', *, *, #3130, .F. ) ;
#2079 = CARTESIAN_POINT ( 'NONE',  ( -3.673940397442059375E-16, -2.999999999999999112, 2.624999999999999112 ) ) ;
#2080 = CARTESIAN_POINT ( 'NONE',  ( -1.662041016787796366, -1.662041016787795256, 0.000000000000000000 ) ) ;
#2081 = CARTESIAN_POINT ( 'NONE',  ( 2.350480947161670109, -0.9736010864139228449, 1.187499999999999334 ) ) ;
#2082 = CARTESIAN_POINT ( 'NONE',  ( 2.350480947161670109, 0.9736010864139235110, 1.437499999999999778 ) ) ;
#2083 = DIRECTION ( 'NONE',  ( -1.000000000000000000, -3.866725418750468443E-15, 0.000000000000000000 ) ) ;
#2084 = ORIENTED_EDGE ( 'NONE', *, *, #22, .T. ) ;
#2085 = CARTESIAN_POINT ( 'NONE',  ( -2.159593620790629220, -2.159593620790628332, 0.4062500000000003331 ) ) ;
#2086 = CIRCLE ( 'NONE', #394, 28.72098086650471771 ) ;
#2087 = CARTESIAN_POINT ( 'NONE',  ( 0.9736010864139217347, -2.350480947161670109, 1.062499999999999112 ) ) ;
#2088 = CARTESIAN_POINT ( 'NONE',  ( 0.8864769705118341614, -1.909514043183167198, 9.523307088717604785 ) ) ;
#2089 = EDGE_CURVE ( 'NONE', #2283, #883, #2023, .T. ) ;
#2090 = CARTESIAN_POINT ( 'NONE',  ( 2.350480947161670109, 0.9736010864139237331, 1.437499999999999334 ) ) ;
#2091 = DIRECTION ( 'NONE',  ( -0.000000000000000000, 3.673940397442059375E-16, -1.000000000000000000 ) ) ;
#2092 = DIRECTION ( 'NONE',  ( -3.491481338843133355E-15, -1.000000000000000000, 0.000000000000000000 ) ) ;
#2093 = DIRECTION ( 'NONE',  ( 4.253831224729209212E-16, 0.1736481776669309141, -0.9848077530122080203 ) ) ;
#2094 = CARTESIAN_POINT ( 'NONE',  ( 1.265060653844731542, -3.054126587736527121, -2.343750000000000444 ) ) ;
#2095 = CARTESIAN_POINT ( 'NONE',  ( 1.662041016787796810, 1.662041016787796810, 1.374999999999999556 ) ) ;
#2096 = CARTESIAN_POINT ( 'NONE',  ( 3.673940397442058882E-16, 2.999999999999998668, 5.000000000000000888 ) ) ;
#2097 = CARTESIAN_POINT ( 'NONE',  ( 1.662041016787796144, -1.662041016787795922, 4.249999999999999112 ) ) ;
#2098 = CARTESIAN_POINT ( 'NONE',  ( 1.662041016787796810, 1.662041016787796810, -0.6250000000000005551 ) ) ;
#2099 = CARTESIAN_POINT ( 'NONE',  ( -0.9736010864139222898, 2.350480947161671441, 3.687499999999998668 ) ) ;
#2100 = CARTESIAN_POINT ( 'NONE',  ( 0.2442382375807623796, -2.350480947161669665, -4.899519052838325450 ) ) ;
#2101 = CARTESIAN_POINT ( 'NONE',  ( 1.265060653844731542, -3.054126587736527121, 2.593750000000000444 ) ) ;
#2102 = EDGE_CURVE ( 'NONE', #1371, #3759, #3326, .T. ) ;
#2103 = CC_DESIGN_PERSON_AND_ORGANIZATION_ASSIGNMENT ( #2030, #3034, ( #2386 ) ) ;
#2104 = DIRECTION ( 'NONE',  ( 0.9848077530122080203, -6.539231157559284228E-15, 0.1736481776669309141 ) ) ;
#2105 = CARTESIAN_POINT ( 'NONE',  ( -3.673940397442059375E-16, -2.999999999999999112, 1.624999999999998668 ) ) ;
#2106 = VERTEX_POINT ( 'NONE', #2161 ) ;
#2107 = EDGE_CURVE ( 'NONE', #602, #2283, #2998, .T. ) ;
#2108 = EDGE_CURVE ( 'NONE', #147, #1281, #2791, .T. ) ;
#2109 = CARTESIAN_POINT ( 'NONE',  ( 2.263534071912893353, -1.600817997603759091, -4.483244811269124774 ) ) ;
#2110 = CARTESIAN_POINT ( 'NONE',  ( -1.885995725475418716, 0.9076120467488897336, 9.600000000000001421 ) ) ;
#2111 = DIRECTION ( 'NONE',  ( 0.06645228065352307145, 0.1604299972043616296, -0.9848077530122080203 ) ) ;
#2112 = CONICAL_SURFACE ( 'NONE', #3403, 2.999999999999999112, 0.7853981633974498333 ) ;
#2113 = VERTEX_POINT ( 'NONE', #1521 ) ;
#2114 = CARTESIAN_POINT ( 'NONE',  ( -2.878508968398378757E-16, -2.350480947161669665, 5.000000000000000000 ) ) ;
#2115 = CIRCLE ( 'NONE', #1988, 28.72098086650471771 ) ;
#2116 = CARTESIAN_POINT ( 'NONE',  ( 3.054126587736526677, 3.574511468811600284E-16, -0.1562500000000009992 ) ) ;
#2117 = CARTESIAN_POINT ( 'NONE',  ( -1.662041016787796366, -1.662041016787795256, 0.8749999999999998890 ) ) ;
#2118 = AXIS2_PLACEMENT_3D ( 'NONE', #2954, #1420, #1738 ) ;
#2119 = FACE_OUTER_BOUND ( 'NONE', #2167, .T. ) ;
#2120 = CARTESIAN_POINT ( 'NONE',  ( -2.350480947161670553, 0.9736010864139231780, 2.812500000000000000 ) ) ;
#2121 =( BOUNDED_CURVE ( )  B_SPLINE_CURVE ( 2, ( #3008, #2044, #2343, #3345, #3362, #446, #406, #1382, #78 ),
 .UNSPECIFIED., .F., .F. ) 
 B_SPLINE_CURVE_WITH_KNOTS ( ( 3, 2, 2, 2, 3 ),
 ( 0.5833333333333332593, 0.5937499999999998890, 0.6041666666666665186, 0.6145833333333333703, 0.6250000000000000000 ),
 .UNSPECIFIED. ) 
 CURVE ( )  GEOMETRIC_REPRESENTATION_ITEM ( )  RATIONAL_B_SPLINE_CURVE ( ( 1.000000000000000888, 0.9238795325112859613, 1.000000000000000000, 0.9238795325112867385, 1.000000000000000000, 0.9238795325112867385, 1.000000000000000000, 0.9238795325112867385, 1.000000000000000000 ) ) 
 REPRESENTATION_ITEM ( '' )  );
#2122 = CARTESIAN_POINT ( 'NONE',  ( 0.9736010864139238441, 2.350480947161670997, -0.5625000000000004441 ) ) ;
#2123 = CARTESIAN_POINT ( 'NONE',  ( 2.350480947161670553, 4.867087541007580301E-16, 1.374999999999999556 ) ) ;
#2124 = DIRECTION ( 'NONE',  ( -0.000000000000000000, -1.836970198721029688E-16, 1.000000000000000000 ) ) ;
#2125 = CARTESIAN_POINT ( 'NONE',  ( -2.159593620790628776, 2.159593620790630109, 3.156250000000000000 ) ) ;
#2126 = CARTESIAN_POINT ( 'NONE',  ( -3.000000000000000000, 1.102182119232617714E-15, -2.625000000000000888 ) ) ;
#2127 = CARTESIAN_POINT ( 'NONE',  ( 1.270710678118656123, -1.270710678118659898, 5.709927797833931784 ) ) ;
#2128 = ADVANCED_FACE ( 'NONE', ( #1157 ), #2813, .T. ) ;
#2129 = CARTESIAN_POINT ( 'NONE',  ( 0.9736010864139217347, -2.350480947161670109, 4.187499999999999112 ) ) ;
#2130 = DIRECTION ( 'NONE',  ( -0.1604299972043610745, -0.06645228065352344615, -0.9848077530122080203 ) ) ;
#2131 = CARTESIAN_POINT ( 'NONE',  ( -2.121320343559642385, -2.121320343559641053, 0.3750000000000004441 ) ) ;
#2132 = ORIENTED_EDGE ( 'NONE', *, *, #1404, .F. ) ;
#2133 = CARTESIAN_POINT ( 'NONE',  ( -1.179453637981705771, -2.038882368905788223, 5.000000000000003553 ) ) ;
#2134 = CARTESIAN_POINT ( 'NONE',  ( 0.000000000000000000, 0.000000000000000000, 5.919999999999998153 ) ) ;
#2135 = CARTESIAN_POINT ( 'NONE',  ( 2.159593620790628776, -2.159593620790628776, 1.718749999999998890 ) ) ;
#2136 = VECTOR ( 'NONE', #1725, 999.9999999999998863 ) ;
#2137 = ORIENTED_EDGE ( 'NONE', *, *, #1677, .T. ) ;
#2138 = CARTESIAN_POINT ( 'NONE',  ( 0.000000000000000000, -8.786840783882259896E-16, 8.449999999999999289 ) ) ;
#2139 = CARTESIAN_POINT ( 'NONE',  ( 1.662041016787796144, -1.662041016787795922, 6.249999999999999112 ) ) ;
#2140 = CARTESIAN_POINT ( 'NONE',  ( -1.662041016787796144, 1.662041016787797254, 1.624999999999999778 ) ) ;
#2141 = CARTESIAN_POINT ( 'NONE',  ( 0.9736010864139216237, -2.350480947161670109, 3.187500000000000000 ) ) ;
#2142 = CIRCLE ( 'NONE', #310, 3.425913082399787868 ) ;
#2143 = ORIENTED_EDGE ( 'NONE', *, *, #2242, .F. ) ;
#2144 = CARTESIAN_POINT ( 'NONE',  ( 1.265060653844731542, -3.054126587736527121, 3.593750000000000444 ) ) ;
#2145 = LINE ( 'NONE', #1484, #175 ) ;
#2146 = FACE_OUTER_BOUND ( 'NONE', #3723, .T. ) ;
#2147 = AXIS2_PLACEMENT_3D ( 'NONE', #4181, #1230, #3578 ) ;
#2148 = CARTESIAN_POINT ( 'NONE',  ( -1.662041016787796144, 1.662041016787797254, 3.749999999999999112 ) ) ;
#2149 = VERTEX_POINT ( 'NONE', #2753 ) ;
#2150 = CYLINDRICAL_SURFACE ( 'NONE', #2901, 2.999999999999999112 ) ;
#2151 = ORIENTED_EDGE ( 'NONE', *, *, #346, .F. ) ;
#2152 = CARTESIAN_POINT ( 'NONE',  ( 0.000000000000000000, -2.449293598294706907E-16, 5.000000000000000000 ) ) ;
#2153 = EDGE_CURVE ( 'NONE', #1516, #3829, #209, .T. ) ;
#2154 = DIRECTION ( 'NONE',  ( -1.000000000000000000, 0.000000000000000000, -0.000000000000000000 ) ) ;
#2155 = CARTESIAN_POINT ( 'NONE',  ( 0.000000000000000000, 3.054126587736527565, 4.093749999999999112 ) ) ;
#2156 = CARTESIAN_POINT ( 'NONE',  ( -7.153761575989554044E-16, -5.841489628658875333, 5.709927797833930896 ) ) ;
#2157 = CARTESIAN_POINT ( 'NONE',  ( -1.662041016787796144, 1.662041016787797254, 2.750000000000000000 ) ) ;
#2158 = CARTESIAN_POINT ( 'NONE',  ( 0.000000000000000000, 2.350480947161671441, 5.499999999999999112 ) ) ;
#2159 = EDGE_CURVE ( 'NONE', #869, #1568, #359, .T. ) ;
#2160 = CARTESIAN_POINT ( 'NONE',  ( -2.350480947161670553, -0.9736010864139212906, 5.937499999999999112 ) ) ;
#2161 = CARTESIAN_POINT ( 'NONE',  ( 2.121320343559642829, 2.121320343559642829, 5.000000000000000000 ) ) ;
#2162 = ORIENTED_EDGE ( 'NONE', *, *, #129, .T. ) ;
#2163 = CARTESIAN_POINT ( 'NONE',  ( -3.054126587736527121, -1.265060653844730876, 6.343749999999999112 ) ) ;
#2164 = CARTESIAN_POINT ( 'NONE',  ( 3.000000000000000000, 3.673940397442060361E-16, -3.250000000000000444 ) ) ;
#2165 = CARTESIAN_POINT ( 'NONE',  ( -2.073105779112134783, -0.2140753138541360567, 5.709927797833932672 ) ) ;
#2166 = LINE ( 'NONE', #1205, #1746 ) ;
#2167 = EDGE_LOOP ( 'NONE', ( #771, #3938, #3116, #221 ) ) ;
#2168 = LINE ( 'NONE', #1167, #3981 ) ;
#2169 = AXIS2_PLACEMENT_3D ( 'NONE', #2250, #1000, #2928 ) ;
#2170 = VERTEX_POINT ( 'NONE', #2478 ) ;
#2171 = CARTESIAN_POINT ( 'NONE',  ( -1.924264068711927678, 0.8863044580934619221, 9.522328722175538829 ) ) ;
#2172 = CARTESIAN_POINT ( 'NONE',  ( 2.121320343559642385, -2.121320343559642385, 0.7499999999999984457 ) ) ;
#2173 = CARTESIAN_POINT ( 'NONE',  ( 1.265060653844733762, 3.054126587736527121, 4.031249999999999112 ) ) ;
#2174 = ORIENTED_EDGE ( 'NONE', *, *, #3173, .F. ) ;
#2175 = CYLINDRICAL_SURFACE ( 'NONE', #548, 2.999999999999999112 ) ;
#2176 = ORIENTED_EDGE ( 'NONE', *, *, #1744, .F. ) ;
#2177 = CARTESIAN_POINT ( 'NONE',  ( 2.350480947161670109, -0.9736010864139228449, 3.312500000000000444 ) ) ;
#2178 = CARTESIAN_POINT ( 'NONE',  ( 1.662041016787796810, 1.662041016787796810, 2.374999999999999556 ) ) ;
#2179 = CARTESIAN_POINT ( 'NONE',  ( 0.9736010864139216237, -2.350480947161670109, -3.937500000000000000 ) ) ;
#2180 = CARTESIAN_POINT ( 'NONE',  ( 1.000000000000001998, -1.924264068711936337, 5.709927797833931784 ) ) ;
#2181 = EDGE_CURVE ( 'NONE', #1531, #2266, #159, .T. ) ;
#2182 = CARTESIAN_POINT ( 'NONE',  ( 1.265060653844733762, 3.054126587736527121, 5.968750000000000888 ) ) ;
#2183 = ORIENTED_EDGE ( 'NONE', *, *, #288, .T. ) ;
#2184 = AXIS2_PLACEMENT_3D ( 'NONE', #3062, #877, #1133 ) ;
#2185 = CARTESIAN_POINT ( 'NONE',  ( 2.350480947161670109, 0.9736010864139235110, -3.562500000000000888 ) ) ;
#2186 = DIRECTION ( 'NONE',  ( -0.000000000000000000, -1.836970198721029688E-16, 1.000000000000000000 ) ) ;
#2187 = VERTEX_POINT ( 'NONE', #3169 ) ;
#2188 = CARTESIAN_POINT ( 'NONE',  ( -2.878508968398378757E-16, -2.350480947161669665, 4.124999999999999112 ) ) ;
#2189 = DIRECTION ( 'NONE',  ( 1.000000000000000000, -3.417121234636393471E-15, -1.836970198721035850E-16 ) ) ;
#2190 = CARTESIAN_POINT ( 'NONE',  ( 2.121320343559642829, 2.121320343559642829, 3.999999999999999112 ) ) ;
#2191 = ORIENTED_EDGE ( 'NONE', *, *, #981, .T. ) ;
#2192 = CARTESIAN_POINT ( 'NONE',  ( 2.350480947161670109, 0.9736010864139235110, 5.312500000000001776 ) ) ;
#2193 = ORIENTED_EDGE ( 'NONE', *, *, #3814, .T. ) ;
#2194 = VERTEX_POINT ( 'NONE', #1138 ) ;
#2195 = ORIENTED_EDGE ( 'NONE', *, *, #1053, .T. ) ;
#2196 = CARTESIAN_POINT ( 'NONE',  ( 0.000000000000000000, 3.000000000000000888, -0.8750000000000011102 ) ) ;
#2197 = CARTESIAN_POINT ( 'NONE',  ( -2.121320343559642385, -2.121320343559641053, -3.625000000000000444 ) ) ;
#2198 = CARTESIAN_POINT ( 'NONE',  ( -0.9736010864139225118, -2.350480947161669665, 2.937500000000000000 ) ) ;
#2199 = CARTESIAN_POINT ( 'NONE',  ( 2.159593620790628776, -2.159593620790628776, 2.718750000000000000 ) ) ;
#2200 = EDGE_LOOP ( 'NONE', ( #3150, #1946, #264, #3135 ) ) ;
#2201 = DIRECTION ( 'NONE',  ( -0.000000000000000000, -1.836970198721029688E-16, 1.000000000000000000 ) ) ;
#2202 = DIRECTION ( 'NONE',  ( 0.000000000000000000, 1.836970198721029688E-16, -1.000000000000000000 ) ) ;
#2203 = CONICAL_SURFACE ( 'NONE', #3698, 3.499999999999998668, 0.3490658503988666728 ) ;
#2204 = CARTESIAN_POINT ( 'NONE',  ( -1.662041016787796366, -1.662041016787795256, 1.875000000000000000 ) ) ;
#2205 = CARTESIAN_POINT ( 'NONE',  ( -2.878508968398378757E-16, -2.350480947161669665, -5.000000000000000888 ) ) ;
#2206 = CARTESIAN_POINT ( 'NONE',  ( 0.000000000000000000, 3.000000000000000444, -2.000000000000000000 ) ) ;
#2207 = CARTESIAN_POINT ( 'NONE',  ( 0.000000000000000000, 3.054126587736527565, 5.031250000000000000 ) ) ;
#2208 = CALENDAR_DATE ( 2026, 8, 1 ) ;
#2209 = CARTESIAN_POINT ( 'NONE',  ( -0.9736010864139222898, 2.350480947161671441, -5.312500000000001776 ) ) ;
#2210 = CARTESIAN_POINT ( 'NONE',  ( -0.5970869958228101071, -1.441495523232062759, 9.600000000000001421 ) ) ;
#2211 = AXIS2_PLACEMENT_3D ( 'NONE', #2444, #274, #3797 ) ;
#2212 = ORIENTED_EDGE ( 'NONE', *, *, #2374, .F. ) ;
#2213 = CARTESIAN_POINT ( 'NONE',  ( -2.350480947161670553, 0.9736010864139231780, -3.312500000000000444 ) ) ;
#2214 = CARTESIAN_POINT ( 'NONE',  ( -2.121320343559642385, -2.121320343559641053, -1.625000000000000222 ) ) ;
#2215 = CARTESIAN_POINT ( 'NONE',  ( -1.242640687119285658, -2.999999999999999112, 0.4375000000000004996 ) ) ;
#2216 = ORIENTED_EDGE ( 'NONE', *, *, #1053, .F. ) ;
#2217 = EDGE_CURVE ( 'NONE', #4156, #2266, #1160, .T. ) ;
#2218 = CARTESIAN_POINT ( 'NONE',  ( -0.9736010864139222898, 2.350480947161671441, -4.437500000000001776 ) ) ;
#2219 = ORIENTED_EDGE ( 'NONE', *, *, #2159, .F. ) ;
#2220 = CARTESIAN_POINT ( 'NONE',  ( 2.121320343559642385, -2.121320343559642385, -3.250000000000001332 ) ) ;
#2221 = CARTESIAN_POINT ( 'NONE',  ( -1.894522849892233518, -0.8896129467993353357, 9.524198720165914622 ) ) ;
#2222 = CARTESIAN_POINT ( 'NONE',  ( 2.350480947161670109, 0.9736010864139237331, 1.312499999999999334 ) ) ;
#2223 = CARTESIAN_POINT ( 'NONE',  ( -2.159593620790628776, 2.159593620790630109, 2.218749999999999556 ) ) ;
#2224 = AXIS2_PLACEMENT_3D ( 'NONE', #3431, #1535, #1872 ) ;
#2225 = ORIENTED_EDGE ( 'NONE', *, *, #3293, .F. ) ;
#2226 = ORIENTED_EDGE ( 'NONE', *, *, #3033, .T. ) ;
#2227 = CARTESIAN_POINT ( 'NONE',  ( -0.9076120467488604238, 1.885995725475431151, 9.600000000000001421 ) ) ;
#2228 = CARTESIAN_POINT ( 'NONE',  ( 2.350480947161670109, 0.9736010864139235110, 3.312500000000000444 ) ) ;
#2229 = CARTESIAN_POINT ( 'NONE',  ( 0.000000000000000000, 2.350480947161671441, 4.625000000000000000 ) ) ;
#2230 = CARTESIAN_POINT ( 'NONE',  ( 2.121320343559642829, 2.121320343559642829, -2.125000000000000000 ) ) ;
#2231 = VERTEX_POINT ( 'NONE', #3420 ) ;
#2232 = CARTESIAN_POINT ( 'NONE',  ( -0.9736010864139222898, 2.350480947161671441, -3.312500000000000444 ) ) ;
#2233 = CARTESIAN_POINT ( 'NONE',  ( 0.000000000000000000, 0.000000000000000000, 5.709927797833932672 ) ) ;
#2234 = CARTESIAN_POINT ( 'NONE',  ( 0.000000000000000000, 3.000000000000000444, 1.000000000000000000 ) ) ;
#2235 = ORIENTED_EDGE ( 'NONE', *, *, #3616, .F. ) ;
#2236 = CARTESIAN_POINT ( 'NONE',  ( 2.159593620790628776, -2.159593620790628776, -4.343750000000000000 ) ) ;
#2237 = DIRECTION ( 'NONE',  ( -1.000000000000000000, 0.000000000000000000, 0.000000000000000000 ) ) ;
#2238 = CARTESIAN_POINT ( 'NONE',  ( -0.9699503216438982722, 0.5446109464931331301, 5.709927797833932672 ) ) ;
#2239 = CARTESIAN_POINT ( 'NONE',  ( 3.000000000000009770, 1.242640687119276555, -4.187500000000000888 ) ) ;
#2240 = CARTESIAN_POINT ( 'NONE',  ( -2.350480947161670553, -0.9736010864139212906, 4.812500000000000888 ) ) ;
#2241 = ORIENTED_EDGE ( 'NONE', *, *, #27, .T. ) ;
#2242 = EDGE_CURVE ( 'NONE', #802, #1508, #4104, .T. ) ;
#2243 = CARTESIAN_POINT ( 'NONE',  ( 0.000000000000000000, -2.449293598294706907E-16, 5.000000000000000000 ) ) ;
#2244 = ADVANCED_FACE ( 'NONE', ( #1821 ), #1199, .T. ) ;
#2245 = CARTESIAN_POINT ( 'NONE',  ( 1.662041016787796144, -1.662041016787795922, -4.750000000000000888 ) ) ;
#2246 = CARTESIAN_POINT ( 'NONE',  ( 0.000000000000000000, 2.350480947161671441, 4.500000000000000000 ) ) ;
#2247 = CARTESIAN_POINT ( 'NONE',  ( 0.000000000000000000, 3.000000000000000888, -1.875000000000001332 ) ) ;
#2248 = ORIENTED_EDGE ( 'NONE', *, *, #2581, .T. ) ;
#2249 = B_SPLINE_CURVE_WITH_KNOTS ( 'NONE', 3,
 ( #2949, #3315, #1920, #3875, #1348, #3232, #2994, #65, #3276, #1372, #2269, #5, #3607, #3564, #624, #307, #978, #1603, #2900, #4189, #332, #646, #1311, #2609 ),
 .UNSPECIFIED., .F., .F.,
 ( 4, 2, 2, 2, 2, 2, 2, 2, 2, 2, 2, 4 ),
 ( 0.0006067211157063213218, 0.001397569292940703794, 0.002188417470175086591, 0.002583841558792277556, 0.002979265647409469388, 0.003770113824643851752, 0.004560962001878233682, 0.004956386090495425514, 0.005351810179112617347, 0.005747234267729808312, 0.006142658356346999277, 0.006933506533581380339 ),
 .UNSPECIFIED. ) ;
#2250 = CARTESIAN_POINT ( 'NONE',  ( -1.314301895115936869, 3.173005460241600684, -18.72635058279349707 ) ) ;
#2251 = AXIS2_PLACEMENT_3D ( 'NONE', #3609, #3019, #1039 ) ;
#2252 = CARTESIAN_POINT ( 'NONE',  ( -2.350480947161670553, 1.062410547780433880E-15, 2.750000000000000000 ) ) ;
#2253 = CARTESIAN_POINT ( 'NONE',  ( -2.350480947161670553, -0.9736010864139212906, -5.187500000000001776 ) ) ;
#2254 = CARTESIAN_POINT ( 'NONE',  ( -1.232442334882140056, 1.178322724867537197, 9.600000000000001421 ) ) ;
#2255 = CARTESIAN_POINT ( 'NONE',  ( 2.350480947161670109, -0.9736010864139228449, -4.687500000000000888 ) ) ;
#2256 = AXIS2_PLACEMENT_3D ( 'NONE', #1881, #1005, #363 ) ;
#2257 = CARTESIAN_POINT ( 'NONE',  ( 0.3881832753601818231, -2.914366951845867248, -4.316312961349957789 ) ) ;
#2258 = CARTESIAN_POINT ( 'NONE',  ( -1.242640687119280107, -3.000000000000004441, 1.437500000000001110 ) ) ;
#2259 = CARTESIAN_POINT ( 'NONE',  ( 3.054126587736526677, 3.574511468811600284E-16, -2.218750000000000444 ) ) ;
#2260 = ORIENTED_EDGE ( 'NONE', *, *, #4095, .F. ) ;
#2261 = DIRECTION ( 'NONE',  ( 0.000000000000000000, -3.673940397442059375E-16, 1.000000000000000000 ) ) ;
#2262 = DIRECTION ( 'NONE',  ( -0.000000000000000000, -3.673940397442059375E-16, 1.000000000000000000 ) ) ;
#2263 = CARTESIAN_POINT ( 'NONE',  ( 0.000000000000000000, 3.000000000000000444, -2.000000000000000000 ) ) ;
#2264 = CARTESIAN_POINT ( 'NONE',  ( 0.000000000000000000, 2.350480947161671441, 4.500000000000000000 ) ) ;
#2265 = ORIENTED_EDGE ( 'NONE', *, *, #288, .F. ) ;
#2266 = VERTEX_POINT ( 'NONE', #247 ) ;
#2267 = CARTESIAN_POINT ( 'NONE',  ( -1.178322724867525872, -1.232442334882154267, 9.600000000000001421 ) ) ;
#2268 = CARTESIAN_POINT ( 'NONE',  ( -1.662041016787796366, -1.662041016787795256, 4.875000000000000000 ) ) ;
#2269 = CARTESIAN_POINT ( 'NONE',  ( 2.667315673822587385, -0.6086963780935215063, 4.999999999999998224 ) ) ;
#2270 = ADVANCED_FACE ( 'NONE', ( #3149 ), #1859, .T. ) ;
#2271 = ORIENTED_EDGE ( 'NONE', *, *, #467, .T. ) ;
#2272 = CARTESIAN_POINT ( 'NONE',  ( 0.000000000000000000, 0.000000000000000000, -19.33193437687872773 ) ) ;
#2273 = CARTESIAN_POINT ( 'NONE',  ( 1.265060653844733762, 3.054126587736527121, -3.968750000000001332 ) ) ;
#2274 = CARTESIAN_POINT ( 'NONE',  ( -2.878508968398378757E-16, -2.350480947161669665, -2.000000000000000444 ) ) ;
#2275 = EDGE_CURVE ( 'NONE', #1373, #3391, #7, .T. ) ;
#2276 = CARTESIAN_POINT ( 'NONE',  ( 0.000000000000000000, 1.592040838891558898E-15, -5.000000000000000000 ) ) ;
#2277 = CARTESIAN_POINT ( 'NONE',  ( 0.000000000000000000, 2.350480947161671441, -5.375000000000000000 ) ) ;
#2278 = ORIENTED_EDGE ( 'NONE', *, *, #3693, .T. ) ;
#2279 = CARTESIAN_POINT ( 'NONE',  ( -0.9736010864139222898, 2.350480947161671441, -0.3125000000000002776 ) ) ;
#2280 = AXIS2_PLACEMENT_3D ( 'NONE', #3309, #1688, #2699 ) ;
#2281 = DIRECTION ( 'NONE',  ( 0.000000000000000000, -1.000000000000000000, -2.891205793294679312E-16 ) ) ;
#2282 = CARTESIAN_POINT ( 'NONE',  ( -2.159593620790628776, 2.159593620790630109, -2.843750000000000000 ) ) ;
#2283 = VERTEX_POINT ( 'NONE', #182 ) ;
#2284 = CARTESIAN_POINT ( 'NONE',  ( -0.9736010864139225118, -2.350480947161669665, -5.062500000000001776 ) ) ;
#2285 = CARTESIAN_POINT ( 'NONE',  ( 0.8641082669390762749, -3.315146656056915830, 9.396447866816338035 ) ) ;
#2286 = CARTESIAN_POINT ( 'NONE',  ( -3.673940397442059375E-16, -2.999999999999999112, 3.500000000000000444 ) ) ;
#2287 = CARTESIAN_POINT ( 'NONE',  ( 0.000000000000000000, 2.350480947161671441, 5.499999999999999112 ) ) ;
#2288 = DIRECTION ( 'NONE',  ( 0.000000000000000000, -1.000000000000000000, -2.891205793294679312E-16 ) ) ;
#2289 = CONICAL_SURFACE ( 'NONE', #2894, 0.09999999999999982514, 0.1745329251994333364 ) ;
#2290 = ORIENTED_EDGE ( 'NONE', *, *, #199, .F. ) ;
#2291 = CARTESIAN_POINT ( 'NONE',  ( -0.4300603502285982316, -2.499004714539295957, 6.934839807933943945 ) ) ;
#2292 = CARTESIAN_POINT ( 'NONE',  ( -2.350480947161670553, 1.062410547780433880E-15, -4.125000000000000000 ) ) ;
#2293 = CARTESIAN_POINT ( 'NONE',  ( -1.662041016787796366, -1.662041016787795256, 3.874999999999999112 ) ) ;
#2294 = VERTEX_POINT ( 'NONE', #1500 ) ;
#2295 = LINE ( 'NONE', #2227, #202 ) ;
#2296 = EDGE_CURVE ( 'NONE', #1694, #4045, #4063, .T. ) ;
#2297 = CARTESIAN_POINT ( 'NONE',  ( -1.265060653844732430, -3.054126587736526677, -5.468750000000000000 ) ) ;
#2298 = CARTESIAN_POINT ( 'NONE',  ( -2.350480947161670553, -0.9736010864139212906, -0.1875000000000001665 ) ) ;
#2299 = CARTESIAN_POINT ( 'NONE',  ( 1.441495523232058984, -0.5970869958228167684, 9.600000000000001421 ) ) ;
#2300 = CARTESIAN_POINT ( 'NONE',  ( 0.9736010864139238441, 2.350480947161670997, -2.437500000000000444 ) ) ;
#2301 = EDGE_CURVE ( 'NONE', #1267, #2465, #627, .T. ) ;
#2302 = ADVANCED_FACE ( 'NONE', ( #292 ), #1974, .T. ) ;
#2303 = CARTESIAN_POINT ( 'NONE',  ( 0.9736010864139216237, -2.350480947161670109, 0.1874999999999993339 ) ) ;
#2304 = CARTESIAN_POINT ( 'NONE',  ( -2.999999999999999556, -1.242640687119284104, 1.312500000000000222 ) ) ;
#2305 = CARTESIAN_POINT ( 'NONE',  ( 2.159593620790628776, -2.159593620790628776, -3.343750000000000000 ) ) ;
#2306 = CARTESIAN_POINT ( 'NONE',  ( 1.662041016787796810, 1.662041016787796810, -2.625000000000000444 ) ) ;
#2307 = CARTESIAN_POINT ( 'NONE',  ( -1.836031708935199180, 1.960369620093276533, -4.570178451912131123 ) ) ;
#2308 = FACE_OUTER_BOUND ( 'NONE', #1935, .T. ) ;
#2309 = CARTESIAN_POINT ( 'NONE',  ( 0.9736010864139238441, 2.350480947161670997, -1.562500000000000666 ) ) ;
#2310 = CARTESIAN_POINT ( 'NONE',  ( -1.242640687119285214, 3.000000000000000888, 4.062499999999999112 ) ) ;
#2311 = ORIENTED_EDGE ( 'NONE', *, *, #3844, .F. ) ;
#2312 = CARTESIAN_POINT ( 'NONE',  ( 1.623503712237178265, -0.2739002683744770628, 5.709927797833932672 ) ) ;
#2313 = CARTESIAN_POINT ( 'NONE',  ( 1.662041016787796144, -1.662041016787795922, -3.750000000000000444 ) ) ;
#2314 = ORIENTED_EDGE ( 'NONE', *, *, #2039, .F. ) ;
#2315 = DIRECTION ( 'NONE',  ( -1.000000000000000000, 0.000000000000000000, 0.000000000000000000 ) ) ;
#2316 =( BOUNDED_CURVE ( )  B_SPLINE_CURVE ( 2, ( #3393, #1773, #1129, #2433, #1792, #1472, #3744, #2762, #3430 ),
 .UNSPECIFIED., .F., .F. ) 
 B_SPLINE_CURVE_WITH_KNOTS ( ( 3, 2, 2, 2, 3 ),
 ( 0.1666666666666666574, 0.1770833333333333981, 0.1875000000000000555, 0.1979166666666666852, 0.2083333333333334259 ),
 .UNSPECIFIED. ) 
 CURVE ( )  GEOMETRIC_REPRESENTATION_ITEM ( )  RATIONAL_B_SPLINE_CURVE ( ( 0.9999999999999997780, 0.9238795325112869605, 1.000000000000000000, 0.9238795325112867385, 1.000000000000000000, 0.9238795325112867385, 1.000000000000000000, 0.9238795325112862944, 1.000000000000000444 ) ) 
 REPRESENTATION_ITEM ( '' )  );
#2317 = CARTESIAN_POINT ( 'NONE',  ( -1.178322724867519211, 1.232442334882156709, 9.600000000000001421 ) ) ;
#2318 = CARTESIAN_POINT ( 'NONE',  ( 3.054126587736526677, 3.574511468811600284E-16, -5.156250000000000888 ) ) ;
#2319 = CARTESIAN_POINT ( 'NONE',  ( -2.878508968398378757E-16, -2.350480947161669665, -8.673617379884035472E-16 ) ) ;
#2320 = DIRECTION ( 'NONE',  ( -4.253831224729209212E-16, -0.1736481776669308863, 0.9848077530122080203 ) ) ;
#2321 = CARTESIAN_POINT ( 'NONE',  ( -1.662041016787796144, 1.662041016787797254, -3.250000000000000444 ) ) ;
#2322 = CIRCLE ( 'NONE', #3004, 3.425913082399787868 ) ;
#2323 = CARTESIAN_POINT ( 'NONE',  ( 2.350480947161670553, 4.867087541007580301E-16, 0.3749999999999994449 ) ) ;
#2324 = CARTESIAN_POINT ( 'NONE',  ( 3.673940397442058882E-16, 2.999999999999998668, 5.000000000000000888 ) ) ;
#2325 = CARTESIAN_POINT ( 'NONE',  ( -2.159593620790629220, -2.159593620790628332, -2.593750000000000000 ) ) ;
#2326 = AXIS2_PLACEMENT_3D ( 'NONE', #2338, #3001, #2711 ) ;
#2327 = CARTESIAN_POINT ( 'NONE',  ( 1.662041016787796144, -1.662041016787795922, -0.8750000000000007772 ) ) ;
#2328 = CARTESIAN_POINT ( 'NONE',  ( 2.999999999999999112, -1.242640687119285881, -1.312499999999999778 ) ) ;
#2329 = FACE_OUTER_BOUND ( 'NONE', #1222, .T. ) ;
#2330 = CARTESIAN_POINT ( 'NONE',  ( 0.9736010864139217347, -2.350480947161670109, 0.06249999999999918815 ) ) ;
#2331 = CARTESIAN_POINT ( 'NONE',  ( -2.121320343559641941, 2.121320343559643717, 4.124999999999999112 ) ) ;
#2332 = CARTESIAN_POINT ( 'NONE',  ( 2.350480947161670109, -0.9736010864139228449, -1.687500000000000222 ) ) ;
#2333 = ORIENTED_EDGE ( 'NONE', *, *, #1959, .F. ) ;
#2334 = CARTESIAN_POINT ( 'NONE',  ( -1.265060653844732430, -3.054126587736526677, 5.531249999999998224 ) ) ;
#2335 = CARTESIAN_POINT ( 'NONE',  ( 0.000000000000000000, -8.786840783882259896E-16, 8.449999999999999289 ) ) ;
#2336 = CARTESIAN_POINT ( 'NONE',  ( -3.054126587736527121, 1.265060653844732874, -4.718750000000000888 ) ) ;
#2337 = CARTESIAN_POINT ( 'NONE',  ( 0.000000000000000000, 2.350480947161671441, -2.500000000000000444 ) ) ;
#2338 = CARTESIAN_POINT ( 'NONE',  ( 0.000000000000000000, -2.449293598294706907E-16, 5.000000000000000000 ) ) ;
#2339 = CARTESIAN_POINT ( 'NONE',  ( 0.000000000000000000, 2.350480947161671441, 1.624999999999999778 ) ) ;
#2340 = ORIENTED_EDGE ( 'NONE', *, *, #3460, .F. ) ;
#2341 = EDGE_CURVE ( 'NONE', #1184, #3481, #2567, .T. ) ;
#2342 = CARTESIAN_POINT ( 'NONE',  ( 0.9736010864139238441, 2.350480947161670997, -0.4375000000000003331 ) ) ;
#2343 = CARTESIAN_POINT ( 'NONE',  ( -2.121320343559642385, 2.121320343559643273, 1.249999999999998890 ) ) ;
#2344 = CARTESIAN_POINT ( 'NONE',  ( 1.265060653844733762, 3.054126587736527121, 0.9687500000000000000 ) ) ;
#2345 = EDGE_CURVE ( 'NONE', #1531, #57, #3406, .T. ) ;
#2346 = CARTESIAN_POINT ( 'NONE',  ( -2.350480947161670553, -0.9736010864139212906, -1.187500000000000444 ) ) ;
#2347 = CARTESIAN_POINT ( 'NONE',  ( -0.2140753138541260370, -2.113712102940229549E-15, 5.709927797833932672 ) ) ;
#2348 = CARTESIAN_POINT ( 'NONE',  ( -2.999999999999999556, 1.242640687119286325, 2.187500000000000888 ) ) ;
#2349 = CARTESIAN_POINT ( 'NONE',  ( -2.350480947161670553, -0.9736010864139211796, -3.187500000000000888 ) ) ;
#2350 = DIRECTION ( 'NONE',  ( -0.1736481776669309141, 1.157457987190725352E-16, -0.9848077530122080203 ) ) ;
#2351 = EDGE_CURVE ( 'NONE', #404, #2468, #3803, .T. ) ;
#2352 = CARTESIAN_POINT ( 'NONE',  ( 0.9736010864139238441, 2.350480947161670997, 0.5624999999999996669 ) ) ;
#2353 = ORIENTED_EDGE ( 'NONE', *, *, #1584, .T. ) ;
#2354 = CARTESIAN_POINT ( 'NONE',  ( -3.673940397442059375E-16, -2.999999999999999112, -0.4999999999999994449 ) ) ;
#2355 = DIRECTION ( 'NONE',  ( 1.000000000000000000, 0.000000000000000000, 0.000000000000000000 ) ) ;
#2356 = CARTESIAN_POINT ( 'NONE',  ( -1.265060653844732208, 3.054126587736527565, -2.843750000000001776 ) ) ;
#2357 = CARTESIAN_POINT ( 'NONE',  ( -2.350480947161670553, 0.9736010864139231780, -0.3125000000000002776 ) ) ;
#2358 = DIRECTION ( 'NONE',  ( 0.9848077530122080203, 9.433101650319726888E-18, 0.1736481776669307198 ) ) ;
#2359 = CARTESIAN_POINT ( 'NONE',  ( 2.350480947161670109, -0.9736010864139228449, 0.3124999999999993339 ) ) ;
#2360 = ORIENTED_EDGE ( 'NONE', *, *, #470, .F. ) ;
#2361 = CARTESIAN_POINT ( 'NONE',  ( 1.662041016787796810, 1.662041016787796810, -0.5000000000000004441 ) ) ;
#2362 = DIRECTION ( 'NONE',  ( -1.000000000000000000, 0.000000000000000000, 0.000000000000000000 ) ) ;
#2363 = AXIS2_PLACEMENT_3D ( 'NONE', #47, #1038, #1970 ) ;
#2364 = CARTESIAN_POINT ( 'NONE',  ( -2.159593620790628776, 2.159593620790630109, 0.1562500000000001388 ) ) ;
#2365 = CARTESIAN_POINT ( 'NONE',  ( -0.3603010448715867620, 2.598710045420892900, -4.632765673590729882 ) ) ;
#2366 = PLANE ( 'NONE',  #2542 ) ;
#2367 = CARTESIAN_POINT ( 'NONE',  ( 2.350480947161670109, 0.9736010864139237331, -2.687500000000000444 ) ) ;
#2368 = CARTESIAN_POINT ( 'NONE',  ( 2.999999999999999112, -1.242640687119286103, 1.812499999999998668 ) ) ;
#2369 = CARTESIAN_POINT ( 'NONE',  ( 0.9736010864139238441, 2.350480947161670997, -0.4375000000000003886 ) ) ;
#2370 = VERTEX_POINT ( 'NONE', #1290 ) ;
#2371 = CARTESIAN_POINT ( 'NONE',  ( -1.170207565446102826, 1.229080925788986312, 9.550184678336927746 ) ) ;
#2372 = EDGE_CURVE ( 'NONE', #1371, #1184, #1070, .T. ) ;
#2373 = DIRECTION ( 'NONE',  ( -0.000000000000000000, -1.836970198721029688E-16, 1.000000000000000000 ) ) ;
#2374 = EDGE_CURVE ( 'NONE', #2149, #1789, #3833, .T. ) ;
#2375 = CARTESIAN_POINT ( 'NONE',  ( 3.054126587736526677, 3.574511468811600284E-16, 0.8437499999999990008 ) ) ;
#2376 = CARTESIAN_POINT ( 'NONE',  ( -1.662041016787796144, 1.662041016787797254, 2.624999999999999556 ) ) ;
#2377 = FACE_OUTER_BOUND ( 'NONE', #1139, .T. ) ;
#2378 = CARTESIAN_POINT ( 'NONE',  ( -1.662041016787796366, -1.662041016787795256, 1.000000000000000000 ) ) ;
#2379 = CARTESIAN_POINT ( 'NONE',  ( -2.350480947161670553, 0.9736010864139231780, 2.812500000000000000 ) ) ;
#2380 = CARTESIAN_POINT ( 'NONE',  ( 1.180674525152938994E-11, 2.603765877364838666, -4.646234122635158670 ) ) ;
#2381 = CARTESIAN_POINT ( 'NONE',  ( -3.054126587736527121, -1.265060653844730876, 1.343750000000000444 ) ) ;
#2382 = TOROIDAL_SURFACE ( 'NONE', #680, 4.945794552264513477, 0.9200000000000012612 ) ;
#2383 = CARTESIAN_POINT ( 'NONE',  ( -1.230022948704182939, 2.357013499546807722, -4.597442226344141680 ) ) ;
#2384 = CARTESIAN_POINT ( 'NONE',  ( -0.9736010864139225118, -2.350480947161669665, -2.062500000000000444 ) ) ;
#2385 = CARTESIAN_POINT ( 'NONE',  ( 2.121320343559642829, 2.121320343559642829, 1.999999999999998668 ) ) ;
#2386 = PRODUCT_DEFINITION_FORMATION_WITH_SPECIFIED_SOURCE ( 'ANY', '', #3140, .NOT_KNOWN. ) ;
#2387 = COORDINATED_UNIVERSAL_TIME_OFFSET ( 6, 0, .BEHIND. ) ;
#2388 = CARTESIAN_POINT ( 'NONE',  ( -0.9736010864139225118, -2.350480947161669665, -0.9375000000000000000 ) ) ;
#2389 = ORIENTED_EDGE ( 'NONE', *, *, #3054, .T. ) ;
#2390 = CARTESIAN_POINT ( 'NONE',  ( -1.222161061795157710, 1.173320811696938692, 9.550352266878380902 ) ) ;
#2391 = EDGE_CURVE ( 'NONE', #3484, #1390, #1991, .T. ) ;
#2392 = CARTESIAN_POINT ( 'NONE',  ( 0.000000000000000000, -2.449293598294706907E-16, 5.000000000000000000 ) ) ;
#2393 = CIRCLE ( 'NONE', #2937, 2.084129509265169489 ) ;
#2394 =( BOUNDED_CURVE ( )  B_SPLINE_CURVE ( 2, ( #4033, #1060, #3058, #3335, #474, #3018, #2725, #1452, #2354 ),
 .UNSPECIFIED., .F., .F. ) 
 B_SPLINE_CURVE_WITH_KNOTS ( ( 3, 2, 2, 2, 3 ),
 ( 0.5833333333333333703, 0.5937500000000001110, 0.6041666666666667407, 0.6145833333333332593, 0.6250000000000000000 ),
 .UNSPECIFIED. ) 
 CURVE ( )  GEOMETRIC_REPRESENTATION_ITEM ( )  RATIONAL_B_SPLINE_CURVE ( ( 0.9999999999999992228, 0.9238795325112875156, 1.000000000000000000, 0.9238795325112867385, 1.000000000000000000, 0.9238795325112867385, 1.000000000000000000, 0.9238795325112867385, 1.000000000000000000 ) ) 
 REPRESENTATION_ITEM ( '' )  );
#2395 = CARTESIAN_POINT ( 'NONE',  ( 1.265060653844733762, 3.054126587736527121, -1.968750000000000888 ) ) ;
#2396 = EDGE_CURVE ( 'NONE', #3549, #1202, #2115, .T. ) ;
#2397 = CARTESIAN_POINT ( 'NONE',  ( 0.000000000000000000, 2.350480947161671441, 3.500000000000000444 ) ) ;
#2398 = CARTESIAN_POINT ( 'NONE',  ( 0.000000000000000000, -2.449293598294706907E-16, 5.000000000000000000 ) ) ;
#2399 = CARTESIAN_POINT ( 'NONE',  ( 2.350480947161670553, 4.867087541007580301E-16, 1.374999999999999556 ) ) ;
#2400 = EDGE_CURVE ( 'NONE', #2187, #4026, #1491, .T. ) ;
#2401 = CARTESIAN_POINT ( 'NONE',  ( 1.662041016787796810, 1.662041016787796810, 2.499999999999999556 ) ) ;
#2402 = DIRECTION ( 'NONE',  ( -0.000000000000000000, -1.836970198721029688E-16, 1.000000000000000000 ) ) ;
#2403 = CARTESIAN_POINT ( 'NONE',  ( -3.054126587736527121, -1.265060653844730876, 0.3437500000000002776 ) ) ;
#2404 = CARTESIAN_POINT ( 'NONE',  ( 2.121320343559642829, 2.121320343559642829, 3.000000000000000000 ) ) ;
#2405 = CARTESIAN_POINT ( 'NONE',  ( -1.662041016787796366, -1.662041016787795256, 0.8749999999999998890 ) ) ;
#2406 = CARTESIAN_POINT ( 'NONE',  ( 0.8953788520239548410, -1.880928570309215786, 9.524905907753261403 ) ) ;
#2407 = CARTESIAN_POINT ( 'NONE',  ( -0.9736010864139225118, -2.350480947161669665, 0.06250000000000005551 ) ) ;
#2408 = ORIENTED_EDGE ( 'NONE', *, *, #758, .F. ) ;
#2409 = LINE ( 'NONE', #3977, #1269 ) ;
#2410 = AXIS2_PLACEMENT_3D ( 'NONE', #593, #1890, #2825 ) ;
#2411 = ORIENTED_EDGE ( 'NONE', *, *, #2946, .F. ) ;
#2412 = CARTESIAN_POINT ( 'NONE',  ( -1.441495523232057208, -0.5970869958228192109, 9.600000000000001421 ) ) ;
#2413 = CARTESIAN_POINT ( 'NONE',  ( -3.054126587736526677, 1.105496416853632984E-15, -2.656250000000000444 ) ) ;
#2414 = CARTESIAN_POINT ( 'NONE',  ( -0.9736010864139222898, 2.350480947161671441, 3.562499999999998668 ) ) ;
#2415 = DIRECTION ( 'NONE',  ( -0.000000000000000000, -1.836970198721029688E-16, 1.000000000000000000 ) ) ;
#2416 = EDGE_CURVE ( 'NONE', #1604, #35, #960, .T. ) ;
#2417 = CARTESIAN_POINT ( 'NONE',  ( -2.878508968398378757E-16, -2.350480947161669665, 2.124999999999999112 ) ) ;
#2418 = CARTESIAN_POINT ( 'NONE',  ( 2.350480947161670109, -0.9736010864139228449, -1.812500000000000444 ) ) ;
#2419 = CARTESIAN_POINT ( 'NONE',  ( -2.350480947161670553, 1.062410547780433880E-15, 2.875000000000000000 ) ) ;
#2420 = DIRECTION ( 'NONE',  ( -1.027398192157653004E-14, -0.9848077530122081313, 0.1736481776669305532 ) ) ;
#2421 = ORIENTED_EDGE ( 'NONE', *, *, #3148, .F. ) ;
#2422 = EDGE_CURVE ( 'NONE', #2055, #2149, #1929, .T. ) ;
#2423 = CARTESIAN_POINT ( 'NONE',  ( -3.054126587736527121, -1.265060653844730876, 2.343750000000000444 ) ) ;
#2424 = VECTOR ( 'NONE', #2130, 1000.000000000000000 ) ;
#2425 = ADVANCED_FACE ( 'NONE', ( #2907 ), #3259, .T. ) ;
#2426 = LINE ( 'NONE', #1466, #3174 ) ;
#2427 = AXIS2_PLACEMENT_3D ( 'NONE', #4067, #487, #3423 ) ;
#2428 = CARTESIAN_POINT ( 'NONE',  ( 0.8863044580934453798, -1.924264068711936781, 9.522328722175538829 ) ) ;
#2429 = CARTESIAN_POINT ( 'NONE',  ( -0.9736010864139222898, 2.350480947161671441, 0.6874999999999997780 ) ) ;
#2430 = ORIENTED_EDGE ( 'NONE', *, *, #1899, .F. ) ;
#2431 = LINE ( 'NONE', #3722, #4179 ) ;
#2432 = ORIENTED_EDGE ( 'NONE', *, *, #2422, .F. ) ;
#2433 = CARTESIAN_POINT ( 'NONE',  ( 2.999999999999999556, 1.242640687119286769, 4.812500000000000888 ) ) ;
#2434 = CARTESIAN_POINT ( 'NONE',  ( 3.054126587736527121, 1.265060653844733318, -1.093750000000000888 ) ) ;
#2435 = CARTESIAN_POINT ( 'NONE',  ( 2.350480947161670109, -0.9736010864139228449, 3.187500000000000000 ) ) ;
#2436 = ORIENTED_EDGE ( 'NONE', *, *, #266, .T. ) ;
#2437 = DIRECTION ( 'NONE',  ( -1.000000000000000000, 0.000000000000000000, 0.000000000000000000 ) ) ;
#2438 = CARTESIAN_POINT ( 'NONE',  ( 2.350480947161670553, 4.867087541007580301E-16, 5.375000000000000000 ) ) ;
#2439 = CARTESIAN_POINT ( 'NONE',  ( -1.662041016787796144, 1.662041016787797254, -0.3750000000000003331 ) ) ;
#2440 = CARTESIAN_POINT ( 'NONE',  ( 0.000000000000000000, 2.350480947161671441, 3.625000000000000444 ) ) ;
#2441 = CARTESIAN_POINT ( 'NONE',  ( -1.242640687119285214, 3.000000000000000888, 3.062500000000000888 ) ) ;
#2442 = CARTESIAN_POINT ( 'NONE',  ( 3.054126587736526677, -1.265060653844732652, 3.718750000000000888 ) ) ;
#2443 = CARTESIAN_POINT ( 'NONE',  ( 3.000000000000000000, 3.673940397442059375E-16, 2.874999999999999556 ) ) ;
#2444 = CARTESIAN_POINT ( 'NONE',  ( 0.000000000000000000, -3.753409806159286637E-16, 5.709927797833931784 ) ) ;
#2445 = VECTOR ( 'NONE', #2512, 1000.000000000000000 ) ;
#2446 = CARTESIAN_POINT ( 'NONE',  ( -2.878508968398378757E-16, -2.350480947161669665, 3.125000000000000000 ) ) ;
#2447 = CARTESIAN_POINT ( 'NONE',  ( -1.924264068711931674, -1.000000000000009770, 5.709927797833932672 ) ) ;
#2448 = CARTESIAN_POINT ( 'NONE',  ( 0.000000000000000000, -2.999999999999999556, 4.999999999999999112 ) ) ;
#2449 = ORIENTED_EDGE ( 'NONE', *, *, #1143, .F. ) ;
#2450 = DIRECTION ( 'NONE',  ( 0.000000000000000000, -1.000000000000000000, -2.891205793294679312E-16 ) ) ;
#2451 = CARTESIAN_POINT ( 'NONE',  ( 2.121320343559642829, 2.121320343559642829, -4.000000000000001776 ) ) ;
#2452 = CARTESIAN_POINT ( 'NONE',  ( 3.054126587736526677, 3.574511468811600284E-16, -2.156250000000000888 ) ) ;
#2453 = CARTESIAN_POINT ( 'NONE',  ( -2.350480947161670553, 1.062410547780433880E-15, 2.750000000000000000 ) ) ;
#2454 = DIRECTION ( 'NONE',  ( 0.000000000000000000, 1.000000000000000000, 1.445602896647338917E-16 ) ) ;
#2455 = CARTESIAN_POINT ( 'NONE',  ( -1.662041016787796144, 1.662041016787797254, 5.749999999999999112 ) ) ;
#2456 = CARTESIAN_POINT ( 'NONE',  ( 2.350480947161670109, 0.9736010864139235110, 1.312499999999999556 ) ) ;
#2457 = CARTESIAN_POINT ( 'NONE',  ( 0.9736010864139216237, -2.350480947161670109, 1.187499999999999334 ) ) ;
#2458 = DIRECTION ( 'NONE',  ( -1.836970198721029688E-16, 1.836970198721036097E-16, -1.000000000000000000 ) ) ;
#2459 = VERTEX_POINT ( 'NONE', #3690 ) ;
#2460 = CARTESIAN_POINT ( 'NONE',  ( -3.054126587736526677, 1.105496416853632984E-15, 5.281250000000000000 ) ) ;
#2461 = CARTESIAN_POINT ( 'NONE',  ( 0.9699503216439020470, -0.5446109464931284672, 5.709927797833932672 ) ) ;
#2462 = CARTESIAN_POINT ( 'NONE',  ( -3.425913082399787424, -3.452198941035513809E-15, 9.396447866816426853 ) ) ;
#2463 = ADVANCED_FACE ( 'NONE', ( #92 ), #772, .T. ) ;
#2464 = DIRECTION ( 'NONE',  ( -0.06645228065352327962, 0.1604299972043613798, -0.9848077530122080203 ) ) ;
#2465 = VERTEX_POINT ( 'NONE', #2079 ) ;
#2466 = CARTESIAN_POINT ( 'NONE',  ( -3.673940397442059375E-16, -2.999999999999999112, 1.500000000000000666 ) ) ;
#2467 = EDGE_LOOP ( 'NONE', ( #3732, #3384, #2278, #1379 ) ) ;
#2468 = VERTEX_POINT ( 'NONE', #3636 ) ;
#2469 = CARTESIAN_POINT ( 'NONE',  ( 0.4300603502285982871, 2.499004714539293293, 6.934839807933945721 ) ) ;
#2470 = ADVANCED_FACE ( 'NONE', ( #52 ), #2660, .T. ) ;
#2471 = DIRECTION ( 'NONE',  ( 0.000000000000000000, 0.000000000000000000, 1.000000000000000000 ) ) ;
#2472 = CARTESIAN_POINT ( 'NONE',  ( -3.054126587736527121, 1.265060653844732874, 1.281249999999999334 ) ) ;
#2473 = CIRCLE ( 'NONE', #996, 0.9200000000000015943 ) ;
#2474 = LINE ( 'NONE', #1153, #2664 ) ;
#2475 = CARTESIAN_POINT ( 'NONE',  ( 1.662041016787796144, -1.662041016787795922, 5.250000000000000000 ) ) ;
#2476 = CARTESIAN_POINT ( 'NONE',  ( 0.9736010864139216237, -2.350480947161670109, 3.062500000000000000 ) ) ;
#2477 = CARTESIAN_POINT ( 'NONE',  ( 1.662041016787796810, 1.662041016787796810, 5.500000000000000888 ) ) ;
#2478 = CARTESIAN_POINT ( 'NONE',  ( 1.170207565446111264, -1.229080925788981427, 9.550184678336927746 ) ) ;
#2479 = VECTOR ( 'NONE', #2186, 1000.000000000000000 ) ;
#2480 = CARTESIAN_POINT ( 'NONE',  ( 3.054126587736527121, 1.265060653844733318, 2.843750000000000000 ) ) ;
#2481 = ORIENTED_EDGE ( 'NONE', *, *, #2396, .T. ) ;
#2482 = CARTESIAN_POINT ( 'NONE',  ( -3.673940397442059375E-16, -2.999999999999999112, -2.375000000000001332 ) ) ;
#2483 = CARTESIAN_POINT ( 'NONE',  ( 3.000000000000000000, 3.673940397442060361E-16, 1.750000000000000000 ) ) ;
#2484 = AXIS2_PLACEMENT_3D ( 'NONE', #2513, #2471, #217 ) ;
#2485 = CARTESIAN_POINT ( 'NONE',  ( -1.662041016787796366, -1.662041016787795256, 5.000000000000000000 ) ) ;
#2486 = VERTEX_POINT ( 'NONE', #441 ) ;
#2487 = CARTESIAN_POINT ( 'NONE',  ( -3.673940397442059375E-16, -2.999999999999999112, 2.500000000000000000 ) ) ;
#2488 = ORIENTED_EDGE ( 'NONE', *, *, #266, .F. ) ;
#2489 = ORIENTED_EDGE ( 'NONE', *, *, #2374, .T. ) ;
#2490 = AXIS2_PLACEMENT_3D ( 'NONE', #3587, #1673, #953 ) ;
#2491 = FACE_OUTER_BOUND ( 'NONE', #571, .T. ) ;
#2492 = DIRECTION ( 'NONE',  ( 0.000000000000000000, 3.673940397442059375E-16, -1.000000000000000000 ) ) ;
#2493 = CARTESIAN_POINT ( 'NONE',  ( -1.265060653844732208, 3.054126587736527565, 3.156249999999998224 ) ) ;
#2494 = ADVANCED_FACE ( 'NONE', ( #2377 ), #1398, .T. ) ;
#2495 = EDGE_CURVE ( 'NONE', #465, #849, #2652, .T. ) ;
#2496 = EDGE_LOOP ( 'NONE', ( #2193, #512, #2884, #2868 ) ) ;
#2497 = DIRECTION ( 'NONE',  ( -0.9238795325112915124, -0.3826834323650782910, -2.400117229230475303E-16 ) ) ;
#2498 = CARTESIAN_POINT ( 'NONE',  ( -0.9736010864139222898, 2.350480947161671441, 2.687500000000000000 ) ) ;
#2499 = CARTESIAN_POINT ( 'NONE',  ( -1.662041016787796144, 1.662041016787797254, 4.625000000000000000 ) ) ;
#2500 = CARTESIAN_POINT ( 'NONE',  ( 2.350480947161670109, 0.9736010864139235110, -4.687500000000000888 ) ) ;
#2501 = CARTESIAN_POINT ( 'NONE',  ( 0.000000000000000000, -2.449293598294706907E-16, 5.000000000000000000 ) ) ;
#2502 = CARTESIAN_POINT ( 'NONE',  ( 0.000000000000000000, 3.054126587736527565, 3.031250000000000000 ) ) ;
#2503 = CARTESIAN_POINT ( 'NONE',  ( 1.242640687119284770, -2.999999999999999556, -3.437500000000000000 ) ) ;
#2504 = CARTESIAN_POINT ( 'NONE',  ( 1.242640687119289655, -2.999999999999994671, 1.562500000000000000 ) ) ;
#2505 = B_SPLINE_CURVE_WITH_KNOTS ( 'NONE', 3,
 ( #1148, #493, #2469, #792 ),
 .UNSPECIFIED., .F., .F.,
 ( 4, 4 ),
 ( 0.02552814494913629301, 0.02947233068991247928 ),
 .UNSPECIFIED. ) ;
#2506 = ORIENTED_EDGE ( 'NONE', *, *, #2726, .F. ) ;
#2507 = CARTESIAN_POINT ( 'NONE',  ( -1.662041016787796144, 1.662041016787797254, 4.750000000000000000 ) ) ;
#2508 = CARTESIAN_POINT ( 'NONE',  ( 2.073105779112137004, -0.2140753138541341694, 5.709927797833932672 ) ) ;
#2509 = CARTESIAN_POINT ( 'NONE',  ( 1.229080925788977874, -1.170207565446115705, 9.550184678336927746 ) ) ;
#2510 = AXIS2_PLACEMENT_3D ( 'NONE', #3941, #3336, #3355 ) ;
#2511 = ORIENTED_EDGE ( 'NONE', *, *, #80, .F. ) ;
#2512 = DIRECTION ( 'NONE',  ( 0.1604299972043610745, 0.06645228065352380697, -0.9848077530122080203 ) ) ;
#2513 = CARTESIAN_POINT ( 'NONE',  ( 0.000000000000000000, 0.000000000000000000, 9.600000000000001421 ) ) ;
#2514 = ADVANCED_FACE ( 'NONE', ( #3041 ), #1023, .T. ) ;
#2515 = CARTESIAN_POINT ( 'NONE',  ( -1.265060653844732430, -3.054126587736526677, 1.531249999999999556 ) ) ;
#2516 = ORIENTED_EDGE ( 'NONE', *, *, #3674, .T. ) ;
#2517 = FACE_OUTER_BOUND ( 'NONE', #3757, .T. ) ;
#2518 = FACE_OUTER_BOUND ( 'NONE', #1487, .T. ) ;
#2519 = VECTOR ( 'NONE', #3675, 1000.000000000000000 ) ;
#2520 = CARTESIAN_POINT ( 'NONE',  ( -0.9736010864139225118, -2.350480947161669665, 1.937500000000000000 ) ) ;
#2521 = CARTESIAN_POINT ( 'NONE',  ( 0.000000000000000000, 2.350480947161671441, 6.625000000000000000 ) ) ;
#2522 = CARTESIAN_POINT ( 'NONE',  ( 0.000000000000000000, 3.000000000000000888, 2.124999999999998668 ) ) ;
#2523 = ORIENTED_EDGE ( 'NONE', *, *, #2679, .T. ) ;
#2524 = CARTESIAN_POINT ( 'NONE',  ( 3.054126587736526677, -1.265060653844732652, 6.718749999999999112 ) ) ;
#2525 = AXIS2_PLACEMENT_3D ( 'NONE', #1214, #373, #2288 ) ;
#2526 = EDGE_CURVE ( 'NONE', #2459, #1078, #420, .T. ) ;
#2527 =( BOUNDED_CURVE ( )  B_SPLINE_CURVE ( 2, ( #550, #1231, #3742, #1488, #3801, #831, #2190, #2843, #3778 ),
 .UNSPECIFIED., .F., .F. ) 
 B_SPLINE_CURVE_WITH_KNOTS ( ( 3, 2, 2, 2, 3 ),
 ( 0.7916666666666666297, 0.8020833333333332593, 0.8124999999999998890, 0.8229166666666665186, 0.8333333333333331483 ),
 .UNSPECIFIED. ) 
 CURVE ( )  GEOMETRIC_REPRESENTATION_ITEM ( )  RATIONAL_B_SPLINE_CURVE ( ( 1.000000000000000000, 0.9238795325112867385, 1.000000000000000000, 0.9238795325112867385, 1.000000000000000000, 0.9238795325112867385, 1.000000000000000000, 0.9238795325112884038, 0.9999999999999983347 ) ) 
 REPRESENTATION_ITEM ( '' )  );
#2528 = CARTESIAN_POINT ( 'NONE',  ( -2.350480947161670553, -0.9736010864139212906, -5.062500000000001776 ) ) ;
#2529 = LINE ( 'NONE', #3736, #2479 ) ;
#2530 = ORIENTED_EDGE ( 'NONE', *, *, #401, .F. ) ;
#2531 = CARTESIAN_POINT ( 'NONE',  ( -0.9736010864139222898, 2.350480947161671441, -5.437500000000001776 ) ) ;
#2532 = CARTESIAN_POINT ( 'NONE',  ( 3.000000000000000000, 3.673940397442059375E-16, -1.125000000000001332 ) ) ;
#2533 = CARTESIAN_POINT ( 'NONE',  ( 2.999999999999999556, 1.242640687119286769, 2.812500000000000000 ) ) ;
#2534 = CARTESIAN_POINT ( 'NONE',  ( 1.662041016787796810, 1.662041016787796810, 5.375000000000000000 ) ) ;
#2535 = ORIENTED_EDGE ( 'NONE', *, *, #3006, .F. ) ;
#2536 = DIRECTION ( 'NONE',  ( 0.000000000000000000, -3.673940397442059375E-16, 1.000000000000000000 ) ) ;
#2537 = CARTESIAN_POINT ( 'NONE',  ( 3.000000000000000000, 3.673940397442059375E-16, -4.125000000000000888 ) ) ;
#2538 = CARTESIAN_POINT ( 'NONE',  ( 0.9736010864139217347, -2.350480947161670109, 4.062499999999999112 ) ) ;
#2539 = CARTESIAN_POINT ( 'NONE',  ( 1.265060653844731542, -3.054126587736527121, 4.656249999999999112 ) ) ;
#2540 = VERTEX_POINT ( 'NONE', #2018 ) ;
#2541 = CARTESIAN_POINT ( 'NONE',  ( 0.000000000000000000, 3.000000000000000444, -3.000000000000000000 ) ) ;
#2542 = AXIS2_PLACEMENT_3D ( 'NONE', #3991, #1052, #60 ) ;
#2543 = CARTESIAN_POINT ( 'NONE',  ( 2.350480947161670109, -0.9736010864139228449, 3.187500000000000000 ) ) ;
#2544 = CARTESIAN_POINT ( 'NONE',  ( -2.350480947161670553, 1.062410547780433880E-15, -5.250000000000000000 ) ) ;
#2545 = CARTESIAN_POINT ( 'NONE',  ( 1.924264068711933895, -0.8863044580934519301, 9.522328722175538829 ) ) ;
#2546 = CARTESIAN_POINT ( 'NONE',  ( -2.350480947161670553, 0.9736010864139231780, -4.187500000000000000 ) ) ;
#2547 = CARTESIAN_POINT ( 'NONE',  ( -1.662041016787796144, 1.662041016787797254, -4.250000000000000000 ) ) ;
#2548 = ADVANCED_FACE ( 'NONE', ( #4004 ), #1102, .T. ) ;
#2549 = CARTESIAN_POINT ( 'NONE',  ( -3.000000000000000000, 1.102182119232617714E-15, 1.250000000000000222 ) ) ;
#2550 = CARTESIAN_POINT ( 'NONE',  ( 1.265060653844731542, -3.054126587736527121, -3.406250000000000000 ) ) ;
#2551 = EDGE_CURVE ( 'NONE', #2669, #900, #71, .T. ) ;
#2552 =( BOUNDED_CURVE ( )  B_SPLINE_CURVE ( 2, ( #3660, #2715, #55, #3383, #464, #1423, #699 ),
 .UNSPECIFIED., .F., .F. ) 
 B_SPLINE_CURVE_WITH_KNOTS ( ( 3, 2, 2, 3 ),
 ( 0.8750000000000000000, 0.8854166666666666297, 0.8958333333333333703, 0.9062500000000000000 ),
 .UNSPECIFIED. ) 
 CURVE ( )  GEOMETRIC_REPRESENTATION_ITEM ( )  RATIONAL_B_SPLINE_CURVE ( ( 1.000000000000000000, 0.9238795325112867385, 1.000000000000000000, 0.9238795325112867385, 1.000000000000000000, 0.9238795325112867385, 1.000000000000000000 ) ) 
 REPRESENTATION_ITEM ( '' )  );
#2553 = ORIENTED_EDGE ( 'NONE', *, *, #2849, .T. ) ;
#2554 = CARTESIAN_POINT ( 'NONE',  ( 0.000000000000000000, 2.350480947161671441, -3.500000000000000444 ) ) ;
#2555 = CARTESIAN_POINT ( 'NONE',  ( -0.3597784411720715281, -2.908969851006685925, -4.341030148995358218 ) ) ;
#2556 = CARTESIAN_POINT ( 'NONE',  ( -2.999999999999999556, -1.242640687119284104, -0.6874999999999997780 ) ) ;
#2557 = CARTESIAN_POINT ( 'NONE',  ( 1.662041016787796810, 1.662041016787796810, -3.625000000000000444 ) ) ;
#2558 = ORIENTED_EDGE ( 'NONE', *, *, #855, .T. ) ;
#2559 = CARTESIAN_POINT ( 'NONE',  ( -0.2140753138541258982, -2.073105779112138780, 5.709927797833931784 ) ) ;
#2560 = CARTESIAN_POINT ( 'NONE',  ( -2.878508968398378757E-16, -2.350480947161669665, -4.875000000000000888 ) ) ;
#2561 = CARTESIAN_POINT ( 'NONE',  ( 2.350480947161670553, 4.867087541007580301E-16, 4.249999999999999112 ) ) ;
#2562 = CARTESIAN_POINT ( 'NONE',  ( -3.054126587736527121, -1.265060653844730876, 1.406249999999999556 ) ) ;
#2563 = EDGE_LOOP ( 'NONE', ( #414, #3118, #3854, #286 ) ) ;
#2564 = DIRECTION ( 'NONE',  ( 0.000000000000000000, -1.000000000000000000, -2.891205793294679312E-16 ) ) ;
#2565 = CARTESIAN_POINT ( 'NONE',  ( 0.000000000000000000, 2.350480947161671441, 4.500000000000000000 ) ) ;
#2566 = CARTESIAN_POINT ( 'NONE',  ( -2.350480947161670553, 1.062410547780433880E-15, 4.875000000000000000 ) ) ;
#2567 = LINE ( 'NONE', #2614, #4134 ) ;
#2568 = CARTESIAN_POINT ( 'NONE',  ( -2.878508968398378757E-16, -2.350480947161669665, -3.875000000000000444 ) ) ;
#2569 = VERTEX_POINT ( 'NONE', #33 ) ;
#2570 = CARTESIAN_POINT ( 'NONE',  ( 1.319532734754138792, -2.664822680495483098, -4.282653569260780557 ) ) ;
#2571 = DIRECTION ( 'NONE',  ( -0.000000000000000000, -0.000000000000000000, -1.000000000000000000 ) ) ;
#2572 = CARTESIAN_POINT ( 'NONE',  ( -2.159593620790629220, -2.159593620790628332, -3.593750000000000000 ) ) ;
#2573 = ORIENTED_EDGE ( 'NONE', *, *, #3674, .F. ) ;
#2574 = CARTESIAN_POINT ( 'NONE',  ( -1.662041016787796366, -1.662041016787795256, -5.125000000000000000 ) ) ;
#2575 = CARTESIAN_POINT ( 'NONE',  ( 3.168637469950459450E-16, 2.249999999999996891, -5.000000000000000000 ) ) ;
#2576 = CARTESIAN_POINT ( 'NONE',  ( -2.121320343559642385, -2.121320343559641053, -0.6249999999999996669 ) ) ;
#2577 = CARTESIAN_POINT ( 'NONE',  ( 2.350480947161670109, -0.9736010864139228449, 5.187500000000001776 ) ) ;
#2578 = ORIENTED_EDGE ( 'NONE', *, *, #1101, .F. ) ;
#2579 = ORIENTED_EDGE ( 'NONE', *, *, #1461, .T. ) ;
#2580 = CARTESIAN_POINT ( 'NONE',  ( 0.000000000000000000, -3.526982781544377710E-15, 9.600000000000001421 ) ) ;
#2581 = EDGE_CURVE ( 'NONE', #1390, #1208, #3350, .T. ) ;
#2582 = CARTESIAN_POINT ( 'NONE',  ( 1.242640687119297649, 2.999999999999990230, 1.062499999999998446 ) ) ;
#2583 = CARTESIAN_POINT ( 'NONE',  ( -2.878508968398378757E-16, -2.350480947161669665, 1.999999999999999112 ) ) ;
#2584 = CARTESIAN_POINT ( 'NONE',  ( -2.121320343559642385, -2.121320343559641497, -1.500000000000000666 ) ) ;
#2585 = ORIENTED_EDGE ( 'NONE', *, *, #827, .F. ) ;
#2586 = DIRECTION ( 'NONE',  ( 0.1736481776669309141, -9.665120436649156595E-16, -0.9848077530122080203 ) ) ;
#2587 = CIRCLE ( 'NONE', #3133, 0.7859246861458737410 ) ;
#2588 = CARTESIAN_POINT ( 'NONE',  ( -2.159593620790629220, -2.159593620790628332, -5.531250000000000888 ) ) ;
#2589 = CARTESIAN_POINT ( 'NONE',  ( 2.350480947161670553, 4.867087541007580301E-16, -2.750000000000000888 ) ) ;
#2590 = CARTESIAN_POINT ( 'NONE',  ( 2.999999999999999112, -1.242640687119285881, -2.312500000000000888 ) ) ;
#2591 = LOCAL_TIME ( 4, 27, 56.00000000000000000, #3753 ) ;
#2592 = CARTESIAN_POINT ( 'NONE',  ( 0.9736010864139216237, -2.350480947161670109, -1.812500000000000444 ) ) ;
#2593 = EDGE_LOOP ( 'NONE', ( #534, #2032, #1624, #2430 ) ) ;
#2594 = VECTOR ( 'NONE', #313, 1000.000000000000000 ) ;
#2595 = CARTESIAN_POINT ( 'NONE',  ( 0.9736010864139216237, -2.350480947161670109, -3.812500000000000444 ) ) ;
#2596 = FACE_OUTER_BOUND ( 'NONE', #108, .T. ) ;
#2597 = CARTESIAN_POINT ( 'NONE',  ( 0.000000000000000000, 3.054126587736527565, -2.968750000000000000 ) ) ;
#2598 = AXIS2_PLACEMENT_3D ( 'NONE', #4038, #1835, #133 ) ;
#2599 = ORIENTED_EDGE ( 'NONE', *, *, #397, .F. ) ;
#2600 = CARTESIAN_POINT ( 'NONE',  ( -1.662041016787796144, 1.662041016787797254, -4.375000000000000000 ) ) ;
#2601 = CARTESIAN_POINT ( 'NONE',  ( -1.880928570309206460, 0.8953788520239707172, 9.524905907753261403 ) ) ;
#2602 = ORIENTED_EDGE ( 'NONE', *, *, #1641, .F. ) ;
#2603 = CARTESIAN_POINT ( 'NONE',  ( 1.662041016787796810, 1.662041016787796810, 6.375000000000000000 ) ) ;
#2604 = LINE ( 'NONE', #3914, #3546 ) ;
#2605 = VERTEX_POINT ( 'NONE', #1999 ) ;
#2606 = CARTESIAN_POINT ( 'NONE',  ( -0.9999999999999885647, 1.924264068711941000, 5.709927797833932672 ) ) ;
#2607 = CARTESIAN_POINT ( 'NONE',  ( -0.1860697341849813224, -2.350480947161670109, -4.886944685096231034 ) ) ;
#2608 = CARTESIAN_POINT ( 'NONE',  ( -2.350480947161670553, 1.062410547780433880E-15, 2.750000000000000000 ) ) ;
#2609 = CARTESIAN_POINT ( 'NONE',  ( -2.878508968398378757E-16, -2.350480947161669665, 5.000000000000000000 ) ) ;
#2610 = CARTESIAN_POINT ( 'NONE',  ( 0.000000000000000000, 2.350480947161671441, 6.625000000000000000 ) ) ;
#2611 = EDGE_CURVE ( 'NONE', #204, #955, #811, .T. ) ;
#2612 = CARTESIAN_POINT ( 'NONE',  ( 2.350480947161670109, -0.9736010864139228449, 6.187500000000000000 ) ) ;
#2613 = CARTESIAN_POINT ( 'NONE',  ( -2.350480947161670553, 1.062410547780433880E-15, -1.250000000000000222 ) ) ;
#2614 = CARTESIAN_POINT ( 'NONE',  ( 0.000000000000000000, -2.999999999999999556, 4.999999999999999112 ) ) ;
#2615 = CARTESIAN_POINT ( 'NONE',  ( 0.9736010864139238441, 2.350480947161670997, -3.437500000000000444 ) ) ;
#2616 = VERTEX_POINT ( 'NONE', #2674 ) ;
#2617 = CARTESIAN_POINT ( 'NONE',  ( -2.350480947161670553, -0.9736010864139212906, -0.06250000000000005551 ) ) ;
#2618 = AXIS2_PLACEMENT_3D ( 'NONE', #1957, #2960, #1933 ) ;
#2619 = DIRECTION ( 'NONE',  ( -1.000000000000000000, 0.000000000000000000, -0.000000000000000000 ) ) ;
#2620 = CARTESIAN_POINT ( 'NONE',  ( -2.159593620790629220, -2.159593620790628332, -1.593750000000000222 ) ) ;
#2621 = CARTESIAN_POINT ( 'NONE',  ( -1.662041016787796144, 1.662041016787797254, -3.375000000000000444 ) ) ;
#2622 = DIRECTION ( 'NONE',  ( 0.06645228065352279390, 0.1604299972043616851, -0.9848077530122079093 ) ) ;
#2623 = DIRECTION ( 'NONE',  ( -0.000000000000000000, -0.000000000000000000, -1.000000000000000000 ) ) ;
#2624 = CARTESIAN_POINT ( 'NONE',  ( -0.8641082669390531823, 3.315146656056918495, 9.396447866816338035 ) ) ;
#2625 = CARTESIAN_POINT ( 'NONE',  ( 3.000000000000000000, 3.673940397442060361E-16, 0.7499999999999998890 ) ) ;
#2626 = CARTESIAN_POINT ( 'NONE',  ( 0.000000000000000000, 3.000000000000000888, 1.124999999999999112 ) ) ;
#2627 = VERTEX_POINT ( 'NONE', #1043 ) ;
#2628 = CARTESIAN_POINT ( 'NONE',  ( 1.265060653844733762, 3.054126587736527121, 6.031249999999999112 ) ) ;
#2629 = AXIS2_PLACEMENT_3D ( 'NONE', #2447, #2091, #3741 ) ;
#2630 = CARTESIAN_POINT ( 'NONE',  ( -0.8953788520239417403, 1.880928570309218451, 9.524905907753261403 ) ) ;
#2631 = ORIENTED_EDGE ( 'NONE', *, *, #1589, .F. ) ;
#2632 = CARTESIAN_POINT ( 'NONE',  ( -3.054126587736527121, -1.265060653844730876, -3.593750000000001332 ) ) ;
#2633 = CIRCLE ( 'NONE', #2427, 0.7859246861458735189 ) ;
#2634 = EDGE_CURVE ( 'NONE', #3481, #3759, #3422, .T. ) ;
#2635 = CARTESIAN_POINT ( 'NONE',  ( 1.662041016787796144, -1.662041016787795922, 0.1249999999999992506 ) ) ;
#2636 = DIRECTION ( 'NONE',  ( 0.000000000000000000, -1.000000000000000000, -2.891205793294679312E-16 ) ) ;
#2637 = CARTESIAN_POINT ( 'NONE',  ( -2.878508968398378757E-16, -2.350480947161669665, -4.875000000000000888 ) ) ;
#2638 = EDGE_LOOP ( 'NONE', ( #1653, #64, #2506, #1228 ) ) ;
#2639 = CARTESIAN_POINT ( 'NONE',  ( 1.662041016787796810, 1.662041016787796810, -3.500000000000000444 ) ) ;
#2640 = DIRECTION ( 'NONE',  ( 0.9238795325112888479, 0.3826834323650846748, -9.941611076326164810E-17 ) ) ;
#2641 = CARTESIAN_POINT ( 'NONE',  ( -3.673940397442059375E-16, -2.999999999999999112, 1.500000000000000666 ) ) ;
#2642 = CARTESIAN_POINT ( 'NONE',  ( 0.9736010864139216237, -2.350480947161670109, -0.9375000000000007772 ) ) ;
#2643 = CARTESIAN_POINT ( 'NONE',  ( 0.000000000000000000, 3.000000000000000444, -1.000000000000000000 ) ) ;
#2644 = CARTESIAN_POINT ( 'NONE',  ( 1.924264068711933451, -1.000000000000009104, 9.600000000000001421 ) ) ;
#2645 = CARTESIAN_POINT ( 'NONE',  ( 1.662041016787796810, 1.662041016787796810, -1.625000000000000666 ) ) ;
#2646 = CARTESIAN_POINT ( 'NONE',  ( 0.9736010864139217347, -2.350480947161670109, -1.812500000000000222 ) ) ;
#2647 = ORIENTED_EDGE ( 'NONE', *, *, #153, .F. ) ;
#2648 = CARTESIAN_POINT ( 'NONE',  ( -3.740226349862365271E-16, -3.054126587736525789, 5.593749999999999112 ) ) ;
#2649 = FACE_OUTER_BOUND ( 'NONE', #2921, .T. ) ;
#2650 = CARTESIAN_POINT ( 'NONE',  ( 1.265060653844731542, -3.054126587736527121, -3.343750000000001332 ) ) ;
#2651 = CARTESIAN_POINT ( 'NONE',  ( -2.350480947161670553, 0.9736010864139231780, -3.312500000000000444 ) ) ;
#2652 = LINE ( 'NONE', #2691, #2519 ) ;
#2653 = ADVANCED_FACE ( 'NONE', ( #4077 ), #796, .T. ) ;
#2654 = CARTESIAN_POINT ( 'NONE',  ( -0.9736010864139222898, 2.350480947161671441, -0.3125000000000002776 ) ) ;
#2655 = AXIS2_PLACEMENT_3D ( 'NONE', #2580, #2536, #4136 ) ;
#2656 = CARTESIAN_POINT ( 'NONE',  ( -1.662041016787796144, 1.662041016787797254, -2.250000000000000444 ) ) ;
#2657 = DIRECTION ( 'NONE',  ( 0.000000000000000000, 3.673940397442059375E-16, -1.000000000000000000 ) ) ;
#2658 = CARTESIAN_POINT ( 'NONE',  ( -3.054126587736526677, 1.105496416853632984E-15, 0.2812500000000002220 ) ) ;
#2659 = ADVANCED_FACE ( 'NONE', ( #1758 ), #817, .T. ) ;
#2660 = CONICAL_SURFACE ( 'NONE', #3737, 0.1000000000000004774, 0.1745329251994333364 ) ;
#2661 = CARTESIAN_POINT ( 'NONE',  ( -0.9736010864139225118, -2.350480947161669665, -1.062500000000000222 ) ) ;
#2662 = CARTESIAN_POINT ( 'NONE',  ( -2.408513833198180354, 1.262397539270677882, -4.536680975607811028 ) ) ;
#2663 = CARTESIAN_POINT ( 'NONE',  ( -2.350480947161670553, 0.9736010864139232890, -1.312500000000000222 ) ) ;
#2664 = VECTOR ( 'NONE', #2497, 1000.000000000000227 ) ;
#2665 = CARTESIAN_POINT ( 'NONE',  ( 2.121320343559641941, -2.121320343559641941, 0.6249999999999997780 ) ) ;
#2666 = FACE_OUTER_BOUND ( 'NONE', #2967, .T. ) ;
#2667 = CARTESIAN_POINT ( 'NONE',  ( 2.350480947161670109, 0.9736010864139237331, -0.5625000000000004441 ) ) ;
#2668 =( BOUNDED_CURVE ( )  B_SPLINE_CURVE ( 2, ( #3783, #1492, #2172, #2785, #4074, #1170, #3761, #2582, #2626 ),
 .UNSPECIFIED., .F., .F. ) 
 B_SPLINE_CURVE_WITH_KNOTS ( ( 3, 2, 2, 2, 3 ),
 ( 0.5416666666666666297, 0.5520833333333333703, 0.5625000000000000000, 0.5729166666666665186, 0.5833333333333332593 ),
 .UNSPECIFIED. ) 
 CURVE ( )  GEOMETRIC_REPRESENTATION_ITEM ( )  RATIONAL_B_SPLINE_CURVE ( ( 1.000000000000000000, 0.9238795325112867385, 1.000000000000000000, 0.9238795325112867385, 1.000000000000000000, 0.9238795325112867385, 1.000000000000000000, 0.9238795325112875156, 0.9999999999999992228 ) ) 
 REPRESENTATION_ITEM ( '' )  );
#2669 = VERTEX_POINT ( 'NONE', #3747 ) ;
#2670 = FACE_OUTER_BOUND ( 'NONE', #608, .T. ) ;
#2671 = DIRECTION ( 'NONE',  ( -0.000000000000000000, -1.836970198721029688E-16, 1.000000000000000000 ) ) ;
#2672 = CARTESIAN_POINT ( 'NONE',  ( 1.265060653844733762, 3.054126587736527121, -2.968750000000001332 ) ) ;
#2673 = CARTESIAN_POINT ( 'NONE',  ( -2.350480947161670553, -0.9736010864139212906, -2.187500000000000444 ) ) ;
#2674 = CARTESIAN_POINT ( 'NONE',  ( -0.8641082669389731352, -3.315146656056978891, 9.396447866816425076 ) ) ;
#2675 = CARTESIAN_POINT ( 'NONE',  ( 2.350480947161670109, 0.9736010864139235110, -0.5625000000000004441 ) ) ;
#2676 = ORIENTED_EDGE ( 'NONE', *, *, #3105, .F. ) ;
#2677 = CARTESIAN_POINT ( 'NONE',  ( 0.9736010864139216237, -2.350480947161670109, -2.812500000000000888 ) ) ;
#2678 = CARTESIAN_POINT ( 'NONE',  ( 2.159593620790629664, 2.159593620790629664, 1.906250000000000000 ) ) ;
#2679 = EDGE_CURVE ( 'NONE', #35, #3199, #2474, .T. ) ;
#2680 = CARTESIAN_POINT ( 'NONE',  ( 3.000000000000000000, 3.673940397442060361E-16, -1.250000000000000222 ) ) ;
#2681 = CARTESIAN_POINT ( 'NONE',  ( 0.000000000000000000, 1.454268073987481462E-15, -4.249999999999997335 ) ) ;
#2682 = EDGE_CURVE ( 'NONE', #1604, #1471, #1308, .T. ) ;
#2683 = CARTESIAN_POINT ( 'NONE',  ( -1.662041016787796144, 1.662041016787797254, -1.375000000000000444 ) ) ;
#2684 = CARTESIAN_POINT ( 'NONE',  ( 1.829125027056739183, 1.741381275184387789, -4.727865078309297253 ) ) ;
#2685 = CARTESIAN_POINT ( 'NONE',  ( -3.315146656056968233, 0.8641082669390061088, 9.396447866816426853 ) ) ;
#2686 = CARTESIAN_POINT ( 'NONE',  ( 1.662041016787796144, -1.662041016787795922, -0.7500000000000006661 ) ) ;
#2687 = ORIENTED_EDGE ( 'NONE', *, *, #3790, .T. ) ;
#2688 = CARTESIAN_POINT ( 'NONE',  ( -1.242640687119285658, -2.999999999999999112, 4.562500000000000000 ) ) ;
#2689 = CARTESIAN_POINT ( 'NONE',  ( -2.159593620790629220, -2.159593620790628332, -0.5312500000000004441 ) ) ;
#2690 = CARTESIAN_POINT ( 'NONE',  ( -1.662041016787796366, -1.662041016787795256, 1.875000000000000000 ) ) ;
#2691 = CARTESIAN_POINT ( 'NONE',  ( 1.885995725475423379, 0.9076120467488784094, 9.600000000000001421 ) ) ;
#2692 = CARTESIAN_POINT ( 'NONE',  ( 2.350480947161670109, 0.9736010864139235110, 1.437499999999999778 ) ) ;
#2693 = VECTOR ( 'NONE', #59, 1000.000000000000114 ) ;
#2694 = CARTESIAN_POINT ( 'NONE',  ( -2.350480947161670553, -0.9736010864139212906, 1.937500000000000000 ) ) ;
#2695 = LINE ( 'NONE', #3047, #3367 ) ;
#2696 = AXIS2_PLACEMENT_3D ( 'NONE', #169, #109, #1790 ) ;
#2697 = CARTESIAN_POINT ( 'NONE',  ( 3.054126587736526677, 3.574511468811600284E-16, 2.781250000000000000 ) ) ;
#2698 = LINE ( 'NONE', #1320, #725 ) ;
#2699 = DIRECTION ( 'NONE',  ( 0.000000000000000000, -1.000000000000000000, -1.836970198721029688E-16 ) ) ;
#2700 = CARTESIAN_POINT ( 'NONE',  ( -1.662041016787796366, -1.662041016787795256, -0.1250000000000001110 ) ) ;
#2701 = CARTESIAN_POINT ( 'NONE',  ( 2.121320343559642385, -2.121320343559642385, 1.749999999999998446 ) ) ;
#2702 =( LENGTH_UNIT ( ) NAMED_UNIT ( * ) SI_UNIT ( .MILLI., .METRE. ) );
#2703 = CARTESIAN_POINT ( 'NONE',  ( 0.9736010864139217347, -2.350480947161670109, 1.187499999999999334 ) ) ;
#2704 = ORIENTED_EDGE ( 'NONE', *, *, #2217, .T. ) ;
#2705 = DIRECTION ( 'NONE',  ( -0.9098437264664104296, -0.3768696111424615913, 0.1736481776669307475 ) ) ;
#2706 = CARTESIAN_POINT ( 'NONE',  ( -1.924264068711934117, 0.2140753138541456047, 5.709927797833932672 ) ) ;
#2707 = ADVANCED_FACE ( 'NONE', ( #1517 ), #838, .T. ) ;
#2708 = CARTESIAN_POINT ( 'NONE',  ( -1.265060653844732430, -3.054126587736526677, -1.468750000000000888 ) ) ;
#2709 = CARTESIAN_POINT ( 'NONE',  ( 1.662041016787796144, -1.662041016787795922, 1.124999999999999334 ) ) ;
#2710 = ORIENTED_EDGE ( 'NONE', *, *, #2275, .F. ) ;
#2711 = DIRECTION ( 'NONE',  ( 0.000000000000000000, -1.000000000000000000, -2.891205793294679312E-16 ) ) ;
#2712 = B_SPLINE_CURVE_WITH_KNOTS ( 'NONE', 3,
 ( #2428, #2088, #3351, #2406 ),
 .UNSPECIFIED., .F., .F.,
 ( 4, 4 ),
 ( 0.000000000000000000, 4.435033181973188209E-05 ),
 .UNSPECIFIED. ) ;
#2713 = CARTESIAN_POINT ( 'NONE',  ( 0.000000000000000000, 2.350480947161671441, 0.6249999999999996669 ) ) ;
#2714 = CARTESIAN_POINT ( 'NONE',  ( 0.9736010864139216237, -2.350480947161670109, 2.187500000000000000 ) ) ;
#2715 = CARTESIAN_POINT ( 'NONE',  ( 1.242640687119284770, -2.999999999999999556, 4.687500000000000000 ) ) ;
#2716 = VERTEX_POINT ( 'NONE', #2156 ) ;
#2717 = CARTESIAN_POINT ( 'NONE',  ( -1.265060653844732430, -3.054126587736526677, 1.468750000000000888 ) ) ;
#2718 = LOCAL_TIME ( 4, 27, 56.00000000000000000, #1324 ) ;
#2719 = DIRECTION ( 'NONE',  ( 7.436010420673977301E-17, -1.000000000000000000, -3.673940397442059375E-16 ) ) ;
#2720 = CARTESIAN_POINT ( 'NONE',  ( 0.9736010864139238441, 2.350480947161670997, -0.5625000000000004441 ) ) ;
#2721 = CARTESIAN_POINT ( 'NONE',  ( 2.372191129651960662, 0.7164190390935083474, -4.775381850935896288 ) ) ;
#2722 = DATE_TIME_ROLE ( 'classification_date' ) ;
#2723 = CARTESIAN_POINT ( 'NONE',  ( -2.350480947161670553, 1.062410547780433880E-15, 0.8749999999999998890 ) ) ;
#2724 = ORIENTED_EDGE ( 'NONE', *, *, #4000, .F. ) ;
#2725 = CARTESIAN_POINT ( 'NONE',  ( 2.121320343559641941, -2.121320343559641941, -0.3750000000000002776 ) ) ;
#2726 = EDGE_CURVE ( 'NONE', #849, #3078, #4020, .T. ) ;
#2727 = PLANE ( 'NONE',  #4128 ) ;
#2728 = CARTESIAN_POINT ( 'NONE',  ( 3.054126587736526677, -1.265060653844732652, -2.218750000000000444 ) ) ;
#2729 = EDGE_CURVE ( 'NONE', #3886, #614, #1116, .T. ) ;
#2730 = CARTESIAN_POINT ( 'NONE',  ( -2.878508968398378757E-16, -2.350480947161669665, 1.999999999999999112 ) ) ;
#2731 = EDGE_CURVE ( 'NONE', #2616, #1373, #824, .T. ) ;
#2732 = DIRECTION ( 'NONE',  ( -0.000000000000000000, -1.836970198721029688E-16, 1.000000000000000000 ) ) ;
#2733 = VERTEX_POINT ( 'NONE', #4059 ) ;
#2734 = CARTESIAN_POINT ( 'NONE',  ( 1.662041016787796144, -1.662041016787795922, 0.2499999999999993616 ) ) ;
#2735 = CARTESIAN_POINT ( 'NONE',  ( -0.9736010864139222898, 2.350480947161671441, -0.4375000000000003331 ) ) ;
#2736 = CARTESIAN_POINT ( 'NONE',  ( 1.662041016787796810, 1.662041016787796810, 1.499999999999999556 ) ) ;
#2737 = DIRECTION ( 'NONE',  ( 1.084202172485506327E-14, 1.000000000000000000, 0.000000000000000000 ) ) ;
#2738 = CARTESIAN_POINT ( 'NONE',  ( 3.054126587736527121, 1.265060653844733318, -1.156250000000000444 ) ) ;
#2739 = DIRECTION ( 'NONE',  ( 0.000000000000000000, 1.000000000000000000, 2.398351182993323038E-16 ) ) ;
#2740 = CARTESIAN_POINT ( 'NONE',  ( 1.646995461565996299, 1.927655874811570413, -4.717904291864502220 ) ) ;
#2741 = AXIS2_PLACEMENT_3D ( 'NONE', #1321, #2623, #2964 ) ;
#2742 = CARTESIAN_POINT ( 'NONE',  ( 1.662041016787796144, -1.662041016787795922, 2.249999999999999556 ) ) ;
#2743 = ORIENTED_EDGE ( 'NONE', *, *, #2089, .F. ) ;
#2744 = CARTESIAN_POINT ( 'NONE',  ( -3.000000000000000000, 1.102182119232617714E-15, 4.374999999999999112 ) ) ;
#2745 = ORIENTED_EDGE ( 'NONE', *, *, #350, .T. ) ;
#2746 = CARTESIAN_POINT ( 'NONE',  ( -0.6112875392629729676, -2.274779945733399256, 4.999999999999992895 ) ) ;
#2747 = CARTESIAN_POINT ( 'NONE',  ( 2.159593620790628776, -2.159593620790628776, -2.281250000000000888 ) ) ;
#2748 = CARTESIAN_POINT ( 'NONE',  ( -0.9736010864139225118, -2.350480947161669665, 2.937500000000000444 ) ) ;
#2749 = CARTESIAN_POINT ( 'NONE',  ( -2.350480947161670553, 1.062410547780433880E-15, 4.875000000000000000 ) ) ;
#2750 = VECTOR ( 'NONE', #1548, 999.9999999999998863 ) ;
#2751 = CARTESIAN_POINT ( 'NONE',  ( 0.9736010864139216237, -2.350480947161670109, -1.937500000000000444 ) ) ;
#2752 = CARTESIAN_POINT ( 'NONE',  ( -2.350480947161670553, 1.062410547780433880E-15, 0.8749999999999998890 ) ) ;
#2753 = CARTESIAN_POINT ( 'NONE',  ( -0.8863044580934434924, -1.924264068711938558, 9.522328722175538829 ) ) ;
#2754 = CARTESIAN_POINT ( 'NONE',  ( 3.054126587736527121, 1.265060653844733318, 3.843750000000000888 ) ) ;
#2755 = DIRECTION ( 'NONE',  ( 3.807981171154837726E-15, -0.9848077530122080203, 0.1736481776669307198 ) ) ;
#2756 = VECTOR ( 'NONE', #1237, 1000.000000000000000 ) ;
#2757 = DIRECTION ( 'NONE',  ( -1.000000000000000000, 0.000000000000000000, 0.000000000000000000 ) ) ;
#2758 = CARTESIAN_POINT ( 'NONE',  ( 2.761445719851087333, -0.8612909633792109609, -4.362744801043223930 ) ) ;
#2759 = ORIENTED_EDGE ( 'NONE', *, *, #3460, .T. ) ;
#2760 = CARTESIAN_POINT ( 'NONE',  ( 3.315146656056974006, -0.8641082669389864579, 9.396447866816426853 ) ) ;
#2761 = ORIENTED_EDGE ( 'NONE', *, *, #3738, .F. ) ;
#2762 = CARTESIAN_POINT ( 'NONE',  ( 1.242640687119279663, -3.000000000000005329, 4.562500000000000888 ) ) ;
#2763 = CARTESIAN_POINT ( 'NONE',  ( 1.880928570309210901, 0.8953788520239597259, 9.524905907753261403 ) ) ;
#2764 = CARTESIAN_POINT ( 'NONE',  ( 2.159593620790629664, 2.159593620790629664, 0.9687499999999991118 ) ) ;
#2765 = CARTESIAN_POINT ( 'NONE',  ( -2.350480947161670553, 0.9736010864139231780, 3.687499999999998668 ) ) ;
#2766 = CARTESIAN_POINT ( 'NONE',  ( -0.2739002683744702904, -1.623503712237180041, 5.709927797833931784 ) ) ;
#2767 = CARTESIAN_POINT ( 'NONE',  ( -2.350480947161670553, 1.062410547780433880E-15, 2.875000000000000000 ) ) ;
#2768 = CARTESIAN_POINT ( 'NONE',  ( -2.350480947161670553, 1.062410547780433880E-15, 0.7499999999999997780 ) ) ;
#2769 = CARTESIAN_POINT ( 'NONE',  ( 0.000000000000000000, 2.350480947161671441, 0.6249999999999996669 ) ) ;
#2770 = EDGE_CURVE ( 'NONE', #3779, #404, #3879, .T. ) ;
#2771 = DIRECTION ( 'NONE',  ( 1.836970198721029688E-16, -1.836970198721036097E-16, 1.000000000000000000 ) ) ;
#2772 = VERTEX_POINT ( 'NONE', #3435 ) ;
#2773 = CARTESIAN_POINT ( 'NONE',  ( -2.159593620790628776, 2.159593620790630109, 5.156250000000000000 ) ) ;
#2774 = CARTESIAN_POINT ( 'NONE',  ( 1.242640687119274556, -3.000000000000009770, 2.687499999999998668 ) ) ;
#2775 = CARTESIAN_POINT ( 'NONE',  ( 0.000000000000000000, 3.000000000000000444, -4.000000000000000000 ) ) ;
#2776 = ADVANCED_FACE ( 'NONE', ( #3144 ), #893, .F. ) ;
#2777 = CARTESIAN_POINT ( 'NONE',  ( 1.662041016787796144, -1.662041016787795922, 4.249999999999999112 ) ) ;
#2778 = ORIENTED_EDGE ( 'NONE', *, *, #598, .T. ) ;
#2779 = CARTESIAN_POINT ( 'NONE',  ( 0.000000000000000000, 3.000000000000000444, 9.486769009248163798E-17 ) ) ;
#2780 = LOCAL_TIME ( 4, 27, 56.00000000000000000, #2387 ) ;
#2781 = VERTEX_POINT ( 'NONE', #3122 ) ;
#2782 = VERTEX_POINT ( 'NONE', #2766 ) ;
#2783 = CARTESIAN_POINT ( 'NONE',  ( -1.880928570309206460, 0.8953788520239707172, 9.524905907753261403 ) ) ;
#2784 = ADVANCED_BREP_SHAPE_REPRESENTATION ( '92005A420_Steel Pan Head Phillips Screw', ( #3781, #1098 ), #4 ) ;
#2785 = CARTESIAN_POINT ( 'NONE',  ( 2.999999999999999112, -1.242640687119286103, 0.8124999999999986677 ) ) ;
#2786 = CARTESIAN_POINT ( 'NONE',  ( -3.054126587736526677, 1.105496416853632984E-15, 1.343749999999999556 ) ) ;
#2787 = DIRECTION ( 'NONE',  ( 0.000000000000000000, -1.000000000000000000, -2.891205793294679312E-16 ) ) ;
#2788 = CARTESIAN_POINT ( 'NONE',  ( -1.662041016787796366, -1.662041016787795256, 3.999999999999999112 ) ) ;
#2789 = CARTESIAN_POINT ( 'NONE',  ( 2.350480947161670553, 4.867087541007580301E-16, 5.250000000000000000 ) ) ;
#2790 = CARTESIAN_POINT ( 'NONE',  ( -0.9736010864139222898, 2.350480947161671441, -4.437500000000000888 ) ) ;
#2791 = LINE ( 'NONE', #1121, #3073 ) ;
#2792 = ORIENTED_EDGE ( 'NONE', *, *, #3598, .T. ) ;
#2793 = CARTESIAN_POINT ( 'NONE',  ( -3.740226349862365271E-16, -3.054126587736525789, 3.531250000000000444 ) ) ;
#2794 = ORIENTED_EDGE ( 'NONE', *, *, #2526, .T. ) ;
#2795 = CARTESIAN_POINT ( 'NONE',  ( -2.121320343559642385, 2.121320343559643273, -2.750000000000000888 ) ) ;
#2796 = DIRECTION ( 'NONE',  ( -0.000000000000000000, -1.836970198721029688E-16, 1.000000000000000000 ) ) ;
#2797 = EDGE_CURVE ( 'NONE', #3459, #3164, #220, .T. ) ;
#2798 = ADVANCED_FACE ( 'NONE', ( #2119 ), #2175, .T. ) ;
#2799 = CARTESIAN_POINT ( 'NONE',  ( 2.350480947161670109, 0.9736010864139237331, 3.437500000000000444 ) ) ;
#2800 = ORIENTED_EDGE ( 'NONE', *, *, #3127, .F. ) ;
#2801 = CARTESIAN_POINT ( 'NONE',  ( 2.121320343559642829, 2.121320343559642829, 2.875000000000000444 ) ) ;
#2802 = ORIENTED_EDGE ( 'NONE', *, *, #1137, .F. ) ;
#2803 = DIRECTION ( 'NONE',  ( -0.9098437264664103186, -0.3768696111424614803, 0.1736481776669307753 ) ) ;
#2804 = CARTESIAN_POINT ( 'NONE',  ( -1.242640687119285658, -2.999999999999999112, -3.562500000000000000 ) ) ;
#2805 = CARTESIAN_POINT ( 'NONE',  ( 3.054126587736527121, 1.265060653844733318, 2.906250000000000000 ) ) ;
#2806 = CIRCLE ( 'NONE', #1325, 5.841489628658875333 ) ;
#2807 = EDGE_LOOP ( 'NONE', ( #3489, #501, #689, #2704, #1213 ) ) ;
#2808 = CARTESIAN_POINT ( 'NONE',  ( 0.000000000000000000, -2.449293598294706907E-16, 5.000000000000000000 ) ) ;
#2809 = ORIENTED_EDGE ( 'NONE', *, *, #3098, .T. ) ;
#2810 = CARTESIAN_POINT ( 'NONE',  ( -0.9736010864139225118, -2.350480947161669665, 4.062499999999999112 ) ) ;
#2811 = CARTESIAN_POINT ( 'NONE',  ( -0.9736010864139222898, 2.350480947161671441, 3.562499999999998668 ) ) ;
#2812 = CARTESIAN_POINT ( 'NONE',  ( -2.350480947161670553, -0.9736010864139212906, -4.187500000000000000 ) ) ;
#2813 = PLANE ( 'NONE',  #2054 ) ;
#2814 = CARTESIAN_POINT ( 'NONE',  ( -3.054126587736527121, -1.265060653844730876, 4.343749999999999112 ) ) ;
#2815 = ORIENTED_EDGE ( 'NONE', *, *, #4023, .F. ) ;
#2816 =( BOUNDED_CURVE ( )  B_SPLINE_CURVE ( 2, ( #685, #1989, #1877, #4204, #2625, #3188, #2665, #3292, #1033 ),
 .UNSPECIFIED., .F., .F. ) 
 B_SPLINE_CURVE_WITH_KNOTS ( ( 3, 2, 2, 2, 3 ),
 ( 0.5000000000000000000, 0.5104166666666667407, 0.5208333333333332593, 0.5312500000000000000, 0.5416666666666667407 ),
 .UNSPECIFIED. ) 
 CURVE ( )  GEOMETRIC_REPRESENTATION_ITEM ( )  RATIONAL_B_SPLINE_CURVE ( ( 1.000000000000000000, 0.9238795325112867385, 1.000000000000000000, 0.9238795325112867385, 1.000000000000000000, 0.9238795325112867385, 1.000000000000000000, 0.9238795325112867385, 1.000000000000000000 ) ) 
 REPRESENTATION_ITEM ( '' )  );
#2817 = FACE_OUTER_BOUND ( 'NONE', #1953, .T. ) ;
#2818 = CARTESIAN_POINT ( 'NONE',  ( -1.170207565446109488, -1.229080925788983647, 9.550184678336927746 ) ) ;
#2819 = PRODUCT_DEFINITION_SHAPE ( 'NONE', 'NONE',  #2035 ) ;
#2820 = ADVANCED_FACE ( 'NONE', ( #3709 ), #480, .T. ) ;
#2821 = ORIENTED_EDGE ( 'NONE', *, *, #541, .T. ) ;
#2822 = AXIS2_PLACEMENT_3D ( 'NONE', #1161, #2755, #846 ) ;
#2823 = CARTESIAN_POINT ( 'NONE',  ( 2.350480947161670109, 0.9736010864139237331, 4.437500000000001776 ) ) ;
#2824 = DIRECTION ( 'NONE',  ( -4.336808689942006692E-15, -1.000000000000000000, 0.000000000000000000 ) ) ;
#2825 = DIRECTION ( 'NONE',  ( 0.000000000000000000, -1.000000000000000000, -2.891205793294679312E-16 ) ) ;
#2826 = ORIENTED_EDGE ( 'NONE', *, *, #2422, .T. ) ;
#2827 = CARTESIAN_POINT ( 'NONE',  ( 3.673940397442058882E-16, 2.999999999999998668, 5.000000000000000888 ) ) ;
#2828 = DIRECTION ( 'NONE',  ( -0.000000000000000000, -1.836970198721029688E-16, 1.000000000000000000 ) ) ;
#2829 = CARTESIAN_POINT ( 'NONE',  ( 3.054126587736527121, 1.265060653844733318, 1.906249999999999112 ) ) ;
#2830 = ORIENTED_EDGE ( 'NONE', *, *, #655, .F. ) ;
#2831 = CARTESIAN_POINT ( 'NONE',  ( -2.999999999999999556, -1.242640687119284104, 4.312500000000000888 ) ) ;
#2832 = CARTESIAN_POINT ( 'NONE',  ( 2.350480947161670109, -0.9736010864139228449, 5.312500000000001776 ) ) ;
#2833 = EDGE_CURVE ( 'NONE', #1184, #3459, #3850, .T. ) ;
#2834 = CARTESIAN_POINT ( 'NONE',  ( -0.9736010864139222898, 2.350480947161671441, 5.562499999999999112 ) ) ;
#2835 = CARTESIAN_POINT ( 'NONE',  ( 0.9736010864139238441, 2.350480947161670997, 4.562500000000000888 ) ) ;
#2836 = CARTESIAN_POINT ( 'NONE',  ( -2.999999999999999556, 1.242640687119286325, 3.187500000000000888 ) ) ;
#2837 = CARTESIAN_POINT ( 'NONE',  ( 2.159593620790628776, -2.159593620790628776, 4.656250000000000000 ) ) ;
#2838 = CARTESIAN_POINT ( 'NONE',  ( 2.121320343559641941, -2.121320343559641941, -3.375000000000000000 ) ) ;
#2839 = CARTESIAN_POINT ( 'NONE',  ( -1.270710678118654569, -1.270710678118662784, 9.600000000000001421 ) ) ;
#2840 =( BOUNDED_SURFACE ( )  B_SPLINE_SURFACE ( 1, 2, ( 
 ( #3241, #2209, #317, #3794, #1225, #2528, #3525, #1844, #4150, #1906, #2865, #2910, #4197, #1884, #294, #249, #915, #3816, #2547, #229, #3220, #1292, #4107, #866, #3461, #2595, #1524, #888, #1203, #2185, #2639, #54, #3595, #426, #2958, #3946, #1724, #3574, #3617, #3025, #698, #2677, #1682, #2043, #3966, #1357, #3343, #656, #1659, #1956, #2656, #3283, #77, #676, #366, #2983, #3906, #3262, #3007, #339, #3304, #1635, #36, #740, #1978, #985, #3883, #3659, #2933, #1046, #1335, #2001, #3929, #95, #1381, #13, #1316, #1068, #2361, #2342, #1400, #2279, #1025, #3640, #720, #2617, #405, #1007, #3325, #2303, #2022, #1703, #2323, #385, #3419, #4024, #2769, #1422, #3382, #3065, #2752, #3677, #1782, #4043, #483, #2457, #3750, #1120, #2123, #2082, #2736, #463, #1762, #759, #778, #841, #1741, #2694, #1086, #3438, #3361, #2714, #499, #3045, #1443, #3087, #2401, #523, #137, #1136, #1820, #2379, #2419, #3125, #3713, #1479, #158, #2141, #4062, #1462, #198, #2065, #799, #445, #2440, #2099, #3107, #3694, #3399, #3730, #4006, #117, #1801, #1105, #821, #181, #1156, #3986, #291, #2835, #2229, #3168, #629, #1880, #2566, #1840, #1176, #3456, #1243, #4103, #3502, #3832, #935, #1927, #2477, #3522, #3192, #606, #1858, #1902, #268, #2160, #538, #3237, #4123, #1220, #3216, #1499, #3791, #1586, #3475, #3147, #2521 ),
 ( #582, #1265, #3768, #1520, #2544, #2253, #3811, #909, #2205, #2882, #1198, #558, #4167, #2500, #3857, #861, #224, #2790, #958, #3547, #1564, #2812, #4080, #2861, #881, #2179, #4145, #246, #1542, #336, #1679, #1064, #3592, #3901, #673, #2651, #1950, #1608, #69, #312, #2977, #4193, #50, #3300, #2589, #1376, #3923, #1352, #2337, #362, #3943, #2017, #716, #2673, #1998, #32, #2274, #983, #3655, #3258, #3571, #381, #1314, #3321, #1631, #1042, #2906, #1289, #2613, #3880, #1973, #1022, #3635, #400, #1655, #1698, #651, #1331, #2930, #9, #2038, #3000, #3960, #2357, #1004, #2298, #736, #3280, #2319, #2953, #2635, #3611, #695, #495, #794, #1397, #478, #3708, #114, #3338, #3673, #3395, #2117, #3021, #3081, #91, #2709, #1083, #770, #754, #2095, #1115, #1436, #4003, #4037, #4019, #3726, #419, #2690, #174, #2730, #1777, #1132, #3376, #151, #816, #3415, #1475, #1457, #3061, #2376, #3982, #2453, #2060, #3357, #2748, #1419, #1796, #440, #2435, #1720, #1737, #1100, #3040, #2397, #2414, #3101, #2765, #459, #4058, #3689, #132, #2077, #1756, #897, #1152, #3746, #1623, #1232, #3488, #2264, #948, #4184, #992, #570, #2240, #1914, #3580, #3866, #255, #3558, #2577, #3203, #2192, #2534, #640, #2287, #1868, #1939, #3178, #1576, #4133, #3845, #3822, #971, #1279, #301, #2872, #2919, #2893, #2603, #1553, #1302 ) ),
 .UNSPECIFIED., .F., .F., .F. ) 
 B_SPLINE_SURFACE_WITH_KNOTS ( ( 2, 2 ),
 ( 3, 2, 2, 2, 2, 2, 2, 2, 2, 2, 2, 2, 2, 2, 2, 2, 2, 2, 2, 2, 2, 2, 2, 2, 2, 2, 2, 2, 2, 2, 2, 2, 2, 2, 2, 2, 2, 2, 2, 2, 2, 2, 2, 2, 2, 2, 2, 2, 2, 2, 2, 2, 2, 2, 2, 2, 2, 2, 2, 2, 2, 2, 2, 2, 2, 2, 2, 2, 2, 2, 2, 2, 2, 2, 2, 2, 2, 2, 2, 2, 2, 2, 2, 2, 2, 2, 2, 2, 2, 2, 2, 2, 2, 2, 2, 2, 3 ),
 ( 0.000000000000000000, 1.000000000000000000 ),
 ( 0.000000000000000000, 0.01041666666666666609, 0.02083333333333333218, 0.03125000000000000000, 0.04166666666666666435, 0.05208333333333333565, 0.06250000000000000000, 0.07291666666666667129, 0.08333333333333332871, 0.09375000000000000000, 0.1041666666666666713, 0.1145833333333333287, 0.1250000000000000000, 0.1354166666666666574, 0.1458333333333333426, 0.1562500000000000000, 0.1666666666666666574, 0.1770833333333333426, 0.1875000000000000000, 0.1979166666666666574, 0.2083333333333333426, 0.2187500000000000000, 0.2291666666666666574, 0.2395833333333333426, 0.2500000000000000000, 0.2604166666666666852, 0.2708333333333333148, 0.2812500000000000000, 0.2916666666666666852, 0.3020833333333333148, 0.3125000000000000000, 0.3229166666666666852, 0.3333333333333333148, 0.3437500000000000000, 0.3541666666666666852, 0.3645833333333333148, 0.3750000000000000000, 0.3854166666666666852, 0.3958333333333333148, 0.4062500000000000000, 0.4166666666666666852, 0.4270833333333333148, 0.4375000000000000000, 0.4479166666666666852, 0.4583333333333333148, 0.4687500000000000000, 0.4791666666666666852, 0.4895833333333333148, 0.5000000000000000000, 0.5104166666666666297, 0.5208333333333333703, 0.5312500000000000000, 0.5416666666666666297, 0.5520833333333333703, 0.5625000000000000000, 0.5729166666666666297, 0.5833333333333333703, 0.5937500000000000000, 0.6041666666666666297, 0.6145833333333333703, 0.6250000000000000000, 0.6354166666666666297, 0.6458333333333333703, 0.6562500000000000000, 0.6666666666666666297, 0.6770833333333333703, 0.6875000000000000000, 0.6979166666666666297, 0.7083333333333333703, 0.7187500000000000000, 0.7291666666666666297, 0.7395833333333333703, 0.7500000000000000000, 0.7604166666666666297, 0.7708333333333333703, 0.7812500000000000000, 0.7916666666666666297, 0.8020833333333333703, 0.8125000000000000000, 0.8229166666666666297, 0.8333333333333333703, 0.8437500000000000000, 0.8541666666666666297, 0.8645833333333333703, 0.8750000000000000000, 0.8854166666666666297, 0.8958333333333333703, 0.9062500000000000000, 0.9166666666666666297, 0.9270833333333333703, 0.9375000000000000000, 0.9479166666666666297, 0.9583333333333333703, 0.9687500000000000000, 0.9791666666666666297, 0.9895833333333333703, 1.000000000000000000 ),
 .UNSPECIFIED. ) 
 GEOMETRIC_REPRESENTATION_ITEM ( )  RATIONAL_B_SPLINE_SURFACE ( (
 ( 1.000000000000000000, 0.9238795325112867385, 1.000000000000000000, 0.9238795325112867385, 1.000000000000000000, 0.9238795325112867385, 1.000000000000000000, 0.9238795325112867385, 1.000000000000000000, 0.9238795325112867385, 1.000000000000000000, 0.9238795325112867385, 1.000000000000000000, 0.9238795325112867385, 1.000000000000000000, 0.9238795325112867385, 1.000000000000000000, 0.9238795325112867385, 1.000000000000000000, 0.9238795325112867385, 1.000000000000000000, 0.9238795325112867385, 1.000000000000000000, 0.9238795325112867385, 1.000000000000000000, 0.9238795325112867385, 1.000000000000000000, 0.9238795325112867385, 1.000000000000000000, 0.9238795325112867385, 1.000000000000000000, 0.9238795325112867385, 1.000000000000000000, 0.9238795325112867385, 1.000000000000000000, 0.9238795325112867385, 1.000000000000000000, 0.9238795325112867385, 1.000000000000000000, 0.9238795325112867385, 1.000000000000000000, 0.9238795325112867385, 1.000000000000000000, 0.9238795325112867385, 1.000000000000000000, 0.9238795325112867385, 1.000000000000000000, 0.9238795325112867385, 1.000000000000000000, 0.9238795325112867385, 1.000000000000000000, 0.9238795325112867385, 1.000000000000000000, 0.9238795325112867385, 1.000000000000000000, 0.9238795325112867385, 1.000000000000000000, 0.9238795325112867385, 1.000000000000000000, 0.9238795325112867385, 1.000000000000000000, 0.9238795325112867385, 1.000000000000000000, 0.9238795325112867385, 1.000000000000000000, 0.9238795325112867385, 1.000000000000000000, 0.9238795325112867385, 1.000000000000000000, 0.9238795325112867385, 1.000000000000000000, 0.9238795325112867385, 1.000000000000000000, 0.9238795325112867385, 1.000000000000000000, 0.9238795325112867385, 1.000000000000000000, 0.9238795325112867385, 1.000000000000000000, 0.9238795325112867385, 1.000000000000000000, 0.9238795325112867385, 1.000000000000000000, 0.9238795325112867385, 1.000000000000000000, 0.9238795325112867385, 1.000000000000000000, 0.9238795325112867385, 1.000000000000000000, 0.9238795325112867385, 1.000000000000000000, 0.9238795325112867385, 1.000000000000000000, 0.9238795325112867385, 1.000000000000000000, 0.9238795325112867385, 1.000000000000000000, 0.9238795325112867385, 1.000000000000000000, 0.9238795325112867385, 1.000000000000000000, 0.9238795325112867385, 1.000000000000000000, 0.9238795325112867385, 1.000000000000000000, 0.9238795325112867385, 1.000000000000000000, 0.9238795325112867385, 1.000000000000000000, 0.9238795325112867385, 1.000000000000000000, 0.9238795325112867385, 1.000000000000000000, 0.9238795325112867385, 1.000000000000000000, 0.9238795325112867385, 1.000000000000000000, 0.9238795325112867385, 1.000000000000000000, 0.9238795325112867385, 1.000000000000000000, 0.9238795325112867385, 1.000000000000000000, 0.9238795325112867385, 1.000000000000000000, 0.9238795325112867385, 1.000000000000000000, 0.9238795325112867385, 1.000000000000000000, 0.9238795325112867385, 1.000000000000000000, 0.9238795325112867385, 1.000000000000000000, 0.9238795325112867385, 1.000000000000000000, 0.9238795325112867385, 1.000000000000000000, 0.9238795325112867385, 1.000000000000000000, 0.9238795325112867385, 1.000000000000000000, 0.9238795325112867385, 1.000000000000000000, 0.9238795325112867385, 1.000000000000000000, 0.9238795325112867385, 1.000000000000000000, 0.9238795325112867385, 1.000000000000000000, 0.9238795325112867385, 1.000000000000000000, 0.9238795325112867385, 1.000000000000000000, 0.9238795325112867385, 1.000000000000000000, 0.9238795325112867385, 1.000000000000000000, 0.9238795325112867385, 1.000000000000000000, 0.9238795325112867385, 1.000000000000000000, 0.9238795325112867385, 1.000000000000000000, 0.9238795325112867385, 1.000000000000000000, 0.9238795325112867385, 1.000000000000000000, 0.9238795325112867385, 1.000000000000000000, 0.9238795325112867385, 1.000000000000000000, 0.9238795325112867385, 1.000000000000000000, 0.9238795325112867385, 1.000000000000000000, 0.9238795325112867385, 1.000000000000000000, 0.9238795325112867385, 1.000000000000000000, 0.9238795325112867385, 1.000000000000000000, 0.9238795325112867385, 1.000000000000000000, 0.9238795325112867385, 1.000000000000000000, 0.9238795325112867385, 1.000000000000000000, 0.9238795325112867385, 1.000000000000000000, 0.9238795325112867385, 1.000000000000000000, 0.9238795325112867385, 1.000000000000000000),
 ( 1.000000000000000000, 0.9238795325112867385, 1.000000000000000000, 0.9238795325112867385, 1.000000000000000000, 0.9238795325112867385, 1.000000000000000000, 0.9238795325112867385, 1.000000000000000000, 0.9238795325112867385, 1.000000000000000000, 0.9238795325112867385, 1.000000000000000000, 0.9238795325112867385, 1.000000000000000000, 0.9238795325112867385, 1.000000000000000000, 0.9238795325112867385, 1.000000000000000000, 0.9238795325112867385, 1.000000000000000000, 0.9238795325112867385, 1.000000000000000000, 0.9238795325112867385, 1.000000000000000000, 0.9238795325112867385, 1.000000000000000000, 0.9238795325112867385, 1.000000000000000000, 0.9238795325112867385, 1.000000000000000000, 0.9238795325112867385, 1.000000000000000000, 0.9238795325112867385, 1.000000000000000000, 0.9238795325112867385, 1.000000000000000000, 0.9238795325112867385, 1.000000000000000000, 0.9238795325112867385, 1.000000000000000000, 0.9238795325112867385, 1.000000000000000000, 0.9238795325112867385, 1.000000000000000000, 0.9238795325112867385, 1.000000000000000000, 0.9238795325112867385, 1.000000000000000000, 0.9238795325112867385, 1.000000000000000000, 0.9238795325112867385, 1.000000000000000000, 0.9238795325112867385, 1.000000000000000000, 0.9238795325112867385, 1.000000000000000000, 0.9238795325112867385, 1.000000000000000000, 0.9238795325112867385, 1.000000000000000000, 0.9238795325112867385, 1.000000000000000000, 0.9238795325112867385, 1.000000000000000000, 0.9238795325112867385, 1.000000000000000000, 0.9238795325112867385, 1.000000000000000000, 0.9238795325112867385, 1.000000000000000000, 0.9238795325112867385, 1.000000000000000000, 0.9238795325112867385, 1.000000000000000000, 0.9238795325112867385, 1.000000000000000000, 0.9238795325112867385, 1.000000000000000000, 0.9238795325112867385, 1.000000000000000000, 0.9238795325112867385, 1.000000000000000000, 0.9238795325112867385, 1.000000000000000000, 0.9238795325112867385, 1.000000000000000000, 0.9238795325112867385, 1.000000000000000000, 0.9238795325112867385, 1.000000000000000000, 0.9238795325112867385, 1.000000000000000000, 0.9238795325112867385, 1.000000000000000000, 0.9238795325112867385, 1.000000000000000000, 0.9238795325112867385, 1.000000000000000000, 0.9238795325112867385, 1.000000000000000000, 0.9238795325112867385, 1.000000000000000000, 0.9238795325112867385, 1.000000000000000000, 0.9238795325112867385, 1.000000000000000000, 0.9238795325112867385, 1.000000000000000000, 0.9238795325112867385, 1.000000000000000000, 0.9238795325112867385, 1.000000000000000000, 0.9238795325112867385, 1.000000000000000000, 0.9238795325112867385, 1.000000000000000000, 0.9238795325112867385, 1.000000000000000000, 0.9238795325112867385, 1.000000000000000000, 0.9238795325112867385, 1.000000000000000000, 0.9238795325112867385, 1.000000000000000000, 0.9238795325112867385, 1.000000000000000000, 0.9238795325112867385, 1.000000000000000000, 0.9238795325112867385, 1.000000000000000000, 0.9238795325112867385, 1.000000000000000000, 0.9238795325112867385, 1.000000000000000000, 0.9238795325112867385, 1.000000000000000000, 0.9238795325112867385, 1.000000000000000000, 0.9238795325112867385, 1.000000000000000000, 0.9238795325112867385, 1.000000000000000000, 0.9238795325112867385, 1.000000000000000000, 0.9238795325112867385, 1.000000000000000000, 0.9238795325112867385, 1.000000000000000000, 0.9238795325112867385, 1.000000000000000000, 0.9238795325112867385, 1.000000000000000000, 0.9238795325112867385, 1.000000000000000000, 0.9238795325112867385, 1.000000000000000000, 0.9238795325112867385, 1.000000000000000000, 0.9238795325112867385, 1.000000000000000000, 0.9238795325112867385, 1.000000000000000000, 0.9238795325112867385, 1.000000000000000000, 0.9238795325112867385, 1.000000000000000000, 0.9238795325112867385, 1.000000000000000000, 0.9238795325112867385, 1.000000000000000000, 0.9238795325112867385, 1.000000000000000000, 0.9238795325112867385, 1.000000000000000000, 0.9238795325112867385, 1.000000000000000000, 0.9238795325112867385, 1.000000000000000000, 0.9238795325112867385, 1.000000000000000000, 0.9238795325112867385, 1.000000000000000000, 0.9238795325112867385, 1.000000000000000000, 0.9238795325112867385, 1.000000000000000000, 0.9238795325112867385, 1.000000000000000000, 0.9238795325112867385, 1.000000000000000000, 0.9238795325112867385, 1.000000000000000000) ) ) 
 REPRESENTATION_ITEM ( '' )  SURFACE ( )  );
#2841 = CARTESIAN_POINT ( 'NONE',  ( 1.861738362028001026, -1.957044987640395917, -4.554746539543568673 ) ) ;
#2842 = FACE_OUTER_BOUND ( 'NONE', #3429, .T. ) ;
#2843 = CARTESIAN_POINT ( 'NONE',  ( 1.242640687119307641, 2.999999999999979572, 4.062499999999997335 ) ) ;
#2844 = CARTESIAN_POINT ( 'NONE',  ( 1.530469845972024956, -1.793612187603567332, -4.886944685096230145 ) ) ;
#2845 = ORIENTED_EDGE ( 'NONE', *, *, #598, .F. ) ;
#2846 = AXIS2_PLACEMENT_3D ( 'NONE', #2412, #1851, #1830 ) ;
#2847 = ORIENTED_EDGE ( 'NONE', *, *, #321, .F. ) ;
#2848 = LINE ( 'NONE', #2827, #1562 ) ;
#2849 = EDGE_CURVE ( 'NONE', #1301, #4207, #1344, .T. ) ;
#2850 = CARTESIAN_POINT ( 'NONE',  ( 2.999999999999999112, -1.242640687119221710, -4.187499999999998224 ) ) ;
#2851 = CARTESIAN_POINT ( 'NONE',  ( -2.350480947161670553, 1.062410547780433880E-15, 3.749999999999999112 ) ) ;
#2852 = CARTESIAN_POINT ( 'NONE',  ( -3.740226349862365271E-16, -3.054126587736525789, 2.593749999999999556 ) ) ;
#2853 = PRODUCT_RELATED_PRODUCT_CATEGORY ( 'detail', '', ( #3140 ) ) ;
#2854 = ORIENTED_EDGE ( 'NONE', *, *, #2034, .T. ) ;
#2855 = CARTESIAN_POINT ( 'NONE',  ( -3.000000000000000000, 1.102182119232617714E-15, 3.374999999999998224 ) ) ;
#2856 = VECTOR ( 'NONE', #4044, 999.9999999999998863 ) ;
#2857 = EDGE_CURVE ( 'NONE', #3886, #1301, #652, .T. ) ;
#2858 = CARTESIAN_POINT ( 'NONE',  ( -2.350480947161670553, -0.9736010864139212906, 4.812500000000000888 ) ) ;
#2859 = EDGE_CURVE ( 'NONE', #1018, #869, #3936, .T. ) ;
#2860 = CIRCLE ( 'NONE', #1040, 28.63453637561146436 ) ;
#2861 = CARTESIAN_POINT ( 'NONE',  ( -0.9736010864139225118, -2.350480947161669665, -4.062500000000000000 ) ) ;
#2862 = CARTESIAN_POINT ( 'NONE',  ( 2.121320343559641941, -2.121320343559641941, -2.375000000000000000 ) ) ;
#2863 = CARTESIAN_POINT ( 'NONE',  ( -2.878508968398378757E-16, -2.350480947161669665, -2.875000000000000444 ) ) ;
#2864 = ORIENTED_EDGE ( 'NONE', *, *, #2296, .F. ) ;
#2865 = CARTESIAN_POINT ( 'NONE',  ( 1.662041016787796144, -1.662041016787795922, -4.750000000000000888 ) ) ;
#2866 = LINE ( 'NONE', #1660, #1118 ) ;
#2867 = CARTESIAN_POINT ( 'NONE',  ( -2.499018586334695868, -0.4300673849966657469, 6.934879704086120533 ) ) ;
#2868 = ORIENTED_EDGE ( 'NONE', *, *, #2108, .F. ) ;
#2869 = CARTESIAN_POINT ( 'NONE',  ( 0.000000000000000000, 2.350480947161671441, -4.500000000000000888 ) ) ;
#2870 = CARTESIAN_POINT ( 'NONE',  ( -3.673940397442059375E-16, -2.999999999999999112, -1.375000000000000888 ) ) ;
#2871 = CARTESIAN_POINT ( 'NONE',  ( 0.000000000000000000, 3.000000000000000444, -1.000000000000000000 ) ) ;
#2872 = CARTESIAN_POINT ( 'NONE',  ( 2.350480947161670109, -0.9736010864139228449, 6.187500000000000000 ) ) ;
#2873 = ORIENTED_EDGE ( 'NONE', *, *, #1744, .T. ) ;
#2874 = CARTESIAN_POINT ( 'NONE',  ( -2.999999999999999556, -1.242640687119284104, -0.5625000000000007772 ) ) ;
#2875 = CARTESIAN_POINT ( 'NONE',  ( -1.662041016787796144, 1.662041016787797254, -3.250000000000000444 ) ) ;
#2876 = CARTESIAN_POINT ( 'NONE',  ( 2.350480947161670109, -0.9736010864139228449, 3.187500000000000444 ) ) ;
#2877 = CARTESIAN_POINT ( 'NONE',  ( -2.159593620790628776, 2.159593620790630109, 4.218749999999999112 ) ) ;
#2878 = ORIENTED_EDGE ( 'NONE', *, *, #1899, .T. ) ;
#2879 = PLANE ( 'NONE',  #879 ) ;
#2880 = CIRCLE ( 'NONE', #2074, 6.000000000000001776 ) ;
#2881 = CARTESIAN_POINT ( 'NONE',  ( 0.000000000000000000, 2.350480947161671441, 3.500000000000000444 ) ) ;
#2882 = CARTESIAN_POINT ( 'NONE',  ( 0.9736010864139216237, -2.350480947161670109, -4.937500000000001776 ) ) ;
#2883 = CARTESIAN_POINT ( 'NONE',  ( 0.000000000000000000, 3.000000000000000888, 0.1249999999999989175 ) ) ;
#2884 = ORIENTED_EDGE ( 'NONE', *, *, #443, .F. ) ;
#2885 = CARTESIAN_POINT ( 'NONE',  ( -0.9736010864139225118, -2.350480947161669665, -1.937500000000000444 ) ) ;
#2886 = B_SPLINE_CURVE_WITH_KNOTS ( 'NONE', 3,
 ( #1805, #121, #3112, #185 ),
 .UNSPECIFIED., .F., .F.,
 ( 4, 4 ),
 ( 0.000000000000000000, 4.435033181973191597E-05 ),
 .UNSPECIFIED. ) ;
#2887 = CARTESIAN_POINT ( 'NONE',  ( 1.242640687119297649, 2.999999999999990230, -3.062500000000000888 ) ) ;
#2888 = DIRECTION ( 'NONE',  ( -0.000000000000000000, -1.836970198721029688E-16, 1.000000000000000000 ) ) ;
#2889 = CARTESIAN_POINT ( 'NONE',  ( -1.265060653844732208, 3.054126587736527565, -2.906250000000000000 ) ) ;
#2890 = CARTESIAN_POINT ( 'NONE',  ( 0.000000000000000000, 3.000000000000000888, 1.124999999999999112 ) ) ;
#2891 = CARTESIAN_POINT ( 'NONE',  ( 0.4300673849966556994, -2.499018586334698977, 6.934879704086120533 ) ) ;
#2892 = CARTESIAN_POINT ( 'NONE',  ( 2.999999999999999112, -1.242640687119285881, 3.687500000000000888 ) ) ;
#2893 = CARTESIAN_POINT ( 'NONE',  ( 2.350480947161670109, 0.9736010864139235110, 6.312500000000000000 ) ) ;
#2894 = AXIS2_PLACEMENT_3D ( 'NONE', #2839, #3754, #3463 ) ;
#2895 = ORIENTED_EDGE ( 'NONE', *, *, #3130, .T. ) ;
#2896 = CARTESIAN_POINT ( 'NONE',  ( -3.673940397442059375E-16, -2.999999999999999112, -0.4999999999999994449 ) ) ;
#2897 = AXIS2_PLACEMENT_3D ( 'NONE', #969, #1937, #3864 ) ;
#2898 = CARTESIAN_POINT ( 'NONE',  ( -2.350480947161670553, -0.9736010864139211796, -2.062500000000000444 ) ) ;
#2899 = CARTESIAN_POINT ( 'NONE',  ( -0.9736010864139222898, 2.350480947161671441, 4.562500000000001776 ) ) ;
#2900 = CARTESIAN_POINT ( 'NONE',  ( 1.292185635551214018, -2.145356942520751709, 4.999999999999997335 ) ) ;
#2901 = AXIS2_PLACEMENT_3D ( 'NONE', #3177, #3448, #1207 ) ;
#2902 = ORIENTED_EDGE ( 'NONE', *, *, #1164, .T. ) ;
#2903 = VERTEX_POINT ( 'NONE', #4120 ) ;
#2904 = DIRECTION ( 'NONE',  ( -1.224646799147353454E-16, -1.000000000000000000, 0.000000000000000000 ) ) ;
#2905 = CARTESIAN_POINT ( 'NONE',  ( -2.878508968398378757E-16, -2.350480947161669665, 5.999999999999999112 ) ) ;
#2906 = CARTESIAN_POINT ( 'NONE',  ( -1.662041016787796144, 1.662041016787797254, -1.375000000000000444 ) ) ;
#2907 = FACE_OUTER_BOUND ( 'NONE', #2200, .T. ) ;
#2908 = CARTESIAN_POINT ( 'NONE',  ( -0.9736010864139222898, 2.350480947161671441, -4.312500000000000888 ) ) ;
#2909 = EDGE_CURVE ( 'NONE', #4158, #2903, #225, .T. ) ;
#2910 = CARTESIAN_POINT ( 'NONE',  ( 2.350480947161670109, -0.9736010864139228449, -4.687500000000000888 ) ) ;
#2911 = APPROVAL ( #3312, 'UNSPECIFIED' ) ;
#2912 = CARTESIAN_POINT ( 'NONE',  ( 0.8953788520239548410, -1.880928570309215786, 9.524905907753261403 ) ) ;
#2913 = CARTESIAN_POINT ( 'NONE',  ( -3.054126587736527121, 1.265060653844732874, -3.781250000000000000 ) ) ;
#2914 = ORIENTED_EDGE ( 'NONE', *, *, #2729, .F. ) ;
#2915 = CARTESIAN_POINT ( 'NONE',  ( 1.662041016787796144, -1.662041016787795922, -2.875000000000000444 ) ) ;
#2916 = CARTESIAN_POINT ( 'NONE',  ( -2.121320343559641941, 2.121320343559643717, -1.875000000000000000 ) ) ;
#2917 = CARTESIAN_POINT ( 'NONE',  ( -3.000000000000000000, 1.102182119232617714E-15, -0.7499999999999996669 ) ) ;
#2918 = ADVANCED_FACE ( 'NONE', ( #906 ), #1965, .T. ) ;
#2919 = CARTESIAN_POINT ( 'NONE',  ( 2.350480947161670553, 4.867087541007580301E-16, 6.249999999999999112 ) ) ;
#2920 = CARTESIAN_POINT ( 'NONE',  ( -2.121320343559642385, -2.121320343559641053, -2.625000000000000000 ) ) ;
#2921 = EDGE_LOOP ( 'NONE', ( #2995, #4185, #3453, #3411 ) ) ;
#2922 = ORIENTED_EDGE ( 'NONE', *, *, #1977, .T. ) ;
#2923 = CARTESIAN_POINT ( 'NONE',  ( -0.2140753138541258982, -2.073105779112138780, 5.709927797833931784 ) ) ;
#2924 = CARTESIAN_POINT ( 'NONE',  ( 2.350480947161670109, -0.9736010864139228449, -2.687500000000000444 ) ) ;
#2925 = CARTESIAN_POINT ( 'NONE',  ( -0.9736010864139225118, -2.350480947161669665, 1.937500000000000000 ) ) ;
#2926 = CARTESIAN_POINT ( 'NONE',  ( -3.000000000000000000, 1.102182119232617714E-15, -1.625000000000001110 ) ) ;
#2927 = VECTOR ( 'NONE', #48, 1000.000000000000000 ) ;
#2928 = DIRECTION ( 'NONE',  ( -0.9238795325112888479, -0.3826834323650847303, 1.207983448782485271E-16 ) ) ;
#2929 = CARTESIAN_POINT ( 'NONE',  ( -1.265060653844732430, -3.054126587736526677, -3.468750000000001776 ) ) ;
#2930 = CARTESIAN_POINT ( 'NONE',  ( 1.662041016787796810, 1.662041016787796810, -0.6250000000000005551 ) ) ;
#2931 = CARTESIAN_POINT ( 'NONE',  ( 0.000000000000000000, -2.449293598294706907E-16, 5.000000000000000000 ) ) ;
#2932 = CARTESIAN_POINT ( 'NONE',  ( 1.662041016787796810, 1.662041016787796810, -3.500000000000000444 ) ) ;
#2933 = CARTESIAN_POINT ( 'NONE',  ( -2.350480947161670553, 1.062410547780433880E-15, -1.125000000000000222 ) ) ;
#2934 = CARTESIAN_POINT ( 'NONE',  ( 0.000000000000000000, -4.945794552264513477, 5.919999999999997264 ) ) ;
#2935 = ORIENTED_EDGE ( 'NONE', *, *, #3626, .F. ) ;
#2936 = CARTESIAN_POINT ( 'NONE',  ( -3.054126587736527121, -1.265060653844730876, -4.656249999999999112 ) ) ;
#2937 = AXIS2_PLACEMENT_3D ( 'NONE', #3647, #142, #2757 ) ;
#2938 = VERTEX_POINT ( 'NONE', #1539 ) ;
#2939 = CARTESIAN_POINT ( 'NONE',  ( 2.350480947161670109, -0.9736010864139228449, -2.812500000000000888 ) ) ;
#2940 = CARTESIAN_POINT ( 'NONE',  ( -1.311917720400564678E-15, -0.9000000000000014655, 9.600000000000001421 ) ) ;
#2941 = FACE_OUTER_BOUND ( 'NONE', #3154, .T. ) ;
#2942 = CARTESIAN_POINT ( 'NONE',  ( -0.9736010864139225118, -2.350480947161669665, -4.062500000000000000 ) ) ;
#2943 = CARTESIAN_POINT ( 'NONE',  ( 2.073105779112137004, -0.2140753138541341694, 5.709927797833932672 ) ) ;
#2944 = EDGE_CURVE ( 'NONE', #214, #3668, #694, .T. ) ;
#2945 = DIRECTION ( 'NONE',  ( 0.000000000000000000, 0.000000000000000000, 1.000000000000000000 ) ) ;
#2946 = EDGE_CURVE ( 'NONE', #3818, #2468, #3075, .T. ) ;
#2947 = CARTESIAN_POINT ( 'NONE',  ( 2.350480947161670109, 0.9736010864139237331, -2.562500000000000444 ) ) ;
#2948 = CARTESIAN_POINT ( 'NONE',  ( -3.673940397442059375E-16, -2.999999999999999112, 4.625000000000000000 ) ) ;
#2949 = CARTESIAN_POINT ( 'NONE',  ( 2.121320343559642829, 2.121320343559642829, 5.000000000000000000 ) ) ;
#2950 = DIRECTION ( 'NONE',  ( 0.000000000000000000, -1.836970198721029688E-16, 1.000000000000000000 ) ) ;
#2951 = B_SPLINE_CURVE_WITH_KNOTS ( 'NONE', 3,
 ( #3206, #668, #2291, #2923 ),
 .UNSPECIFIED., .F., .F.,
 ( 4, 4 ),
 ( 0.02552814494913629301, 0.02947233068991247928 ),
 .UNSPECIFIED. ) ;
#2952 = CARTESIAN_POINT ( 'NONE',  ( -2.159593620790629220, -2.159593620790628332, -4.531250000000000888 ) ) ;
#2953 = CARTESIAN_POINT ( 'NONE',  ( 0.9736010864139216237, -2.350480947161670109, 0.06249999999999918815 ) ) ;
#2954 = CARTESIAN_POINT ( 'NONE',  ( -1.575609597065155939E-14, 4.074790491780811763, -18.61343887244345652 ) ) ;
#2955 = CARTESIAN_POINT ( 'NONE',  ( 0.9736010864139216237, -2.350480947161670109, -3.812500000000000444 ) ) ;
#2956 = ORIENTED_EDGE ( 'NONE', *, *, #3240, .T. ) ;
#2957 = B_SPLINE_CURVE_WITH_KNOTS ( 'NONE', 3,
 ( #1614, #3505, #3196, #271, #3551, #3479, #4127, #610, #1862, #1590 ),
 .UNSPECIFIED., .F., .F.,
 ( 4, 3, 3, 4 ),
 ( 0.000000000000000000, 3.683529161302168266E-05, 7.367120247394937007E-05, 8.489811800515015218E-05 ),
 .UNSPECIFIED. ) ;
#2958 = CARTESIAN_POINT ( 'NONE',  ( -1.662041016787796144, 1.662041016787797254, -3.250000000000000444 ) ) ;
#2959 = CONICAL_SURFACE ( 'NONE', #3492, 0.1000000000000004774, 0.1745329251994333364 ) ;
#2960 = DIRECTION ( 'NONE',  ( 0.9098437264664102075, 0.3768696111424614248, 0.1736481776669308585 ) ) ;
#2961 = CARTESIAN_POINT ( 'NONE',  ( -3.740226349862365271E-16, -3.054126587736525789, -2.468750000000000000 ) ) ;
#2962 = CARTESIAN_POINT ( 'NONE',  ( 2.350480947161670553, 4.867087541007580301E-16, -3.750000000000000888 ) ) ;
#2963 = CARTESIAN_POINT ( 'NONE',  ( 1.270710678118656789, -1.270710678118660564, 9.600000000000001421 ) ) ;
#2964 = DIRECTION ( 'NONE',  ( 1.000000000000000000, 8.277145570797874643E-16, 0.000000000000000000 ) ) ;
#2965 = CARTESIAN_POINT ( 'NONE',  ( -2.350480947161670553, 1.062410547780433880E-15, -0.2500000000000002220 ) ) ;
#2966 = CARTESIAN_POINT ( 'NONE',  ( -2.999999999999999556, 1.242640687119286325, -2.812500000000000000 ) ) ;
#2967 = EDGE_LOOP ( 'NONE', ( #3696, #506, #3261, #4152, #1501 ) ) ;
#2968 = APPLICATION_PROTOCOL_DEFINITION ( 'international standard', 'config_control_design', 1994, #3815 ) ;
#2969 = CARTESIAN_POINT ( 'NONE',  ( -0.9736010864139225118, -2.350480947161669665, -2.937500000000000888 ) ) ;
#2970 =( BOUNDED_CURVE ( )  B_SPLINE_CURVE ( 2, ( #371, #1597, #4202, #1300, #349, #2892, #3579, #1643, #2286 ),
 .UNSPECIFIED., .F., .F. ) 
 B_SPLINE_CURVE_WITH_KNOTS ( ( 3, 2, 2, 2, 3 ),
 ( 0.2500000000000000000, 0.2604166666666666297, 0.2708333333333333703, 0.2812500000000000555, 0.2916666666666666852 ),
 .UNSPECIFIED. ) 
 CURVE ( )  GEOMETRIC_REPRESENTATION_ITEM ( )  RATIONAL_B_SPLINE_CURVE ( ( 1.000000000000000000, 0.9238795325112867385, 1.000000000000000000, 0.9238795325112867385, 1.000000000000000000, 0.9238795325112867385, 1.000000000000000000, 0.9238795325112862944, 1.000000000000000444 ) ) 
 REPRESENTATION_ITEM ( '' )  );
#2971 = ORIENTED_EDGE ( 'NONE', *, *, #1196, .T. ) ;
#2972 = CARTESIAN_POINT ( 'NONE',  ( 0.5446109464931240263, 0.9699503216439029352, 5.709927797833932672 ) ) ;
#2973 = ORIENTED_EDGE ( 'NONE', *, *, #1824, .F. ) ;
#2974 = DIRECTION ( 'NONE',  ( -0.000000000000000000, -1.836970198721029688E-16, 1.000000000000000000 ) ) ;
#2975 = CARTESIAN_POINT ( 'NONE',  ( 3.054126587736526677, -1.265060653844732652, -4.218750000000000888 ) ) ;
#2976 = AXIS2_PLACEMENT_3D ( 'NONE', #3530, #1529, #325 ) ;
#2977 = CARTESIAN_POINT ( 'NONE',  ( -2.878508968398378757E-16, -2.350480947161669665, -3.000000000000000444 ) ) ;
#2978 = ADVANCED_FACE ( 'NONE', ( #2517 ), #1779, .T. ) ;
#2979 = DIRECTION ( 'NONE',  ( -0.000000000000000000, -1.836970198721029688E-16, 1.000000000000000000 ) ) ;
#2980 = B_SPLINE_CURVE_WITH_KNOTS ( 'NONE', 3,
 ( #786, #3389, #2070, #1730, #451, #3014, #3665, #1467, #4050, #3032, #104, #1749, #889, #847, #230, #563, #1863, #3775, #3198, #588, #1571, #186 ),
 .UNSPECIFIED., .F., .F.,
 ( 4, 2, 2, 2, 2, 2, 2, 2, 2, 2, 4 ),
 ( 0.000000000000000000, 0.0007886362592259425807, 0.001577272518451885161, 0.002365908777677827850, 0.003154545036903770323, 0.003548863166516741559, 0.003943181296129713229, 0.004731817555355655701, 0.005520453814581598173, 0.005914771944194568976, 0.006309090073807540645 ),
 .UNSPECIFIED. ) ;
#2981 = CARTESIAN_POINT ( 'NONE',  ( -2.350480947161670553, -0.9736010864139212906, -0.06250000000000005551 ) ) ;
#2982 = ORIENTED_EDGE ( 'NONE', *, *, #102, .F. ) ;
#2983 = CARTESIAN_POINT ( 'NONE',  ( -0.9736010864139225118, -2.350480947161669665, -1.937500000000000444 ) ) ;
#2984 = DIRECTION ( 'NONE',  ( 0.3826834323650878944, -0.9238795325112876267, -3.394278336863103987E-16 ) ) ;
#2985 = CARTESIAN_POINT ( 'NONE',  ( -3.054126587736526677, 1.105496416853632984E-15, -2.718750000000000000 ) ) ;
#2986 = CARTESIAN_POINT ( 'NONE',  ( -2.350480947161670553, 1.062410547780433880E-15, -2.250000000000000444 ) ) ;
#2987 = CARTESIAN_POINT ( 'NONE',  ( -2.389516754736789483, -1.507391251992595826, -4.430540360680796041 ) ) ;
#2988 = CARTESIAN_POINT ( 'NONE',  ( -2.121320343559641941, 2.121320343559643717, 2.125000000000000000 ) ) ;
#2989 = CARTESIAN_POINT ( 'NONE',  ( -1.662041016787796144, 1.662041016787797254, -3.375000000000000444 ) ) ;
#2990 = DIRECTION ( 'NONE',  ( 1.836970198721029688E-16, 1.836970198721010459E-16, -1.000000000000000000 ) ) ;
#2991 = CALENDAR_DATE ( 2026, 8, 1 ) ;
#2992 = CARTESIAN_POINT ( 'NONE',  ( 2.350480947161670109, -0.9736010864139228449, -0.6875000000000006661 ) ) ;
#2993 = ORIENTED_EDGE ( 'NONE', *, *, #1332, .F. ) ;
#2994 = CARTESIAN_POINT ( 'NONE',  ( 2.794410093792357497, 0.4339441763081304804, 5.000000000000001776 ) ) ;
#2995 = ORIENTED_EDGE ( 'NONE', *, *, #2102, .F. ) ;
#2996 = ORIENTED_EDGE ( 'NONE', *, *, #2345, .T. ) ;
#2997 = CARTESIAN_POINT ( 'NONE',  ( -2.121320343559642385, -2.121320343559641497, -3.500000000000001332 ) ) ;
#2998 =( BOUNDED_CURVE ( )  B_SPLINE_CURVE ( 2, ( #3769, #3439, #3126, #226, #801, #2836, #3714, #2441, #862 ),
 .UNSPECIFIED., .F., .F. ) 
 B_SPLINE_CURVE_WITH_KNOTS ( ( 3, 2, 2, 2, 3 ),
 ( 0.2916666666666666852, 0.3020833333333334259, 0.3125000000000000000, 0.3229166666666666297, 0.3333333333333333703 ),
 .UNSPECIFIED. ) 
 CURVE ( )  GEOMETRIC_REPRESENTATION_ITEM ( )  RATIONAL_B_SPLINE_CURVE ( ( 0.9999999999999995559, 0.9238795325112871826, 1.000000000000000000, 0.9238795325112867385, 1.000000000000000000, 0.9238795325112867385, 1.000000000000000000, 0.9238795325112867385, 1.000000000000000000 ) ) 
 REPRESENTATION_ITEM ( '' )  );
#2999 = CARTESIAN_POINT ( 'NONE',  ( 1.662041016787796810, 1.662041016787796810, 6.375000000000000000 ) ) ;
#3000 = CARTESIAN_POINT ( 'NONE',  ( -0.9736010864139222898, 2.350480947161671441, -0.4375000000000003331 ) ) ;
#3001 = DIRECTION ( 'NONE',  ( -0.000000000000000000, -1.836970198721029688E-16, 1.000000000000000000 ) ) ;
#3002 = CARTESIAN_POINT ( 'NONE',  ( -0.9736010864139225118, -2.350480947161669665, -0.9374999999999998890 ) ) ;
#3003 = ORIENTED_EDGE ( 'NONE', *, *, #3969, .F. ) ;
#3004 = AXIS2_PLACEMENT_3D ( 'NONE', #3297, #1996, #2355 ) ;
#3005 = EDGE_CURVE ( 'NONE', #1208, #120, #167, .T. ) ;
#3006 = EDGE_CURVE ( 'NONE', #2669, #1809, #2816, .T. ) ;
#3007 = CARTESIAN_POINT ( 'NONE',  ( 1.662041016787796144, -1.662041016787795922, -1.750000000000000222 ) ) ;
#3008 = CARTESIAN_POINT ( 'NONE',  ( 0.000000000000000000, 3.000000000000000888, 1.124999999999999112 ) ) ;
#3009 = CARTESIAN_POINT ( 'NONE',  ( 0.000000000000000000, 3.054126587736527565, 2.031250000000000000 ) ) ;
#3010 = CARTESIAN_POINT ( 'NONE',  ( -2.187925451240644303, -1.807709620543970219, -4.417657188405307522 ) ) ;
#3011 = CARTESIAN_POINT ( 'NONE',  ( 0.000000000000000000, -2.449293598294703456E-16, 4.999999999999998224 ) ) ;
#3012 = CARTESIAN_POINT ( 'NONE',  ( 0.000000000000000000, 2.350480947161671441, -3.500000000000000444 ) ) ;
#3013 = VECTOR ( 'NONE', #4099, 1000.000000000000000 ) ;
#3014 = CARTESIAN_POINT ( 'NONE',  ( -2.569841954380423843, -0.09566153861500896471, 4.999999999999999112 ) ) ;
#3015 = CARTESIAN_POINT ( 'NONE',  ( 0.000000000000000000, 0.000000000000000000, 0.000000000000000000 ) ) ;
#3016 = CARTESIAN_POINT ( 'NONE',  ( 0.000000000000000000, 2.350480947161671441, -1.375000000000000444 ) ) ;
#3017 = ORIENTED_EDGE ( 'NONE', *, *, #1794, .F. ) ;
#3018 = CARTESIAN_POINT ( 'NONE',  ( 2.999999999999999112, -1.242640687119285881, -0.3125000000000002220 ) ) ;
#3019 = DIRECTION ( 'NONE',  ( 1.836970198721029688E-16, 1.836970198721010459E-16, -1.000000000000000000 ) ) ;
#3020 = CARTESIAN_POINT ( 'NONE',  ( 0.000000000000000000, 3.054126587736527565, 0.09374999999999922284 ) ) ;
#3021 = CARTESIAN_POINT ( 'NONE',  ( -0.9736010864139225118, -2.350480947161669665, 0.9374999999999998890 ) ) ;
#3022 = CARTESIAN_POINT ( 'NONE',  ( 1.197977864460535002, 1.189935400753343364, 9.550685476007084063 ) ) ;
#3023 = CARTESIAN_POINT ( 'NONE',  ( 1.662041016787796810, 1.662041016787796810, 0.4999999999999995559 ) ) ;
#3024 = ORIENTED_EDGE ( 'NONE', *, *, #1532, .T. ) ;
#3025 = CARTESIAN_POINT ( 'NONE',  ( -0.9736010864139225118, -2.350480947161669665, -2.937500000000001332 ) ) ;
#3026 = DIRECTION ( 'NONE',  ( 1.836970198721029688E-16, 1.836970198721010459E-16, -1.000000000000000000 ) ) ;
#3027 = CARTESIAN_POINT ( 'NONE',  ( 3.054126587736526677, -1.265060653844732652, 2.718749999999999556 ) ) ;
#3028 = VECTOR ( 'NONE', #2083, 1000.000000000000000 ) ;
#3029 = CARTESIAN_POINT ( 'NONE',  ( -2.073105779112134783, -0.2140753138541360567, 5.709927797833932672 ) ) ;
#3030 = CARTESIAN_POINT ( 'NONE',  ( 0.000000000000000000, 3.000000000000000888, 0.1249999999999989175 ) ) ;
#3031 = CARTESIAN_POINT ( 'NONE',  ( 2.350480947161670553, 4.867087541007580301E-16, -1.750000000000000666 ) ) ;
#3032 = CARTESIAN_POINT ( 'NONE',  ( -2.364520837233250905, 1.328497246522916120, 5.000000000000000000 ) ) ;
#3033 = EDGE_CURVE ( 'NONE', #2605, #3619, #2604, .T. ) ;
#3034 = PERSON_AND_ORGANIZATION_ROLE ( 'creator' ) ;
#3035 = CARTESIAN_POINT ( 'NONE',  ( 1.662041016787796810, 1.662041016787796810, 0.4999999999999995559 ) ) ;
#3036 = ORIENTED_EDGE ( 'NONE', *, *, #1481, .F. ) ;
#3037 = CARTESIAN_POINT ( 'NONE',  ( 0.000000000000000000, 0.000000000000000000, 5.709927797833932672 ) ) ;
#3038 = CARTESIAN_POINT ( 'NONE',  ( 1.232442334882148272, -1.178322724867531868, 9.600000000000001421 ) ) ;
#3039 = CARTESIAN_POINT ( 'NONE',  ( 3.054126587736526677, -1.265060653844732652, -0.2187500000000010825 ) ) ;
#3040 = CARTESIAN_POINT ( 'NONE',  ( 0.9736010864139238441, 2.350480947161670997, 3.437500000000000444 ) ) ;
#3041 = FACE_OUTER_BOUND ( 'NONE', #3868, .T. ) ;
#3042 = ORIENTED_EDGE ( 'NONE', *, *, #2944, .T. ) ;
#3043 = CARTESIAN_POINT ( 'NONE',  ( 1.662041016787796144, -1.662041016787795922, -0.7500000000000006661 ) ) ;
#3044 = CONICAL_SURFACE ( 'NONE', #2484, 3.499999999999998668, 0.3490658503988666728 ) ;
#3045 = CARTESIAN_POINT ( 'NONE',  ( 2.350480947161670109, -0.9736010864139228449, 2.312500000000000444 ) ) ;
#3046 =( BOUNDED_SURFACE ( )  B_SPLINE_SURFACE ( 1, 2, ( 
 ( #1295, #1338, #3597, #987, #320, #2936, #613, #3527, #944, #3553, #2236, #3266, #3909, #4176, #3931, #3306, #1010, #3243, #1908, #2913, #1251, #1027, #2572, #3861, #1638, #2550, #2305, #387, #3576, #965, #15, #635, #2597, #2889, #2282, #3885, #2985, #1685, #2325, #1274, #2961, #659, #368, #679, #2259, #1980, #1958, #1934, #343, #3839, #3286, #1662, #38, #1318, #2620, #2003, #701, #3620, #3222, #296, #1593, #2738, #466, #447, #79, #3989, #1743, #3049, #3327, #119, #3697, #761, #485, #1785, #1764, #782, #2067, #56, #1360, #3069, #3346, #1069, #2364, #139, #2658, #2403, #2085, #428, #1122, #1048, #1088, #1403, #1383, #3948, #4028, #2344, #3661, #3364, #803, #407, #722, #2381, #3679, #2717, #1425, #4009, #3385, #3642, #2025, #1705, #2678, #1107, #3009, #3968, #1446, #742, #97, #2423, #3715, #2045, #1726, #2101, #3402, #3027, #2697, #2480, #3170, #3734, #2502, #3441, #2125, #162, #3151, #1823, #248, #1200, #2793, #2144, #542, #2442, #1140, #2754, #1158, #4047, #864, #1522, #1804, #1545, #912, #2814, #845, #823, #524, #3090, #2837, #184, #1482, #3458, #1465, #4105, #2207, #1179, #2773, #1843, #2460, #3128, #503, #4083, #203, #584, #3504, #4126, #3110, #561, #3771, #2182, #3793, #4065, #885, #1502, #3752, #2163, #3421, #3478, #1861, #1223, #227, #2524, #3813, #1334, #3859, #3835, #1246 ),
 ( #2277, #654, #938, #1952, #3882, #12, #1315, #3239, #2637, #34, #1024, #2255, #3194, #3260, #3594, #315, #4148, #2908, #633, #2546, #1633, #3550, #338, #1566, #2568, #2955, #4171, #1588, #1975, #3904, #2932, #2615, #1930, #2232, #2321, #1611, #675, #3573, #270, #1006, #2863, #3925, #1268, #4196, #1657, #3614, #1882, #2300, #3524, #609, #1904, #3282, #1291, #3219, #293, #2885, #961, #2592, #984, #364, #1378, #1066, #756, #2062, #1681, #73, #2041, #697, #1440, #3360, #116, #3002, #1700, #3637, #3043, #2019, #422, #2675, #1085, #1354, #3379, #2654, #3962, #3676, #1421, #2981, #2080, #1103, #1399, #1044, #2734, #2359, #1723, #718, #3023, #1739, #2713, #3657, #738, #3340, #403, #3945, #2378, #4021, #53, #442, #3323, #461, #2399, #2692, #93, #3691, #2339, #1760, #3063, #774, #3984, #4005, #134, #1117, #2417, #2000, #3302, #383, #797, #4101, #1518, #1195, #1856, #2498, #2157, #2120, #2767, #556, #481, #3436, #839, #3728, #3397, #2177, #4121, #1799, #1496, #244, #4040, #156, #1817, #3123, #3454, #196, #2788, #2810, #1780, #1215, #2097, #818, #536, #3085, #1459, #4078, #3417, #3748, #3787, #878, #2749, #1134, #3473, #3166, #1540, #1174, #2475, #2832, #2438, #3145, #4060, #497, #3103, #3765, #2455, #3710, #1836, #519, #1154, #859, #177, #1477, #2139, #222, #3500, #309, #980, #1241, #2610 ) ),
 .UNSPECIFIED., .F., .F., .F. ) 
 B_SPLINE_SURFACE_WITH_KNOTS ( ( 2, 2 ),
 ( 3, 2, 2, 2, 2, 2, 2, 2, 2, 2, 2, 2, 2, 2, 2, 2, 2, 2, 2, 2, 2, 2, 2, 2, 2, 2, 2, 2, 2, 2, 2, 2, 2, 2, 2, 2, 2, 2, 2, 2, 2, 2, 2, 2, 2, 2, 2, 2, 2, 2, 2, 2, 2, 2, 2, 2, 2, 2, 2, 2, 2, 2, 2, 2, 2, 2, 2, 2, 2, 2, 2, 2, 2, 2, 2, 2, 2, 2, 2, 2, 2, 2, 2, 2, 2, 2, 2, 2, 2, 2, 2, 2, 2, 2, 2, 2, 3 ),
 ( 0.000000000000000000, 1.000000000000000000 ),
 ( 0.000000000000000000, 0.01041666666666666609, 0.02083333333333333218, 0.03125000000000000000, 0.04166666666666666435, 0.05208333333333333565, 0.06250000000000000000, 0.07291666666666667129, 0.08333333333333332871, 0.09375000000000000000, 0.1041666666666666713, 0.1145833333333333287, 0.1250000000000000000, 0.1354166666666666574, 0.1458333333333333426, 0.1562500000000000000, 0.1666666666666666574, 0.1770833333333333426, 0.1875000000000000000, 0.1979166666666666574, 0.2083333333333333426, 0.2187500000000000000, 0.2291666666666666574, 0.2395833333333333426, 0.2500000000000000000, 0.2604166666666666852, 0.2708333333333333148, 0.2812500000000000000, 0.2916666666666666852, 0.3020833333333333148, 0.3125000000000000000, 0.3229166666666666852, 0.3333333333333333148, 0.3437500000000000000, 0.3541666666666666852, 0.3645833333333333148, 0.3750000000000000000, 0.3854166666666666852, 0.3958333333333333148, 0.4062500000000000000, 0.4166666666666666852, 0.4270833333333333148, 0.4375000000000000000, 0.4479166666666666852, 0.4583333333333333148, 0.4687500000000000000, 0.4791666666666666852, 0.4895833333333333148, 0.5000000000000000000, 0.5104166666666666297, 0.5208333333333333703, 0.5312500000000000000, 0.5416666666666666297, 0.5520833333333333703, 0.5625000000000000000, 0.5729166666666666297, 0.5833333333333333703, 0.5937500000000000000, 0.6041666666666666297, 0.6145833333333333703, 0.6250000000000000000, 0.6354166666666666297, 0.6458333333333333703, 0.6562500000000000000, 0.6666666666666666297, 0.6770833333333333703, 0.6875000000000000000, 0.6979166666666666297, 0.7083333333333333703, 0.7187500000000000000, 0.7291666666666666297, 0.7395833333333333703, 0.7500000000000000000, 0.7604166666666666297, 0.7708333333333333703, 0.7812500000000000000, 0.7916666666666666297, 0.8020833333333333703, 0.8125000000000000000, 0.8229166666666666297, 0.8333333333333333703, 0.8437500000000000000, 0.8541666666666666297, 0.8645833333333333703, 0.8750000000000000000, 0.8854166666666666297, 0.8958333333333333703, 0.9062500000000000000, 0.9166666666666666297, 0.9270833333333333703, 0.9375000000000000000, 0.9479166666666666297, 0.9583333333333333703, 0.9687500000000000000, 0.9791666666666666297, 0.9895833333333333703, 1.000000000000000000 ),
 .UNSPECIFIED. ) 
 GEOMETRIC_REPRESENTATION_ITEM ( )  RATIONAL_B_SPLINE_SURFACE ( (
 ( 1.000000000000000000, 0.9238795325112867385, 1.000000000000000000, 0.9238795325112867385, 1.000000000000000000, 0.9238795325112867385, 1.000000000000000000, 0.9238795325112867385, 1.000000000000000000, 0.9238795325112867385, 1.000000000000000000, 0.9238795325112867385, 1.000000000000000000, 0.9238795325112867385, 1.000000000000000000, 0.9238795325112867385, 1.000000000000000000, 0.9238795325112867385, 1.000000000000000000, 0.9238795325112867385, 1.000000000000000000, 0.9238795325112867385, 1.000000000000000000, 0.9238795325112867385, 1.000000000000000000, 0.9238795325112867385, 1.000000000000000000, 0.9238795325112867385, 1.000000000000000000, 0.9238795325112867385, 1.000000000000000000, 0.9238795325112867385, 1.000000000000000000, 0.9238795325112867385, 1.000000000000000000, 0.9238795325112867385, 1.000000000000000000, 0.9238795325112867385, 1.000000000000000000, 0.9238795325112867385, 1.000000000000000000, 0.9238795325112867385, 1.000000000000000000, 0.9238795325112867385, 1.000000000000000000, 0.9238795325112867385, 1.000000000000000000, 0.9238795325112867385, 1.000000000000000000, 0.9238795325112867385, 1.000000000000000000, 0.9238795325112867385, 1.000000000000000000, 0.9238795325112867385, 1.000000000000000000, 0.9238795325112867385, 1.000000000000000000, 0.9238795325112867385, 1.000000000000000000, 0.9238795325112867385, 1.000000000000000000, 0.9238795325112867385, 1.000000000000000000, 0.9238795325112867385, 1.000000000000000000, 0.9238795325112867385, 1.000000000000000000, 0.9238795325112867385, 1.000000000000000000, 0.9238795325112867385, 1.000000000000000000, 0.9238795325112867385, 1.000000000000000000, 0.9238795325112867385, 1.000000000000000000, 0.9238795325112867385, 1.000000000000000000, 0.9238795325112867385, 1.000000000000000000, 0.9238795325112867385, 1.000000000000000000, 0.9238795325112867385, 1.000000000000000000, 0.9238795325112867385, 1.000000000000000000, 0.9238795325112867385, 1.000000000000000000, 0.9238795325112867385, 1.000000000000000000, 0.9238795325112867385, 1.000000000000000000, 0.9238795325112867385, 1.000000000000000000, 0.9238795325112867385, 1.000000000000000000, 0.9238795325112867385, 1.000000000000000000, 0.9238795325112867385, 1.000000000000000000, 0.9238795325112867385, 1.000000000000000000, 0.9238795325112867385, 1.000000000000000000, 0.9238795325112867385, 1.000000000000000000, 0.9238795325112867385, 1.000000000000000000, 0.9238795325112867385, 1.000000000000000000, 0.9238795325112867385, 1.000000000000000000, 0.9238795325112867385, 1.000000000000000000, 0.9238795325112867385, 1.000000000000000000, 0.9238795325112867385, 1.000000000000000000, 0.9238795325112867385, 1.000000000000000000, 0.9238795325112867385, 1.000000000000000000, 0.9238795325112867385, 1.000000000000000000, 0.9238795325112867385, 1.000000000000000000, 0.9238795325112867385, 1.000000000000000000, 0.9238795325112867385, 1.000000000000000000, 0.9238795325112867385, 1.000000000000000000, 0.9238795325112867385, 1.000000000000000000, 0.9238795325112867385, 1.000000000000000000, 0.9238795325112867385, 1.000000000000000000, 0.9238795325112867385, 1.000000000000000000, 0.9238795325112867385, 1.000000000000000000, 0.9238795325112867385, 1.000000000000000000, 0.9238795325112867385, 1.000000000000000000, 0.9238795325112867385, 1.000000000000000000, 0.9238795325112867385, 1.000000000000000000, 0.9238795325112867385, 1.000000000000000000, 0.9238795325112867385, 1.000000000000000000, 0.9238795325112867385, 1.000000000000000000, 0.9238795325112867385, 1.000000000000000000, 0.9238795325112867385, 1.000000000000000000, 0.9238795325112867385, 1.000000000000000000, 0.9238795325112867385, 1.000000000000000000, 0.9238795325112867385, 1.000000000000000000, 0.9238795325112867385, 1.000000000000000000, 0.9238795325112867385, 1.000000000000000000, 0.9238795325112867385, 1.000000000000000000, 0.9238795325112867385, 1.000000000000000000, 0.9238795325112867385, 1.000000000000000000, 0.9238795325112867385, 1.000000000000000000, 0.9238795325112867385, 1.000000000000000000, 0.9238795325112867385, 1.000000000000000000, 0.9238795325112867385, 1.000000000000000000, 0.9238795325112867385, 1.000000000000000000, 0.9238795325112867385, 1.000000000000000000, 0.9238795325112867385, 1.000000000000000000, 0.9238795325112867385, 1.000000000000000000, 0.9238795325112867385, 1.000000000000000000),
 ( 1.000000000000000000, 0.9238795325112867385, 1.000000000000000000, 0.9238795325112867385, 1.000000000000000000, 0.9238795325112867385, 1.000000000000000000, 0.9238795325112867385, 1.000000000000000000, 0.9238795325112867385, 1.000000000000000000, 0.9238795325112867385, 1.000000000000000000, 0.9238795325112867385, 1.000000000000000000, 0.9238795325112867385, 1.000000000000000000, 0.9238795325112867385, 1.000000000000000000, 0.9238795325112867385, 1.000000000000000000, 0.9238795325112867385, 1.000000000000000000, 0.9238795325112867385, 1.000000000000000000, 0.9238795325112867385, 1.000000000000000000, 0.9238795325112867385, 1.000000000000000000, 0.9238795325112867385, 1.000000000000000000, 0.9238795325112867385, 1.000000000000000000, 0.9238795325112867385, 1.000000000000000000, 0.9238795325112867385, 1.000000000000000000, 0.9238795325112867385, 1.000000000000000000, 0.9238795325112867385, 1.000000000000000000, 0.9238795325112867385, 1.000000000000000000, 0.9238795325112867385, 1.000000000000000000, 0.9238795325112867385, 1.000000000000000000, 0.9238795325112867385, 1.000000000000000000, 0.9238795325112867385, 1.000000000000000000, 0.9238795325112867385, 1.000000000000000000, 0.9238795325112867385, 1.000000000000000000, 0.9238795325112867385, 1.000000000000000000, 0.9238795325112867385, 1.000000000000000000, 0.9238795325112867385, 1.000000000000000000, 0.9238795325112867385, 1.000000000000000000, 0.9238795325112867385, 1.000000000000000000, 0.9238795325112867385, 1.000000000000000000, 0.9238795325112867385, 1.000000000000000000, 0.9238795325112867385, 1.000000000000000000, 0.9238795325112867385, 1.000000000000000000, 0.9238795325112867385, 1.000000000000000000, 0.9238795325112867385, 1.000000000000000000, 0.9238795325112867385, 1.000000000000000000, 0.9238795325112867385, 1.000000000000000000, 0.9238795325112867385, 1.000000000000000000, 0.9238795325112867385, 1.000000000000000000, 0.9238795325112867385, 1.000000000000000000, 0.9238795325112867385, 1.000000000000000000, 0.9238795325112867385, 1.000000000000000000, 0.9238795325112867385, 1.000000000000000000, 0.9238795325112867385, 1.000000000000000000, 0.9238795325112867385, 1.000000000000000000, 0.9238795325112867385, 1.000000000000000000, 0.9238795325112867385, 1.000000000000000000, 0.9238795325112867385, 1.000000000000000000, 0.9238795325112867385, 1.000000000000000000, 0.9238795325112867385, 1.000000000000000000, 0.9238795325112867385, 1.000000000000000000, 0.9238795325112867385, 1.000000000000000000, 0.9238795325112867385, 1.000000000000000000, 0.9238795325112867385, 1.000000000000000000, 0.9238795325112867385, 1.000000000000000000, 0.9238795325112867385, 1.000000000000000000, 0.9238795325112867385, 1.000000000000000000, 0.9238795325112867385, 1.000000000000000000, 0.9238795325112867385, 1.000000000000000000, 0.9238795325112867385, 1.000000000000000000, 0.9238795325112867385, 1.000000000000000000, 0.9238795325112867385, 1.000000000000000000, 0.9238795325112867385, 1.000000000000000000, 0.9238795325112867385, 1.000000000000000000, 0.9238795325112867385, 1.000000000000000000, 0.9238795325112867385, 1.000000000000000000, 0.9238795325112867385, 1.000000000000000000, 0.9238795325112867385, 1.000000000000000000, 0.9238795325112867385, 1.000000000000000000, 0.9238795325112867385, 1.000000000000000000, 0.9238795325112867385, 1.000000000000000000, 0.9238795325112867385, 1.000000000000000000, 0.9238795325112867385, 1.000000000000000000, 0.9238795325112867385, 1.000000000000000000, 0.9238795325112867385, 1.000000000000000000, 0.9238795325112867385, 1.000000000000000000, 0.9238795325112867385, 1.000000000000000000, 0.9238795325112867385, 1.000000000000000000, 0.9238795325112867385, 1.000000000000000000, 0.9238795325112867385, 1.000000000000000000, 0.9238795325112867385, 1.000000000000000000, 0.9238795325112867385, 1.000000000000000000, 0.9238795325112867385, 1.000000000000000000, 0.9238795325112867385, 1.000000000000000000, 0.9238795325112867385, 1.000000000000000000, 0.9238795325112867385, 1.000000000000000000, 0.9238795325112867385, 1.000000000000000000, 0.9238795325112867385, 1.000000000000000000, 0.9238795325112867385, 1.000000000000000000, 0.9238795325112867385, 1.000000000000000000, 0.9238795325112867385, 1.000000000000000000, 0.9238795325112867385, 1.000000000000000000, 0.9238795325112867385, 1.000000000000000000) ) ) 
 REPRESENTATION_ITEM ( '' )  SURFACE ( )  );
#3047 = CARTESIAN_POINT ( 'NONE',  ( 0.000000000000000000, -2.999999999999999556, 4.999999999999999112 ) ) ;
#3048 = B_SPLINE_CURVE_WITH_KNOTS ( 'NONE', 3,
 ( #662, #2555, #3843, #946, #1962, #762, #3624, #1089, #3010, #2987, #1051, #3308, #743, #1071, #81, #3990, #1687, #1364, #2662, #429, #1665, #2307, #3270, #1642, #2383, #3911, #1984, #2365, #3600, #2005 ),
 .UNSPECIFIED., .F., .F.,
 ( 4, 2, 2, 2, 2, 2, 2, 2, 2, 2, 2, 2, 2, 2, 4 ),
 ( 0.002322354287317794988, 0.003406548956036177869, 0.003948646290395368443, 0.004490743624754559883, 0.005032840959113750456, 0.005574938293472941897, 0.006117035627832132470, 0.006659132962191323044, 0.007743327630909705057, 0.008285424965268895631, 0.008827522299628087071, 0.009369619633987278512, 0.009911716968346469953, 0.01045381430270566139, 0.01099591163706485110 ),
 .UNSPECIFIED. ) ;
#3049 = CARTESIAN_POINT ( 'NONE',  ( -3.054126587736527121, 1.265060653844732874, -0.7812499999999997780 ) ) ;
#3050 = EDGE_CURVE ( 'NONE', #2370, #35, #1718, .T. ) ;
#3051 = CARTESIAN_POINT ( 'NONE',  ( -2.121320343559642385, -2.121320343559641497, -2.500000000000001332 ) ) ;
#3052 = CARTESIAN_POINT ( 'NONE',  ( -0.9736010864139225118, -2.350480947161669665, -1.062500000000000222 ) ) ;
#3053 = CARTESIAN_POINT ( 'NONE',  ( 0.5190311091142523203, 2.544448166300669723, -4.666013602621403855 ) ) ;
#3054 = EDGE_CURVE ( 'NONE', #991, #1267, #4113, .T. ) ;
#3055 = EDGE_CURVE ( 'NONE', #1870, #4156, #4168, .T. ) ;
#3056 = CARTESIAN_POINT ( 'NONE',  ( -0.9736010864139225118, -2.350480947161669665, 1.062500000000000222 ) ) ;
#3057 = ORIENTED_EDGE ( 'NONE', *, *, #3319, .F. ) ;
#3058 = CARTESIAN_POINT ( 'NONE',  ( 2.121320343559642829, 2.121320343559642829, -0.1250000000000000278 ) ) ;
#3059 = CARTESIAN_POINT ( 'NONE',  ( 0.000000000000000000, 3.000000000000000888, -1.875000000000001332 ) ) ;
#3060 = CARTESIAN_POINT ( 'NONE',  ( 2.159593620790628776, -2.159593620790628776, 0.7187499999999988898 ) ) ;
#3061 = CARTESIAN_POINT ( 'NONE',  ( -0.9736010864139222898, 2.350480947161671441, 2.562500000000000000 ) ) ;
#3062 = CARTESIAN_POINT ( 'NONE',  ( 1.314301895115914665, -3.173005460241602460, -18.72635058279349707 ) ) ;
#3063 = CARTESIAN_POINT ( 'NONE',  ( -1.662041016787796144, 1.662041016787797254, 1.749999999999999778 ) ) ;
#3064 = CARTESIAN_POINT ( 'NONE',  ( 0.9736010864139238441, 2.350480947161670997, 1.437499999999999778 ) ) ;
#3065 = CARTESIAN_POINT ( 'NONE',  ( -2.350480947161670553, 0.9736010864139231780, 0.8124999999999998890 ) ) ;
#3066 = DIRECTION ( 'NONE',  ( 1.000000000000000000, 0.000000000000000000, 0.000000000000000000 ) ) ;
#3067 = VERTEX_POINT ( 'NONE', #2050 ) ;
#3068 = AXIS2_PLACEMENT_3D ( 'NONE', #2335, #3633, #714 ) ;
#3069 = CARTESIAN_POINT ( 'NONE',  ( 1.265060653844733762, 3.054126587736527121, -0.03125000000000002776 ) ) ;
#3070 = DIRECTION ( 'NONE',  ( -0.000000000000000000, -1.836970198721029688E-16, 1.000000000000000000 ) ) ;
#3071 = CARTESIAN_POINT ( 'NONE',  ( 0.000000000000000000, 2.350480947161671441, 0.4999999999999995559 ) ) ;
#3072 = CARTESIAN_POINT ( 'NONE',  ( 2.448326439473887728, 0.2028056213232487248, -4.796729232561088629 ) ) ;
#3073 = VECTOR ( 'NONE', #3457, 1000.000000000000000 ) ;
#3074 = CARTESIAN_POINT ( 'NONE',  ( -2.350480947161670553, -0.9736010864139211796, -1.062500000000000222 ) ) ;
#3075 = CIRCLE ( 'NONE', #3615, 5.108229995917385580 ) ;
#3076 = DIRECTION ( 'NONE',  ( 0.06645228065352215552, -0.1604299972043614630, -0.9848077530122081313 ) ) ;
#3077 = DIRECTION ( 'NONE',  ( 0.3826834323650879499, -0.9238795325112875156, 0.000000000000000000 ) ) ;
#3078 = VERTEX_POINT ( 'NONE', #488 ) ;
#3079 = CARTESIAN_POINT ( 'NONE',  ( 1.441495523232057208, 0.5970869958228156582, 9.600000000000001421 ) ) ;
#3080 = CARTESIAN_POINT ( 'NONE',  ( -3.054126587736527121, 1.265060653844732874, -2.718750000000001332 ) ) ;
#3081 = CARTESIAN_POINT ( 'NONE',  ( -2.878508968398378757E-16, -2.350480947161669665, 1.000000000000000000 ) ) ;
#3082 = ORIENTED_EDGE ( 'NONE', *, *, #2833, .F. ) ;
#3083 = CARTESIAN_POINT ( 'NONE',  ( 1.763491390772188855E-15, -1.763491390772194969E-15, 9.600000000000001421 ) ) ;
#3084 = ORIENTED_EDGE ( 'NONE', *, *, #3790, .F. ) ;
#3085 = CARTESIAN_POINT ( 'NONE',  ( 2.350480947161670109, 0.9736010864139235110, 4.437500000000000888 ) ) ;
#3086 = CARTESIAN_POINT ( 'NONE',  ( 1.662041016787796810, 1.662041016787796810, -1.625000000000000666 ) ) ;
#3087 = CARTESIAN_POINT ( 'NONE',  ( 2.350480947161670109, 0.9736010864139235110, 2.437500000000000000 ) ) ;
#3088 = DIRECTION ( 'NONE',  ( -3.491481338843133750E-15, -1.000000000000000000, 0.000000000000000000 ) ) ;
#3089 = ORIENTED_EDGE ( 'NONE', *, *, #1210, .F. ) ;
#3090 = CARTESIAN_POINT ( 'NONE',  ( 1.265060653844731542, -3.054126587736527121, 4.593750000000000000 ) ) ;
#3091 = CARTESIAN_POINT ( 'NONE',  ( -1.242640687119290543, -2.999999999999993339, -2.437500000000001332 ) ) ;
#3092 = CARTESIAN_POINT ( 'NONE',  ( 2.129723159341291971, 1.318742734599531286, -4.748398360094856940 ) ) ;
#3093 = CARTESIAN_POINT ( 'NONE',  ( -2.350480947161670553, 1.062410547780433880E-15, 3.874999999999999112 ) ) ;
#3094 = ORIENTED_EDGE ( 'NONE', *, *, #1163, .F. ) ;
#3095 = FACE_OUTER_BOUND ( 'NONE', #2467, .T. ) ;
#3096 = ORIENTED_EDGE ( 'NONE', *, *, #1615, .F. ) ;
#3097 = DIRECTION ( 'NONE',  ( -0.3768696111424583162, 0.9098437264664115398, 0.1736481776669309696 ) ) ;
#3098 = EDGE_CURVE ( 'NONE', #3391, #1018, #2860, .T. ) ;
#3099 = CARTESIAN_POINT ( 'NONE',  ( 2.121320343559680133, -2.121320343559602861, -4.249999999999997335 ) ) ;
#3100 = CARTESIAN_POINT ( 'NONE',  ( -3.054126587736527121, 1.265060653844732874, -1.718750000000000888 ) ) ;
#3101 = CARTESIAN_POINT ( 'NONE',  ( -1.662041016787796144, 1.662041016787797254, 3.624999999999998668 ) ) ;
#3102 = DIRECTION ( 'NONE',  ( 0.9238795325112915124, 0.3826834323650782355, 2.400117229230475303E-16 ) ) ;
#3103 = CARTESIAN_POINT ( 'NONE',  ( 0.000000000000000000, 2.350480947161671441, 5.624999999999999112 ) ) ;
#3104 = CARTESIAN_POINT ( 'NONE',  ( 1.662041016787796144, -1.662041016787795922, -1.875000000000000444 ) ) ;
#3105 = EDGE_CURVE ( 'NONE', #2903, #1567, #2393, .T. ) ;
#3106 =( BOUNDED_CURVE ( )  B_SPLINE_CURVE ( 2, ( #3099, #2850, #2537, #3826, #2451, #874, #927 ),
 .UNSPECIFIED., .F., .F. ) 
 B_SPLINE_CURVE_WITH_KNOTS ( ( 3, 2, 2, 3 ),
 ( 0.1354166666666671570, 0.1458333333333336757, 0.1562500000000001388, 0.1666666666666666297 ),
 .UNSPECIFIED. ) 
 CURVE ( )  GEOMETRIC_REPRESENTATION_ITEM ( )  RATIONAL_B_SPLINE_CURVE ( ( 0.9999999999999963363, 0.9238795325112904022, 1.000000000000000000, 0.9238795325112867385, 1.000000000000000000, 0.9238795325112869605, 0.9999999999999997780 ) ) 
 REPRESENTATION_ITEM ( '' )  );
#3107 = CARTESIAN_POINT ( 'NONE',  ( -1.662041016787796144, 1.662041016787797254, 3.749999999999999112 ) ) ;
#3108 = DIRECTION ( 'NONE',  ( 0.000000000000000000, -0.7071067811865487940, 0.7071067811865463515 ) ) ;
#3109 = ORIENTED_EDGE ( 'NONE', *, *, #1481, .T. ) ;
#3110 = CARTESIAN_POINT ( 'NONE',  ( 3.054126587736526677, 3.574511468811600284E-16, 5.781250000000000888 ) ) ;
#3111 = VECTOR ( 'NONE', #2719, 1000.000000000000000 ) ;
#3112 = CARTESIAN_POINT ( 'NONE',  ( 0.8864769705118338283, 1.909514043183166532, 9.523307088717610114 ) ) ;
#3113 = CIRCLE ( 'NONE', #2363, 28.63453637561146436 ) ;
#3114 = CARTESIAN_POINT ( 'NONE',  ( -1.623503712237176266, 0.2739002683744863331, 5.709927797833932672 ) ) ;
#3115 = CARTESIAN_POINT ( 'NONE',  ( 1.399044376609177798, -2.224126867661880613, -4.628330339931503445 ) ) ;
#3116 = ORIENTED_EDGE ( 'NONE', *, *, #3173, .T. ) ;
#3117 = CARTESIAN_POINT ( 'NONE',  ( -1.170207565446109488, -1.229080925788983647, 9.550184678336927746 ) ) ;
#3118 = ORIENTED_EDGE ( 'NONE', *, *, #346, .T. ) ;
#3119 = PLANE ( 'NONE',  #416 ) ;
#3120 = DIRECTION ( 'NONE',  ( -1.000000000000000000, 0.000000000000000000, 0.000000000000000000 ) ) ;
#3121 = CARTESIAN_POINT ( 'NONE',  ( -3.054126587736526677, 1.105496416853632984E-15, 2.343749999999999556 ) ) ;
#3122 = CARTESIAN_POINT ( 'NONE',  ( 1.924264068711935671, -0.2140753138541342526, 5.709927797833932672 ) ) ;
#3123 = CARTESIAN_POINT ( 'NONE',  ( -2.350480947161670553, 0.9736010864139231780, 3.812499999999999112 ) ) ;
#3124 = CARTESIAN_POINT ( 'NONE',  ( -0.9736010864139225118, -2.350480947161669665, -0.06250000000000005551 ) ) ;
#3125 = CARTESIAN_POINT ( 'NONE',  ( -2.350480947161670553, -0.9736010864139212906, 2.937500000000000444 ) ) ;
#3126 = CARTESIAN_POINT ( 'NONE',  ( -2.121320343559642385, -2.121320343559641053, 3.375000000000000888 ) ) ;
#3127 = EDGE_CURVE ( 'NONE', #1018, #1791, #2712, .T. ) ;
#3128 = CARTESIAN_POINT ( 'NONE',  ( -3.054126587736527121, -1.265060653844730876, 5.343750000000000000 ) ) ;
#3129 = COORDINATED_UNIVERSAL_TIME_OFFSET ( 6, 0, .BEHIND. ) ;
#3130 = EDGE_CURVE ( 'NONE', #1208, #4045, #2142, .T. ) ;
#3131 = CARTESIAN_POINT ( 'NONE',  ( 2.999999999999999556, 1.242640687119286769, 2.937499999999999112 ) ) ;
#3132 = CARTESIAN_POINT ( 'NONE',  ( 0.000000000000000000, 3.000000000000000444, 2.000000000000000000 ) ) ;
#3133 = AXIS2_PLACEMENT_3D ( 'NONE', #2606, #995, #3847 ) ;
#3134 = CARTESIAN_POINT ( 'NONE',  ( 0.2140753138541277578, -1.924264068711936115, 5.709927797833932672 ) ) ;
#3135 = ORIENTED_EDGE ( 'NONE', *, *, #2341, .F. ) ;
#3136 = LINE ( 'NONE', #2448, #728 ) ;
#3137 = ORIENTED_EDGE ( 'NONE', *, *, #3928, .T. ) ;
#3138 = ORIENTED_EDGE ( 'NONE', *, *, #4143, .T. ) ;
#3139 = CYLINDRICAL_SURFACE ( 'NONE', #1362, 2.999999999999999112 ) ;
#3140 = PRODUCT ( '92005A420_Steel Pan Head Phillips Screw', '92005A420_Steel Pan Head Phillips Screw', '', ( #3994 ) ) ;
#3141 = CARTESIAN_POINT ( 'NONE',  ( 0.000000000000000000, 3.000000000000000444, -4.000000000000000000 ) ) ;
#3142 = CARTESIAN_POINT ( 'NONE',  ( 1.265060653844733762, 3.054126587736527121, 5.031250000000000000 ) ) ;
#3143 = AXIS2_PLACEMENT_3D ( 'NONE', #3953, #243, #1303 ) ;
#3144 = FACE_OUTER_BOUND ( 'NONE', #863, .T. ) ;
#3145 = CARTESIAN_POINT ( 'NONE',  ( 2.350480947161670109, 0.9736010864139235110, 5.437500000000001776 ) ) ;
#3146 = CARTESIAN_POINT ( 'NONE',  ( 0.9736010864139238441, 2.350480947161670997, 2.437500000000000000 ) ) ;
#3147 = CARTESIAN_POINT ( 'NONE',  ( 0.9736010864139238441, 2.350480947161670997, 6.562500000000000000 ) ) ;
#3148 = EDGE_CURVE ( 'NONE', #1516, #1373, #1409, .T. ) ;
#3149 = FACE_OUTER_BOUND ( 'NONE', #126, .T. ) ;
#3150 = ORIENTED_EDGE ( 'NONE', *, *, #2372, .F. ) ;
#3151 = CARTESIAN_POINT ( 'NONE',  ( -3.054126587736526677, 1.105496416853632984E-15, 3.281250000000000444 ) ) ;
#3152 = DIRECTION ( 'NONE',  ( 1.000000000000000000, 0.000000000000000000, 0.000000000000000000 ) ) ;
#3153 = CARTESIAN_POINT ( 'NONE',  ( 0.000000000000000000, 1.454268073987481462E-15, -4.249999999999997335 ) ) ;
#3154 = EDGE_LOOP ( 'NONE', ( #251, #2792, #2216, #920 ) ) ;
#3155 = CARTESIAN_POINT ( 'NONE',  ( 0.9736010864139238441, 2.350480947161670997, 2.562500000000000000 ) ) ;
#3156 = ORIENTED_EDGE ( 'NONE', *, *, #2770, .T. ) ;
#3157 = CYLINDRICAL_SURFACE ( 'NONE', #2410, 2.999999999999999112 ) ;
#3158 = EDGE_CURVE ( 'NONE', #2113, #667, #2980, .T. ) ;
#3159 = EDGE_LOOP ( 'NONE', ( #2191, #211, #2360, #215 ) ) ;
#3160 = CARTESIAN_POINT ( 'NONE',  ( -3.673940397442059375E-16, -2.999999999999999112, -3.375000000000001332 ) ) ;
#3161 = CARTESIAN_POINT ( 'NONE',  ( -2.121320343559641941, 2.121320343559643717, -3.875000000000000000 ) ) ;
#3162 = CARTESIAN_POINT ( 'NONE',  ( -3.054126587736527121, -1.265060653844730876, 3.406249999999998668 ) ) ;
#3163 = AXIS2_PLACEMENT_3D ( 'NONE', #1963, #19, #1666 ) ;
#3164 = VERTEX_POINT ( 'NONE', #3172 ) ;
#3165 = CARTESIAN_POINT ( 'NONE',  ( -3.315146656056968233, 0.8641082669390061088, 9.396447866816426853 ) ) ;
#3166 = CARTESIAN_POINT ( 'NONE',  ( -0.9736010864139225118, -2.350480947161669665, 5.062500000000001776 ) ) ;
#3167 = CARTESIAN_POINT ( 'NONE',  ( -0.9736010864139225118, -2.350480947161669665, 4.937500000000001776 ) ) ;
#3168 = CARTESIAN_POINT ( 'NONE',  ( -0.9736010864139222898, 2.350480947161671441, 4.687500000000000888 ) ) ;
#3169 = CARTESIAN_POINT ( 'NONE',  ( -3.673940397442059375E-16, -2.999999999999999112, -0.3750000000000014988 ) ) ;
#3170 = CARTESIAN_POINT ( 'NONE',  ( 2.159593620790629664, 2.159593620790629664, 2.906250000000000000 ) ) ;
#3171 = CARTESIAN_POINT ( 'NONE',  ( -3.673940397442059375E-16, -2.999999999999999112, 3.624999999999998668 ) ) ;
#3172 = CARTESIAN_POINT ( 'NONE',  ( 0.000000000000000000, 3.000000000000000888, -2.875000000000001332 ) ) ;
#3173 = EDGE_CURVE ( 'NONE', #4090, #2187, #2529, .T. ) ;
#3174 = VECTOR ( 'NONE', #504, 1000.000000000000000 ) ;
#3175 = CARTESIAN_POINT ( 'NONE',  ( 1.623503712237178265, 0.2739002683744756195, 5.709927797833932672 ) ) ;
#3176 = CARTESIAN_POINT ( 'NONE',  ( 0.000000000000000000, -3.452198941035513415E-15, 9.396447866816426853 ) ) ;
#3177 = CARTESIAN_POINT ( 'NONE',  ( 0.000000000000000000, -2.449293598294706907E-16, 5.000000000000000000 ) ) ;
#3178 = CARTESIAN_POINT ( 'NONE',  ( -2.350480947161670553, 0.9736010864139231780, 5.687499999999999112 ) ) ;
#3179 = EDGE_LOOP ( 'NONE', ( #1915, #3138, #285, #479 ) ) ;
#3180 = ORIENTED_EDGE ( 'NONE', *, *, #2296, .T. ) ;
#3181 = EDGE_CURVE ( 'NONE', #2459, #316, #1343, .T. ) ;
#3182 = CARTESIAN_POINT ( 'NONE',  ( -2.121320343559642385, 2.121320343559643273, -0.7500000000000011102 ) ) ;
#3183 = EDGE_CURVE ( 'NONE', #2194, #2716, #1864, .T. ) ;
#3184 = LINE ( 'NONE', #3450, #2756 ) ;
#3185 = CARTESIAN_POINT ( 'NONE',  ( -0.9736010864139222898, 2.350480947161671441, 3.562499999999998668 ) ) ;
#3186 = CARTESIAN_POINT ( 'NONE',  ( -3.054126587736527121, -1.265060653844730876, 4.406249999999999112 ) ) ;
#3187 = EDGE_LOOP ( 'NONE', ( #1296, #1451, #4183, #925 ) ) ;
#3188 = CARTESIAN_POINT ( 'NONE',  ( 2.999999999999999112, -1.242640687119285881, 0.6874999999999998890 ) ) ;
#3189 = ORIENTED_EDGE ( 'NONE', *, *, #3692, .F. ) ;
#3190 = CARTESIAN_POINT ( 'NONE',  ( -2.999999999999999556, -1.242640687119284104, 3.437499999999998224 ) ) ;
#3191 = CARTESIAN_POINT ( 'NONE',  ( 1.662041016787796810, 1.662041016787796810, 4.374999999999999112 ) ) ;
#3192 = CARTESIAN_POINT ( 'NONE',  ( 0.000000000000000000, 2.350480947161671441, 5.624999999999999112 ) ) ;
#3193 = CARTESIAN_POINT ( 'NONE',  ( -0.9000000000000002442, -1.924264068711938558, 9.600000000000001421 ) ) ;
#3194 = CARTESIAN_POINT ( 'NONE',  ( 2.350480947161670553, 4.867087541007580301E-16, -4.625000000000000888 ) ) ;
#3195 = VERTEX_POINT ( 'NONE', #4151 ) ;
#3196 = CARTESIAN_POINT ( 'NONE',  ( 1.181714235612960628, -1.207097663527952003, 9.550645913738115667 ) ) ;
#3197 = CARTESIAN_POINT ( 'NONE',  ( -2.121320343559642385, -2.121320343559641497, 0.4999999999999992784 ) ) ;
#3198 = CARTESIAN_POINT ( 'NONE',  ( -0.5210459009273216147, 2.908961808309811214, 5.000000000000000000 ) ) ;
#3199 = VERTEX_POINT ( 'NONE', #3114 ) ;
#3200 = CARTESIAN_POINT ( 'NONE',  ( 1.662041016787796810, 1.662041016787796810, -3.625000000000000444 ) ) ;
#3201 = DIRECTION ( 'NONE',  ( -1.836970198721029688E-16, 1.836970198721036097E-16, -1.000000000000000000 ) ) ;
#3202 = CARTESIAN_POINT ( 'NONE',  ( -3.499999999999998668, -3.526982781544377710E-15, 9.600000000000001421 ) ) ;
#3203 = CARTESIAN_POINT ( 'NONE',  ( 2.350480947161670553, 4.867087541007580301E-16, 5.250000000000000000 ) ) ;
#3204 = VECTOR ( 'NONE', #926, 1000.000000000000000 ) ;
#3205 = ORIENTED_EDGE ( 'NONE', *, *, #834, .T. ) ;
#3206 = CARTESIAN_POINT ( 'NONE',  ( -0.8641082669389731352, -3.315146656056978891, 9.396447866816425076 ) ) ;
#3207 = DIRECTION ( 'NONE',  ( -0.3826834323650876168, -0.9238795325112877377, -1.207983448782485271E-16 ) ) ;
#3208 = CARTESIAN_POINT ( 'NONE',  ( -2.350480947161670553, 0.9736010864139232890, 2.687500000000000000 ) ) ;
#3209 = CC_DESIGN_SECURITY_CLASSIFICATION ( #967, ( #2386 ) ) ;
#3210 = CARTESIAN_POINT ( 'NONE',  ( 3.054126587736527121, 1.265060653844733318, 4.906250000000000000 ) ) ;
#3211 = ORIENTED_EDGE ( 'NONE', *, *, #3433, .F. ) ;
#3212 = DIRECTION ( 'NONE',  ( 0.000000000000000000, -1.000000000000000000, 0.000000000000000000 ) ) ;
#3213 = AXIS2_PLACEMENT_3D ( 'NONE', #2276, #1244, #3858 ) ;
#3214 = CARTESIAN_POINT ( 'NONE',  ( 1.662041016787796144, -1.662041016787795922, 4.124999999999999112 ) ) ;
#3215 = AXIS2_PLACEMENT_3D ( 'NONE', #1458, #2437, #1798 ) ;
#3216 = CARTESIAN_POINT ( 'NONE',  ( 1.662041016787796144, -1.662041016787795922, 6.249999999999999112 ) ) ;
#3217 = CARTESIAN_POINT ( 'NONE',  ( 2.121320343559642829, 2.121320343559642829, -1.206174916890123683E-15 ) ) ;
#3218 = ORIENTED_EDGE ( 'NONE', *, *, #3005, .T. ) ;
#3219 = CARTESIAN_POINT ( 'NONE',  ( -2.350480947161670553, -0.9736010864139212906, -2.062500000000000888 ) ) ;
#3220 = CARTESIAN_POINT ( 'NONE',  ( -2.350480947161670553, 1.062410547780433880E-15, -4.125000000000000000 ) ) ;
#3221 = CARTESIAN_POINT ( 'NONE',  ( 0.3345949825845652148, -0.8077837448576580259, 5.709927797833932672 ) ) ;
#3222 = CARTESIAN_POINT ( 'NONE',  ( 2.159593620790628776, -2.159593620790628776, -1.343750000000000000 ) ) ;
#3223 = VERTEX_POINT ( 'NONE', #250 ) ;
#3224 = CARTESIAN_POINT ( 'NONE',  ( 2.350480947161670109, 0.9736010864139235110, -2.687500000000000888 ) ) ;
#3225 = LINE ( 'NONE', #1206, #3317 ) ;
#3226 = CARTESIAN_POINT ( 'NONE',  ( 4.074790491780804658, 7.141468346468292567E-15, -18.61343887244345652 ) ) ;
#3227 = CARTESIAN_POINT ( 'NONE',  ( -0.4300673849966382134, 2.499018586334698977, 6.934879704086120533 ) ) ;
#3228 = VERTEX_POINT ( 'NONE', #1845 ) ;
#3229 = DIRECTION ( 'NONE',  ( 0.000000000000000000, 0.000000000000000000, 1.000000000000000000 ) ) ;
#3230 = CARTESIAN_POINT ( 'NONE',  ( 2.350480947161670553, 4.867087541007580301E-16, -2.625000000000000444 ) ) ;
#3231 = CARTESIAN_POINT ( 'NONE',  ( -1.662041016787796144, 1.662041016787797254, 4.625000000000000000 ) ) ;
#3232 = CARTESIAN_POINT ( 'NONE',  ( 2.783918780151885208, 0.5648713658742846588, 5.000000000000000888 ) ) ;
#3233 = EDGE_LOOP ( 'NONE', ( #228, #3089, #4054, #2631 ) ) ;
#3234 = CARTESIAN_POINT ( 'NONE',  ( 0.000000000000000000, 1.592040838891558898E-15, -5.000000000000000000 ) ) ;
#3235 = CONICAL_SURFACE ( 'NONE', #1178, 0.1000000000000002554, 0.1745329251994333364 ) ;
#3236 = CARTESIAN_POINT ( 'NONE',  ( -1.662041016787796366, -1.662041016787795256, 5.874999999999999112 ) ) ;
#3237 = CARTESIAN_POINT ( 'NONE',  ( -0.9736010864139225118, -2.350480947161669665, 6.062499999999999112 ) ) ;
#3238 = DIRECTION ( 'NONE',  ( -0.9238795325112890700, 0.3826834323650843972, 1.207983448782485271E-16 ) ) ;
#3239 = CARTESIAN_POINT ( 'NONE',  ( -0.9736010864139225118, -2.350480947161669665, -4.937500000000001776 ) ) ;
#3240 = EDGE_CURVE ( 'NONE', #1568, #3840, #3817, .T. ) ;
#3241 = CARTESIAN_POINT ( 'NONE',  ( 0.000000000000000000, 2.350480947161671441, -5.375000000000000000 ) ) ;
#3242 = CARTESIAN_POINT ( 'NONE',  ( -2.121320343559642385, 2.121320343559643273, 0.2499999999999990286 ) ) ;
#3243 = CARTESIAN_POINT ( 'NONE',  ( -1.265060653844732208, 3.054126587736527565, -3.906250000000000000 ) ) ;
#3244 = CARTESIAN_POINT ( 'NONE',  ( -2.350480947161670553, 0.9736010864139231780, -5.312500000000001776 ) ) ;
#3245 = CARTESIAN_POINT ( 'NONE',  ( 0.000000000000000000, -2.449293598294706907E-16, 5.000000000000000000 ) ) ;
#3246 = DIRECTION ( 'NONE',  ( 1.000000000000000000, -1.224646799147353207E-16, -2.249639673992786412E-32 ) ) ;
#3247 = CARTESIAN_POINT ( 'NONE',  ( 2.350480947161670109, 0.9736010864139237331, -4.687500000000000888 ) ) ;
#3248 = ORIENTED_EDGE ( 'NONE', *, *, #773, .T. ) ;
#3249 = CARTESIAN_POINT ( 'NONE',  ( 2.999999999999999556, 1.242640687119286769, -3.062500000000001776 ) ) ;
#3250 = CIRCLE ( 'NONE', #2822, 28.63453637561146436 ) ;
#3251 = CARTESIAN_POINT ( 'NONE',  ( 2.350480947161670553, 4.867087541007580301E-16, -3.625000000000000444 ) ) ;
#3252 = CARTESIAN_POINT ( 'NONE',  ( 0.000000000000000000, 2.350480947161671441, 1.499999999999999556 ) ) ;
#3253 = CARTESIAN_POINT ( 'NONE',  ( -3.673940397442059375E-16, -2.999999999999999112, 1.624999999999998668 ) ) ;
#3254 = VECTOR ( 'NONE', #3957, 1000.000000000000227 ) ;
#3255 = ORIENTED_EDGE ( 'NONE', *, *, #2495, .T. ) ;
#3256 = CARTESIAN_POINT ( 'NONE',  ( -3.673940397442059375E-16, -2.999999999999999112, 3.624999999999998668 ) ) ;
#3257 = CARTESIAN_POINT ( 'NONE',  ( -3.054126587736527121, -1.265060653844730876, -4.593750000000000888 ) ) ;
#3258 = CARTESIAN_POINT ( 'NONE',  ( 2.350480947161670109, -0.9736010864139228449, -1.812500000000000444 ) ) ;
#3259 = CYLINDRICAL_SURFACE ( 'NONE', #136, 2.999999999999999112 ) ;
#3260 = CARTESIAN_POINT ( 'NONE',  ( 2.350480947161670109, 0.9736010864139235110, -4.562500000000000888 ) ) ;
#3261 = ORIENTED_EDGE ( 'NONE', *, *, #596, .T. ) ;
#3262 = CARTESIAN_POINT ( 'NONE',  ( 0.9736010864139216237, -2.350480947161670109, -1.812500000000000444 ) ) ;
#3263 = ADVANCED_FACE ( 'NONE', ( #826 ), #2289, .T. ) ;
#3264 = CARTESIAN_POINT ( 'NONE',  ( -3.673940397442059375E-16, -2.999999999999999112, 0.6249999999999993339 ) ) ;
#3265 = ORIENTED_EDGE ( 'NONE', *, *, #3098, .F. ) ;
#3266 = CARTESIAN_POINT ( 'NONE',  ( 3.054126587736526677, -1.265060653844732652, -4.281250000000000888 ) ) ;
#3267 = ADVANCED_FACE ( 'NONE', ( #4129 ), #1944, .T. ) ;
#3268 = VERTEX_POINT ( 'NONE', #2818 ) ;
#3269 = CARTESIAN_POINT ( 'NONE',  ( -2.350480947161670553, 1.062410547780433880E-15, -5.250000000000000000 ) ) ;
#3270 = CARTESIAN_POINT ( 'NONE',  ( -1.696414671084029102, 2.074100522020692949, -4.576632764964566391 ) ) ;
#3271 = CARTESIAN_POINT ( 'NONE',  ( 2.121320343559642829, 2.121320343559642829, -4.125000000000000000 ) ) ;
#3272 = CARTESIAN_POINT ( 'NONE',  ( 2.908604249243455619, -0.6469952317479799042, 8.165138657535667477 ) ) ;
#3273 = EDGE_LOOP ( 'NONE', ( #2132, #74, #1095, #1619 ) ) ;
#3274 = CARTESIAN_POINT ( 'NONE',  ( -0.9736010864139222898, 2.350480947161671441, -3.312500000000000444 ) ) ;
#3275 = CARTESIAN_POINT ( 'NONE',  ( -0.9736010864139225118, -2.350480947161669665, 4.937500000000000888 ) ) ;
#3276 = CARTESIAN_POINT ( 'NONE',  ( 2.790006038448505254, 0.03710913245881542616, 4.999999999999996447 ) ) ;
#3277 = VECTOR ( 'NONE', #1717, 1000.000000000000000 ) ;
#3278 = CARTESIAN_POINT ( 'NONE',  ( -2.999999999999999556, 1.242640687119286325, 3.312499999999998224 ) ) ;
#3279 = CARTESIAN_POINT ( 'NONE',  ( -1.265060653844732430, -3.054126587736526677, -4.468750000000000888 ) ) ;
#3280 = CARTESIAN_POINT ( 'NONE',  ( -0.9736010864139225118, -2.350480947161669665, -0.06250000000000005551 ) ) ;
#3281 = DIRECTION ( 'NONE',  ( -0.3826834323650876724, -0.9238795325112877377, -9.941611076326173438E-17 ) ) ;
#3282 = CARTESIAN_POINT ( 'NONE',  ( -2.350480947161670553, 0.9736010864139231780, -2.187500000000000444 ) ) ;
#3283 = CARTESIAN_POINT ( 'NONE',  ( -2.350480947161670553, 0.9736010864139231780, -2.187500000000000444 ) ) ;
#3284 = CARTESIAN_POINT ( 'NONE',  ( 0.000000000000000000, -2.449293598294706907E-16, 5.000000000000000000 ) ) ;
#3285 = EDGE_LOOP ( 'NONE', ( #620, #1811, #4164, #3764 ) ) ;
#3286 = CARTESIAN_POINT ( 'NONE',  ( -2.159593620790628776, 2.159593620790630109, -1.843750000000000000 ) ) ;
#3287 = VECTOR ( 'NONE', #2350, 1000.000000000000000 ) ;
#3288 = CARTESIAN_POINT ( 'NONE',  ( -2.350480947161670553, 0.9736010864139231780, -2.312500000000000888 ) ) ;
#3289 = CARTESIAN_POINT ( 'NONE',  ( -1.314301895115932650, -3.173005460241598019, -18.72635058279349707 ) ) ;
#3290 = PLANE ( 'NONE',  #3163 ) ;
#3291 = CARTESIAN_POINT ( 'NONE',  ( 0.9736010864139238441, 2.350480947161670997, -3.562500000000000444 ) ) ;
#3292 = CARTESIAN_POINT ( 'NONE',  ( 1.242640687119284770, -2.999999999999999556, 0.5624999999999998890 ) ) ;
#3293 = EDGE_CURVE ( 'NONE', #3840, #375, #314, .T. ) ;
#3294 = CARTESIAN_POINT ( 'NONE',  ( -0.9736010864139222898, 2.350480947161671441, -2.312500000000000888 ) ) ;
#3295 = ORIENTED_EDGE ( 'NONE', *, *, #1217, .F. ) ;
#3296 = CARTESIAN_POINT ( 'NONE',  ( 3.054126587736527121, 1.265060653844733318, 5.906249999999999112 ) ) ;
#3297 = CARTESIAN_POINT ( 'NONE',  ( 0.000000000000000000, -3.452198941035513415E-15, 9.396447866816426853 ) ) ;
#3298 =( BOUNDED_SURFACE ( )  B_SPLINE_SURFACE ( 1, 2, ( 
 ( #3529, #2531, #1595, #3244, #3269, #1640, #2574, #2284, #3510, #3555, #4153, #1573, #39, #661, #1298, #1961, #2869, #3819, #2600, #1275, #324, #1319, #921, #3863, #637, #3910, #3887, #1888, #2962, #1620, #3200, #347, #2554, #989, #2621, #2213, #298, #3842, #4180, #945, #968, #615, #2915, #2939, #1936, #3224, #2306, #3599, #681, #1911, #1983, #3288, #2986, #1119, #4022, #3418, #1442, #2751, #3104, #2418, #1050, #3381, #3086, #3307, #2004, #521, #58, #388, #157, #2346, #180, #2661, #1135, #2642, #2327, #3643, #1339, #462, #2098, #2122, #498, #2735, #2439, #3623, #3712, #1363, #1686, #3124, #3729, #1460, #820, #3949, #3932, #4042, #135, #3398, #1478, #1029, #798, #482, #2768, #1800, #702, #1819, #1781, #777, #4061, #2081, #1155, #2456, #1761, #3064, #3749, #840, #2140, #3437, #1838, #581, #2204, #2520, #880, #933, #908, #604, #1498, #3521, #2178, #3146, #4122, #245, #1924, #557, #2252, #4144, #1218, #3501, #4166, #2476, #223, #2543, #3767, #2228, #1585, #3810, #2881, #2811, #3474, #1242, #4102, #1901, #4079, #1519, #197, #1263, #3214, #1879, #1857, #3831, #3191, #289, #2565, #267, #2499, #1563, #3856, #2858, #628, #3167, #3789, #1541, #957, #1197, #2789, #3545, #1175, #860, #2158, #2834, #3455, #537, #49, #650, #3236, #1313, #2905, #3900, #68, #2612, #311, #1606, #2999, #4192, #1021 ),
 ( #1041, #3569, #3299, #2016, #1288, #1002, #2588, #2297, #3878, #672, #1948, #3610, #2318, #1330, #3591, #3942, #3922, #3634, #982, #2336, #1972, #3257, #2952, #3279, #735, #360, #1063, #2975, #31, #693, #1375, #2273, #335, #1351, #1630, #715, #399, #2632, #1697, #2929, #1654, #2650, #8, #3320, #1997, #380, #1678, #2672, #3959, #2356, #3654, #3080, #2413, #1455, #1793, #793, #112, #2094, #2747, #2728, #2452, #1099, #1418, #2395, #149, #3672, #3337, #3100, #2037, #3394, #4036, #2708, #418, #815, #1131, #753, #458, #2434, #2076, #477, #3725, #1755, #1736, #4002, #3707, #3980, #2689, #1151, #2059, #1082, #1776, #3039, #2116, #3356, #3414, #1719, #3020, #3688, #90, #769, #4018, #494, #173, #3375, #1474, #1396, #3060, #439, #2375, #3745, #2764, #4057, #131, #1435, #1114, #2472, #2786, #2562, #1874, #2515, #261, #4075, #2135, #904, #3784, #2829, #3828, #3432, #875, #553, #2223, #3806, #3121, #4163, #1536, #1494, #2852, #1171, #2199, #929, #516, #2805, #193, #4097, #837, #2493, #3762, #1212, #4117, #3162, #1515, #1558, #3495, #1239, #1815, #4140, #1190, #854, #1853, #2173, #2155, #3471, #2877, #577, #241, #3186, #601, #3451, #533, #2539, #1833, #3518, #1896, #3210, #284, #3142, #1581, #1260, #218, #376, #3541, #1285, #3852, #2334, #2648, #1328, #1628, #690, #26, #3296, #3632, #2628, #1945 ) ),
 .UNSPECIFIED., .F., .F., .F. ) 
 B_SPLINE_SURFACE_WITH_KNOTS ( ( 2, 2 ),
 ( 3, 2, 2, 2, 2, 2, 2, 2, 2, 2, 2, 2, 2, 2, 2, 2, 2, 2, 2, 2, 2, 2, 2, 2, 2, 2, 2, 2, 2, 2, 2, 2, 2, 2, 2, 2, 2, 2, 2, 2, 2, 2, 2, 2, 2, 2, 2, 2, 2, 2, 2, 2, 2, 2, 2, 2, 2, 2, 2, 2, 2, 2, 2, 2, 2, 2, 2, 2, 2, 2, 2, 2, 2, 2, 2, 2, 2, 2, 2, 2, 2, 2, 2, 2, 2, 2, 2, 2, 2, 2, 2, 2, 2, 2, 2, 2, 3 ),
 ( 0.000000000000000000, 1.000000000000000000 ),
 ( 0.000000000000000000, 0.01041666666666666609, 0.02083333333333333218, 0.03125000000000000000, 0.04166666666666666435, 0.05208333333333333565, 0.06250000000000000000, 0.07291666666666667129, 0.08333333333333332871, 0.09375000000000000000, 0.1041666666666666713, 0.1145833333333333287, 0.1250000000000000000, 0.1354166666666666574, 0.1458333333333333426, 0.1562500000000000000, 0.1666666666666666574, 0.1770833333333333426, 0.1875000000000000000, 0.1979166666666666574, 0.2083333333333333426, 0.2187500000000000000, 0.2291666666666666574, 0.2395833333333333426, 0.2500000000000000000, 0.2604166666666666852, 0.2708333333333333148, 0.2812500000000000000, 0.2916666666666666852, 0.3020833333333333148, 0.3125000000000000000, 0.3229166666666666852, 0.3333333333333333148, 0.3437500000000000000, 0.3541666666666666852, 0.3645833333333333148, 0.3750000000000000000, 0.3854166666666666852, 0.3958333333333333148, 0.4062500000000000000, 0.4166666666666666852, 0.4270833333333333148, 0.4375000000000000000, 0.4479166666666666852, 0.4583333333333333148, 0.4687500000000000000, 0.4791666666666666852, 0.4895833333333333148, 0.5000000000000000000, 0.5104166666666666297, 0.5208333333333333703, 0.5312500000000000000, 0.5416666666666666297, 0.5520833333333333703, 0.5625000000000000000, 0.5729166666666666297, 0.5833333333333333703, 0.5937500000000000000, 0.6041666666666666297, 0.6145833333333333703, 0.6250000000000000000, 0.6354166666666666297, 0.6458333333333333703, 0.6562500000000000000, 0.6666666666666666297, 0.6770833333333333703, 0.6875000000000000000, 0.6979166666666666297, 0.7083333333333333703, 0.7187500000000000000, 0.7291666666666666297, 0.7395833333333333703, 0.7500000000000000000, 0.7604166666666666297, 0.7708333333333333703, 0.7812500000000000000, 0.7916666666666666297, 0.8020833333333333703, 0.8125000000000000000, 0.8229166666666666297, 0.8333333333333333703, 0.8437500000000000000, 0.8541666666666666297, 0.8645833333333333703, 0.8750000000000000000, 0.8854166666666666297, 0.8958333333333333703, 0.9062500000000000000, 0.9166666666666666297, 0.9270833333333333703, 0.9375000000000000000, 0.9479166666666666297, 0.9583333333333333703, 0.9687500000000000000, 0.9791666666666666297, 0.9895833333333333703, 1.000000000000000000 ),
 .UNSPECIFIED. ) 
 GEOMETRIC_REPRESENTATION_ITEM ( )  RATIONAL_B_SPLINE_SURFACE ( (
 ( 1.000000000000000000, 0.9238795325112867385, 1.000000000000000000, 0.9238795325112867385, 1.000000000000000000, 0.9238795325112867385, 1.000000000000000000, 0.9238795325112867385, 1.000000000000000000, 0.9238795325112867385, 1.000000000000000000, 0.9238795325112867385, 1.000000000000000000, 0.9238795325112867385, 1.000000000000000000, 0.9238795325112867385, 1.000000000000000000, 0.9238795325112867385, 1.000000000000000000, 0.9238795325112867385, 1.000000000000000000, 0.9238795325112867385, 1.000000000000000000, 0.9238795325112867385, 1.000000000000000000, 0.9238795325112867385, 1.000000000000000000, 0.9238795325112867385, 1.000000000000000000, 0.9238795325112867385, 1.000000000000000000, 0.9238795325112867385, 1.000000000000000000, 0.9238795325112867385, 1.000000000000000000, 0.9238795325112867385, 1.000000000000000000, 0.9238795325112867385, 1.000000000000000000, 0.9238795325112867385, 1.000000000000000000, 0.9238795325112867385, 1.000000000000000000, 0.9238795325112867385, 1.000000000000000000, 0.9238795325112867385, 1.000000000000000000, 0.9238795325112867385, 1.000000000000000000, 0.9238795325112867385, 1.000000000000000000, 0.9238795325112867385, 1.000000000000000000, 0.9238795325112867385, 1.000000000000000000, 0.9238795325112867385, 1.000000000000000000, 0.9238795325112867385, 1.000000000000000000, 0.9238795325112867385, 1.000000000000000000, 0.9238795325112867385, 1.000000000000000000, 0.9238795325112867385, 1.000000000000000000, 0.9238795325112867385, 1.000000000000000000, 0.9238795325112867385, 1.000000000000000000, 0.9238795325112867385, 1.000000000000000000, 0.9238795325112867385, 1.000000000000000000, 0.9238795325112867385, 1.000000000000000000, 0.9238795325112867385, 1.000000000000000000, 0.9238795325112867385, 1.000000000000000000, 0.9238795325112867385, 1.000000000000000000, 0.9238795325112867385, 1.000000000000000000, 0.9238795325112867385, 1.000000000000000000, 0.9238795325112867385, 1.000000000000000000, 0.9238795325112867385, 1.000000000000000000, 0.9238795325112867385, 1.000000000000000000, 0.9238795325112867385, 1.000000000000000000, 0.9238795325112867385, 1.000000000000000000, 0.9238795325112867385, 1.000000000000000000, 0.9238795325112867385, 1.000000000000000000, 0.9238795325112867385, 1.000000000000000000, 0.9238795325112867385, 1.000000000000000000, 0.9238795325112867385, 1.000000000000000000, 0.9238795325112867385, 1.000000000000000000, 0.9238795325112867385, 1.000000000000000000, 0.9238795325112867385, 1.000000000000000000, 0.9238795325112867385, 1.000000000000000000, 0.9238795325112867385, 1.000000000000000000, 0.9238795325112867385, 1.000000000000000000, 0.9238795325112867385, 1.000000000000000000, 0.9238795325112867385, 1.000000000000000000, 0.9238795325112867385, 1.000000000000000000, 0.9238795325112867385, 1.000000000000000000, 0.9238795325112867385, 1.000000000000000000, 0.9238795325112867385, 1.000000000000000000, 0.9238795325112867385, 1.000000000000000000, 0.9238795325112867385, 1.000000000000000000, 0.9238795325112867385, 1.000000000000000000, 0.9238795325112867385, 1.000000000000000000, 0.9238795325112867385, 1.000000000000000000, 0.9238795325112867385, 1.000000000000000000, 0.9238795325112867385, 1.000000000000000000, 0.9238795325112867385, 1.000000000000000000, 0.9238795325112867385, 1.000000000000000000, 0.9238795325112867385, 1.000000000000000000, 0.9238795325112867385, 1.000000000000000000, 0.9238795325112867385, 1.000000000000000000, 0.9238795325112867385, 1.000000000000000000, 0.9238795325112867385, 1.000000000000000000, 0.9238795325112867385, 1.000000000000000000, 0.9238795325112867385, 1.000000000000000000, 0.9238795325112867385, 1.000000000000000000, 0.9238795325112867385, 1.000000000000000000, 0.9238795325112867385, 1.000000000000000000, 0.9238795325112867385, 1.000000000000000000, 0.9238795325112867385, 1.000000000000000000, 0.9238795325112867385, 1.000000000000000000, 0.9238795325112867385, 1.000000000000000000, 0.9238795325112867385, 1.000000000000000000, 0.9238795325112867385, 1.000000000000000000, 0.9238795325112867385, 1.000000000000000000, 0.9238795325112867385, 1.000000000000000000, 0.9238795325112867385, 1.000000000000000000, 0.9238795325112867385, 1.000000000000000000, 0.9238795325112867385, 1.000000000000000000, 0.9238795325112867385, 1.000000000000000000, 0.9238795325112867385, 1.000000000000000000),
 ( 1.000000000000000000, 0.9238795325112867385, 1.000000000000000000, 0.9238795325112867385, 1.000000000000000000, 0.9238795325112867385, 1.000000000000000000, 0.9238795325112867385, 1.000000000000000000, 0.9238795325112867385, 1.000000000000000000, 0.9238795325112867385, 1.000000000000000000, 0.9238795325112867385, 1.000000000000000000, 0.9238795325112867385, 1.000000000000000000, 0.9238795325112867385, 1.000000000000000000, 0.9238795325112867385, 1.000000000000000000, 0.9238795325112867385, 1.000000000000000000, 0.9238795325112867385, 1.000000000000000000, 0.9238795325112867385, 1.000000000000000000, 0.9238795325112867385, 1.000000000000000000, 0.9238795325112867385, 1.000000000000000000, 0.9238795325112867385, 1.000000000000000000, 0.9238795325112867385, 1.000000000000000000, 0.9238795325112867385, 1.000000000000000000, 0.9238795325112867385, 1.000000000000000000, 0.9238795325112867385, 1.000000000000000000, 0.9238795325112867385, 1.000000000000000000, 0.9238795325112867385, 1.000000000000000000, 0.9238795325112867385, 1.000000000000000000, 0.9238795325112867385, 1.000000000000000000, 0.9238795325112867385, 1.000000000000000000, 0.9238795325112867385, 1.000000000000000000, 0.9238795325112867385, 1.000000000000000000, 0.9238795325112867385, 1.000000000000000000, 0.9238795325112867385, 1.000000000000000000, 0.9238795325112867385, 1.000000000000000000, 0.9238795325112867385, 1.000000000000000000, 0.9238795325112867385, 1.000000000000000000, 0.9238795325112867385, 1.000000000000000000, 0.9238795325112867385, 1.000000000000000000, 0.9238795325112867385, 1.000000000000000000, 0.9238795325112867385, 1.000000000000000000, 0.9238795325112867385, 1.000000000000000000, 0.9238795325112867385, 1.000000000000000000, 0.9238795325112867385, 1.000000000000000000, 0.9238795325112867385, 1.000000000000000000, 0.9238795325112867385, 1.000000000000000000, 0.9238795325112867385, 1.000000000000000000, 0.9238795325112867385, 1.000000000000000000, 0.9238795325112867385, 1.000000000000000000, 0.9238795325112867385, 1.000000000000000000, 0.9238795325112867385, 1.000000000000000000, 0.9238795325112867385, 1.000000000000000000, 0.9238795325112867385, 1.000000000000000000, 0.9238795325112867385, 1.000000000000000000, 0.9238795325112867385, 1.000000000000000000, 0.9238795325112867385, 1.000000000000000000, 0.9238795325112867385, 1.000000000000000000, 0.9238795325112867385, 1.000000000000000000, 0.9238795325112867385, 1.000000000000000000, 0.9238795325112867385, 1.000000000000000000, 0.9238795325112867385, 1.000000000000000000, 0.9238795325112867385, 1.000000000000000000, 0.9238795325112867385, 1.000000000000000000, 0.9238795325112867385, 1.000000000000000000, 0.9238795325112867385, 1.000000000000000000, 0.9238795325112867385, 1.000000000000000000, 0.9238795325112867385, 1.000000000000000000, 0.9238795325112867385, 1.000000000000000000, 0.9238795325112867385, 1.000000000000000000, 0.9238795325112867385, 1.000000000000000000, 0.9238795325112867385, 1.000000000000000000, 0.9238795325112867385, 1.000000000000000000, 0.9238795325112867385, 1.000000000000000000, 0.9238795325112867385, 1.000000000000000000, 0.9238795325112867385, 1.000000000000000000, 0.9238795325112867385, 1.000000000000000000, 0.9238795325112867385, 1.000000000000000000, 0.9238795325112867385, 1.000000000000000000, 0.9238795325112867385, 1.000000000000000000, 0.9238795325112867385, 1.000000000000000000, 0.9238795325112867385, 1.000000000000000000, 0.9238795325112867385, 1.000000000000000000, 0.9238795325112867385, 1.000000000000000000, 0.9238795325112867385, 1.000000000000000000, 0.9238795325112867385, 1.000000000000000000, 0.9238795325112867385, 1.000000000000000000, 0.9238795325112867385, 1.000000000000000000, 0.9238795325112867385, 1.000000000000000000, 0.9238795325112867385, 1.000000000000000000, 0.9238795325112867385, 1.000000000000000000, 0.9238795325112867385, 1.000000000000000000, 0.9238795325112867385, 1.000000000000000000, 0.9238795325112867385, 1.000000000000000000, 0.9238795325112867385, 1.000000000000000000, 0.9238795325112867385, 1.000000000000000000, 0.9238795325112867385, 1.000000000000000000, 0.9238795325112867385, 1.000000000000000000, 0.9238795325112867385, 1.000000000000000000, 0.9238795325112867385, 1.000000000000000000, 0.9238795325112867385, 1.000000000000000000, 0.9238795325112867385, 1.000000000000000000) ) ) 
 REPRESENTATION_ITEM ( '' )  SURFACE ( )  );
#3299 = CARTESIAN_POINT ( 'NONE',  ( -2.159593620790628776, 2.159593620790630109, -5.781250000000000888 ) ) ;
#3300 = CARTESIAN_POINT ( 'NONE',  ( 2.350480947161670109, -0.9736010864139228449, -2.812500000000000888 ) ) ;
#3301 = CARTESIAN_POINT ( 'NONE',  ( 1.207097663527946230, 1.181714235612963071, 9.550645913738115667 ) ) ;
#3302 = CARTESIAN_POINT ( 'NONE',  ( 1.662041016787796144, -1.662041016787795922, 2.249999999999999556 ) ) ;
#3303 = VECTOR ( 'NONE', #2640, 1000.000000000000000 ) ;
#3304 = CARTESIAN_POINT ( 'NONE',  ( 2.350480947161670553, 4.867087541007580301E-16, -1.625000000000000666 ) ) ;
#3305 = CARTESIAN_POINT ( 'NONE',  ( -1.270710678118647907, 1.270710678118666115, 9.600000000000001421 ) ) ;
#3306 = CARTESIAN_POINT ( 'NONE',  ( 1.265060653844733762, 3.054126587736527121, -4.031250000000000000 ) ) ;
#3307 = CARTESIAN_POINT ( 'NONE',  ( 0.9736010864139238441, 2.350480947161670997, -1.562500000000000888 ) ) ;
#3308 = CARTESIAN_POINT ( 'NONE',  ( -2.615122982661291839, -1.015617255921505979, -4.450411116831214819 ) ) ;
#3309 = CARTESIAN_POINT ( 'NONE',  ( 0.000000000000000000, -8.673617379884035472E-16, 8.239927797833935585 ) ) ;
#3310 = CARTESIAN_POINT ( 'NONE',  ( 2.350480947161670109, -0.9736010864139228449, 0.1874999999999993339 ) ) ;
#3311 = DIRECTION ( 'NONE',  ( -0.000000000000000000, -0.000000000000000000, -1.000000000000000000 ) ) ;
#3312 = APPROVAL_STATUS ( 'not_yet_approved' ) ;
#3313 = CARTESIAN_POINT ( 'NONE',  ( 1.662041016787796810, 1.662041016787796810, 2.499999999999999556 ) ) ;
#3314 = VERTEX_POINT ( 'NONE', #2775 ) ;
#3315 = CARTESIAN_POINT ( 'NONE',  ( 2.291093314784594437, 1.919144929508217023, 4.999999999999988454 ) ) ;
#3316 = ADVANCED_FACE ( 'NONE', ( #3424 ), #1485, .T. ) ;
#3317 = VECTOR ( 'NONE', #2189, 1000.000000000000000 ) ;
#3318 = CARTESIAN_POINT ( 'NONE',  ( -0.2482879471550474004, -2.361014727865717866, -4.879327133231130986 ) ) ;
#3319 = EDGE_CURVE ( 'NONE', #4195, #2781, #3716, .T. ) ;
#3320 = CARTESIAN_POINT ( 'NONE',  ( 3.054126587736526677, -1.265060653844732652, -3.218750000000001332 ) ) ;
#3321 = CARTESIAN_POINT ( 'NONE',  ( 0.9736010864139238441, 2.350480947161670997, -1.562500000000000888 ) ) ;
#3322 = CARTESIAN_POINT ( 'NONE',  ( 1.170207565446109488, 1.229080925788980316, 9.550184678336927746 ) ) ;
#3323 = CARTESIAN_POINT ( 'NONE',  ( 1.662041016787796144, -1.662041016787795922, 1.249999999999999334 ) ) ;
#3324 = VERTEX_POINT ( 'NONE', #2462 ) ;
#3325 = CARTESIAN_POINT ( 'NONE',  ( -2.878508968398378757E-16, -2.350480947161669665, 0.1249999999999992506 ) ) ;
#3326 = LINE ( 'NONE', #386, #1839 ) ;
#3327 = CARTESIAN_POINT ( 'NONE',  ( -3.054126587736526677, 1.105496416853632984E-15, -0.7187499999999997780 ) ) ;
#3328 = CARTESIAN_POINT ( 'NONE',  ( -0.9699503216438999376, -0.5446109464931300215, 5.709927797833932672 ) ) ;
#3329 = DIRECTION ( 'NONE',  ( -0.000000000000000000, -1.836970198721029688E-16, 1.000000000000000000 ) ) ;
#3330 = CARTESIAN_POINT ( 'NONE',  ( -2.350480947161670553, -0.9736010864139211796, -2.187500000000000444 ) ) ;
#3331 = CARTESIAN_POINT ( 'NONE',  ( 1.913508585747107027, 1.640466072637950967, -4.732872117269684153 ) ) ;
#3332 = CARTESIAN_POINT ( 'NONE',  ( 0.000000000000000000, 0.000000000000000000, 9.600000000000001421 ) ) ;
#3333 = CARTESIAN_POINT ( 'NONE',  ( -2.350480947161670553, 1.062410547780433880E-15, 1.875000000000000000 ) ) ;
#3334 = ORIENTED_EDGE ( 'NONE', *, *, #1332, .T. ) ;
#3335 = CARTESIAN_POINT ( 'NONE',  ( 2.999999999999999556, 1.242640687119286769, -0.1875000000000001110 ) ) ;
#3336 = DIRECTION ( 'NONE',  ( 0.000000000000000000, 0.000000000000000000, 1.000000000000000000 ) ) ;
#3337 = CARTESIAN_POINT ( 'NONE',  ( -2.159593620790628776, 2.159593620790630109, -1.781250000000000666 ) ) ;
#3338 = CARTESIAN_POINT ( 'NONE',  ( -2.350480947161670553, 0.9736010864139231780, 0.6874999999999997780 ) ) ;
#3339 = CARTESIAN_POINT ( 'NONE',  ( 1.181029188349659309, 1.208063693127042759, 9.550633544295681787 ) ) ;
#3340 = CARTESIAN_POINT ( 'NONE',  ( -2.350480947161670553, 0.9736010864139231780, 0.8124999999999998890 ) ) ;
#3341 = ORIENTED_EDGE ( 'NONE', *, *, #3183, .T. ) ;
#3342 = CONICAL_SURFACE ( 'NONE', #2655, 3.499999999999998668, 0.3490658503988666728 ) ;
#3343 = CARTESIAN_POINT ( 'NONE',  ( 1.662041016787796810, 1.662041016787796810, -2.500000000000000444 ) ) ;
#3344 = APPROVAL_PERSON_ORGANIZATION ( #2009, #776, #3915 ) ;
#3345 = CARTESIAN_POINT ( 'NONE',  ( -2.999999999999999556, 1.242640687119286325, 1.312499999999998890 ) ) ;
#3346 = CARTESIAN_POINT ( 'NONE',  ( 0.000000000000000000, 3.054126587736527565, 0.03125000000000002776 ) ) ;
#3347 = CARTESIAN_POINT ( 'NONE',  ( 0.000000000000000000, -2.999999999999999556, 4.999999999999999112 ) ) ;
#3348 = FACE_OUTER_BOUND ( 'NONE', #2638, .T. ) ;
#3349 = CARTESIAN_POINT ( 'NONE',  ( -1.662041016787796144, 1.662041016787797254, -2.375000000000000444 ) ) ;
#3350 = CIRCLE ( 'NONE', #1909, 28.63453637561146792 ) ;
#3351 = CARTESIAN_POINT ( 'NONE',  ( 0.8896129467993268980, -1.894522849892238181, 9.524198720165914622 ) ) ;
#3352 = DATE_AND_TIME ( #2991, #2718 ) ;
#3353 = CARTESIAN_POINT ( 'NONE',  ( -2.878508968398378757E-16, -2.350480947161669665, 1.125000000000000222 ) ) ;
#3354 = ORIENTED_EDGE ( 'NONE', *, *, #2946, .T. ) ;
#3355 = DIRECTION ( 'NONE',  ( -1.000000000000000000, -3.552713678800500929E-15, 0.000000000000000000 ) ) ;
#3356 = CARTESIAN_POINT ( 'NONE',  ( 3.054126587736527121, 1.265060653844733318, -0.09375000000000094369 ) ) ;
#3357 = CARTESIAN_POINT ( 'NONE',  ( -1.662041016787796366, -1.662041016787795256, 2.875000000000000000 ) ) ;
#3358 = DIRECTION ( 'NONE',  ( 1.836970198721029688E-16, 1.836970198721010459E-16, -1.000000000000000000 ) ) ;
#3359 = ADVANCED_FACE ( 'NONE', ( #2146 ), #1886, .T. ) ;
#3360 = CARTESIAN_POINT ( 'NONE',  ( -2.350480947161670553, -0.9736010864139212906, -1.062500000000000222 ) ) ;
#3361 = CARTESIAN_POINT ( 'NONE',  ( -2.878508968398378757E-16, -2.350480947161669665, 2.124999999999999112 ) ) ;
#3362 = CARTESIAN_POINT ( 'NONE',  ( -3.000000000000000000, 1.102182119232617714E-15, 1.374999999999999334 ) ) ;
#3363 = ORIENTED_EDGE ( 'NONE', *, *, #1305, .T. ) ;
#3364 = CARTESIAN_POINT ( 'NONE',  ( -1.265060653844732208, 3.054126587736527565, 1.093750000000000222 ) ) ;
#3365 = B_SPLINE_CURVE_WITH_KNOTS ( 'NONE', 3,
 ( #3387, #4029, #545, #1271, #2570, #942, #1931, #2257, #562, #1248 ),
 .UNSPECIFIED., .F., .F.,
 ( 4, 2, 2, 2, 4 ),
 ( 0.000000000000000000, 0.0005805885718294487470, 0.001161177143658897494, 0.001741765715488346241, 0.002322354287317794988 ),
 .UNSPECIFIED. ) ;
#3366 = EDGE_CURVE ( 'NONE', #2486, #1233, #510, .T. ) ;
#3367 = VECTOR ( 'NONE', #3695, 1000.000000000000000 ) ;
#3368 = DIRECTION ( 'NONE',  ( -7.436010420673977301E-17, 1.000000000000000000, 0.000000000000000000 ) ) ;
#3369 = CARTESIAN_POINT ( 'NONE',  ( -2.350480947161670553, -0.9736010864139211796, -1.187500000000000000 ) ) ;
#3370 = CARTESIAN_POINT ( 'NONE',  ( 1.379836182837475222, -1.902843343920494146, -4.899519052838322786 ) ) ;
#3371 = CARTESIAN_POINT ( 'NONE',  ( 2.350480947161670109, -0.9736010864139228449, 0.3124999999999993339 ) ) ;
#3372 = ORIENTED_EDGE ( 'NONE', *, *, #2682, .T. ) ;
#3373 = CARTESIAN_POINT ( 'NONE',  ( -0.8077837448576546953, 0.3345949825845713765, 5.709927797833932672 ) ) ;
#3374 = DIRECTION ( 'NONE',  ( 0.000000000000000000, -1.000000000000000000, -1.836970198721029688E-16 ) ) ;
#3375 = CARTESIAN_POINT ( 'NONE',  ( -1.265060653844732430, -3.054126587736526677, 0.5312499999999996669 ) ) ;
#3376 = CARTESIAN_POINT ( 'NONE',  ( 2.350480947161670109, -0.9736010864139228449, 2.187500000000000000 ) ) ;
#3377 = ORIENTED_EDGE ( 'NONE', *, *, #467, .F. ) ;
#3378 = DIRECTION ( 'NONE',  ( -0.1736481776669307198, -3.618124987505693110E-16, 0.9848077530122080203 ) ) ;
#3379 = CARTESIAN_POINT ( 'NONE',  ( 0.000000000000000000, 2.350480947161671441, -0.3750000000000003331 ) ) ;
#3380 = AXIS2_PLACEMENT_3D ( 'NONE', #3289, #1012, #723 ) ;
#3381 = CARTESIAN_POINT ( 'NONE',  ( 2.350480947161670109, 0.9736010864139235110, -1.687500000000000888 ) ) ;
#3382 = CARTESIAN_POINT ( 'NONE',  ( -1.662041016787796144, 1.662041016787797254, 0.7499999999999997780 ) ) ;
#3383 = CARTESIAN_POINT ( 'NONE',  ( 2.999999999999999112, -1.242640687119286103, 4.812500000000000888 ) ) ;
#3384 = ORIENTED_EDGE ( 'NONE', *, *, #1534, .F. ) ;
#3385 = CARTESIAN_POINT ( 'NONE',  ( 2.159593620790628776, -2.159593620790628776, 1.656249999999999778 ) ) ;
#3386 = ADVANCED_FACE ( 'NONE', ( #1617 ), #3046, .T. ) ;
#3387 = CARTESIAN_POINT ( 'NONE',  ( 2.121320343559680133, -2.121320343559602861, -4.249999999999997335 ) ) ;
#3388 = CARTESIAN_POINT ( 'NONE',  ( -0.9736010864139222898, 2.350480947161671441, 0.5624999999999996669 ) ) ;
#3389 = CARTESIAN_POINT ( 'NONE',  ( -1.870283689870022359, -1.495472960008931151, 5.000000000000000000 ) ) ;
#3390 = CARTESIAN_POINT ( 'NONE',  ( -2.350480947161670553, 0.9736010864139232890, 1.812500000000000000 ) ) ;
#3391 = VERTEX_POINT ( 'NONE', #603 ) ;
#3392 = CARTESIAN_POINT ( 'NONE',  ( -2.121320343559642385, 2.121320343559643273, 4.249999999999999112 ) ) ;
#3393 = CARTESIAN_POINT ( 'NONE',  ( 0.000000000000000000, 3.000000000000000444, 5.000000000000000888 ) ) ;
#3394 = CARTESIAN_POINT ( 'NONE',  ( -3.054126587736527121, -1.265060653844730876, -1.593750000000000666 ) ) ;
#3395 = CARTESIAN_POINT ( 'NONE',  ( -2.350480947161670553, -0.9736010864139212906, 0.8124999999999998890 ) ) ;
#3396 = CARTESIAN_POINT ( 'NONE',  ( 0.000000000000000000, -2.999999999999999556, 4.999999999999999112 ) ) ;
#3397 = CARTESIAN_POINT ( 'NONE',  ( 1.662041016787796144, -1.662041016787795922, 3.250000000000000444 ) ) ;
#3398 = CARTESIAN_POINT ( 'NONE',  ( 0.9736010864139238441, 2.350480947161670997, 0.4374999999999995559 ) ) ;
#3399 = CARTESIAN_POINT ( 'NONE',  ( -2.350480947161670553, 1.062410547780433880E-15, 3.874999999999999112 ) ) ;
#3400 = DIRECTION ( 'NONE',  ( -0.000000000000000000, 0.1736481776669311083, -0.9848077530122080203 ) ) ;
#3401 = CIRCLE ( 'NONE', #3608, 3.425913082399787868 ) ;
#3402 = CARTESIAN_POINT ( 'NONE',  ( 2.159593620790628776, -2.159593620790628776, 2.656249999999999556 ) ) ;
#3403 = AXIS2_PLACEMENT_3D ( 'NONE', #3683, #1092, #1731 ) ;
#3404 = CARTESIAN_POINT ( 'NONE',  ( -3.673940397442059375E-16, -2.999999999999999112, 2.624999999999999112 ) ) ;
#3405 = CARTESIAN_POINT ( 'NONE',  ( 1.787153794684313235, -1.581080044547490404, -4.878211366416553396 ) ) ;
#3406 = CIRCLE ( 'NONE', #3213, 2.249999999999995115 ) ;
#3407 = ADVANCED_FACE ( 'NONE', ( #3520 ), #1947, .F. ) ;
#3408 = CARTESIAN_POINT ( 'NONE',  ( 1.662041016787796810, 1.662041016787796810, 4.500000000000000000 ) ) ;
#3409 = LINE ( 'NONE', #830, #2424 ) ;
#3410 = CARTESIAN_POINT ( 'NONE',  ( -3.673940397442059375E-16, -2.999999999999999112, -2.500000000000000000 ) ) ;
#3411 = ORIENTED_EDGE ( 'NONE', *, *, #972, .F. ) ;
#3412 = CARTESIAN_POINT ( 'NONE',  ( -1.909514043183158982, 0.8864769705118521470, 9.523307088717610114 ) ) ;
#3413 = EDGE_CURVE ( 'NONE', #57, #1531, #164, .T. ) ;
#3414 = CARTESIAN_POINT ( 'NONE',  ( 2.159593620790629664, 2.159593620790629664, -0.03125000000000089512 ) ) ;
#3415 = CARTESIAN_POINT ( 'NONE',  ( 1.662041016787796810, 1.662041016787796810, 2.374999999999999556 ) ) ;
#3416 = CARTESIAN_POINT ( 'NONE',  ( 0.000000000000000000, -2.449293598294706907E-16, 5.000000000000000000 ) ) ;
#3417 = CARTESIAN_POINT ( 'NONE',  ( 0.000000000000000000, 2.350480947161671441, 4.625000000000000000 ) ) ;
#3418 = CARTESIAN_POINT ( 'NONE',  ( -0.9736010864139225118, -2.350480947161669665, -2.062500000000000888 ) ) ;
#3419 = CARTESIAN_POINT ( 'NONE',  ( 1.662041016787796810, 1.662041016787796810, 0.4999999999999995559 ) ) ;
#3420 = CARTESIAN_POINT ( 'NONE',  ( 0.000000000000000000, 3.000000000000000444, 9.486769009248163798E-17 ) ) ;
#3421 = CARTESIAN_POINT ( 'NONE',  ( -2.159593620790629220, -2.159593620790628332, 6.406250000000000000 ) ) ;
#3422 =( BOUNDED_CURVE ( )  B_SPLINE_CURVE ( 2, ( #717, #402, #421, #2061, #1065, #1721, #3786, #195, #3727 ),
 .UNSPECIFIED., .F., .F. ) 
 B_SPLINE_CURVE_WITH_KNOTS ( ( 3, 2, 2, 2, 3 ),
 ( 0.2916666666666666297, 0.3020833333333332593, 0.3125000000000000000, 0.3229166666666666852, 0.3333333333333333148 ),
 .UNSPECIFIED. ) 
 CURVE ( )  GEOMETRIC_REPRESENTATION_ITEM ( )  RATIONAL_B_SPLINE_CURVE ( ( 1.000000000000000444, 0.9238795325112862944, 1.000000000000000000, 0.9238795325112867385, 1.000000000000000000, 0.9238795325112867385, 1.000000000000000000, 0.9238795325112867385, 1.000000000000000000 ) ) 
 REPRESENTATION_ITEM ( '' )  );
#3423 = DIRECTION ( 'NONE',  ( 1.000000000000000000, 0.000000000000000000, 0.000000000000000000 ) ) ;
#3424 = FACE_OUTER_BOUND ( 'NONE', #1733, .T. ) ;
#3425 = AXIS2_PLACEMENT_3D ( 'NONE', #986, #37, #612 ) ;
#3426 = CARTESIAN_POINT ( 'NONE',  ( 2.350480947161670553, 4.867087541007580301E-16, 4.374999999999999112 ) ) ;
#3427 = FACE_OUTER_BOUND ( 'NONE', #436, .T. ) ;
#3428 = CARTESIAN_POINT ( 'NONE',  ( -1.175139334687500758, -1.218835278665401312, 9.550418624488177244 ) ) ;
#3429 = EDGE_LOOP ( 'NONE', ( #1236, #3770 ) ) ;
#3430 = CARTESIAN_POINT ( 'NONE',  ( -3.673940397442059375E-16, -2.999999999999999112, 4.500000000000000000 ) ) ;
#3431 = CARTESIAN_POINT ( 'NONE',  ( 1.000000000000000666, 1.924264068711935227, 9.600000000000001421 ) ) ;
#3432 = CARTESIAN_POINT ( 'NONE',  ( 1.265060653844733762, 3.054126587736527121, 2.031249999999999112 ) ) ;
#3433 = EDGE_CURVE ( 'NONE', #3988, #4147, #3898, .T. ) ;
#3434 = EDGE_CURVE ( 'NONE', #1261, #3484, #345, .T. ) ;
#3435 = CARTESIAN_POINT ( 'NONE',  ( 2.073105779112134783, 0.2140753138541339751, 5.709927797833932672 ) ) ;
#3436 = CARTESIAN_POINT ( 'NONE',  ( -0.9736010864139225118, -2.350480947161669665, 3.062500000000000000 ) ) ;
#3437 = CARTESIAN_POINT ( 'NONE',  ( -2.350480947161670553, 0.9736010864139231780, 1.687499999999999778 ) ) ;
#3438 = CARTESIAN_POINT ( 'NONE',  ( -0.9736010864139225118, -2.350480947161669665, 2.062500000000000000 ) ) ;
#3439 = CARTESIAN_POINT ( 'NONE',  ( -1.242640687119290321, -2.999999999999993339, 3.437500000000000000 ) ) ;
#3440 = ORIENTED_EDGE ( 'NONE', *, *, #3719, .T. ) ;
#3441 = CARTESIAN_POINT ( 'NONE',  ( -1.265060653844732208, 3.054126587736527565, 3.093750000000000444 ) ) ;
#3442 = AXIS2_PLACEMENT_3D ( 'NONE', #2963, #1728, #1340 ) ;
#3443 = DIRECTION ( 'NONE',  ( 1.000000000000000000, 0.000000000000000000, 0.000000000000000000 ) ) ;
#3444 = CIRCLE ( 'NONE', #2490, 0.7859246861458741851 ) ;
#3445 = CARTESIAN_POINT ( 'NONE',  ( 0.000000000000000000, -2.449293598294706907E-16, 5.000000000000000000 ) ) ;
#3446 = CARTESIAN_POINT ( 'NONE',  ( 1.712851843862322587, -2.057778491510163121, -4.578408699952241534 ) ) ;
#3447 = EDGE_LOOP ( 'NONE', ( #3508, #3334, #3823, #1112 ) ) ;
#3448 = DIRECTION ( 'NONE',  ( -0.000000000000000000, -1.836970198721029688E-16, 1.000000000000000000 ) ) ;
#3449 = ORIENTED_EDGE ( 'NONE', *, *, #397, .T. ) ;
#3450 = CARTESIAN_POINT ( 'NONE',  ( 0.000000000000000000, -2.999999999999999556, 4.999999999999999112 ) ) ;
#3451 = CARTESIAN_POINT ( 'NONE',  ( -1.265060653844732430, -3.054126587736526677, 4.531249999999999112 ) ) ;
#3452 = CARTESIAN_POINT ( 'NONE',  ( 0.3345949825845639936, 0.8077837448576570267, 5.709927797833932672 ) ) ;
#3453 = ORIENTED_EDGE ( 'NONE', *, *, #3692, .T. ) ;
#3454 = CARTESIAN_POINT ( 'NONE',  ( -2.350480947161670553, 1.062410547780433880E-15, 3.874999999999999112 ) ) ;
#3455 = CARTESIAN_POINT ( 'NONE',  ( -1.662041016787796144, 1.662041016787797254, 5.624999999999999112 ) ) ;
#3456 = CARTESIAN_POINT ( 'NONE',  ( -0.9736010864139225118, -2.350480947161669665, 5.062500000000001776 ) ) ;
#3457 = DIRECTION ( 'NONE',  ( -0.1736481776669307198, -0.000000000000000000, -0.9848077530122080203 ) ) ;
#3458 = CARTESIAN_POINT ( 'NONE',  ( 3.054126587736527121, 1.265060653844733318, 4.843750000000000000 ) ) ;
#3459 = VERTEX_POINT ( 'NONE', #2541 ) ;
#3460 = EDGE_CURVE ( 'NONE', #3818, #1373, #3867, .T. ) ;
#3461 = CARTESIAN_POINT ( 'NONE',  ( -2.878508968398378757E-16, -2.350480947161669665, -3.875000000000000444 ) ) ;
#3462 = AXIS2_PLACEMENT_3D ( 'NONE', #2272, #6, #2904 ) ;
#3463 = DIRECTION ( 'NONE',  ( -1.000000000000000000, 0.000000000000000000, 0.000000000000000000 ) ) ;
#3464 = CARTESIAN_POINT ( 'NONE',  ( 2.350480947161670109, -0.9736010864139228449, 4.312500000000000888 ) ) ;
#3465 = ORIENTED_EDGE ( 'NONE', *, *, #150, .T. ) ;
#3466 = FACE_OUTER_BOUND ( 'NONE', #4141, .T. ) ;
#3467 = VERTEX_POINT ( 'NONE', #3589 ) ;
#3468 = ORIENTED_EDGE ( 'NONE', *, *, #1824, .T. ) ;
#3469 = CARTESIAN_POINT ( 'NONE',  ( -0.8864769705118208387, 1.909514043183170084, 9.523307088717604785 ) ) ;
#3470 = CARTESIAN_POINT ( 'NONE',  ( -1.880928570309210901, -0.8953788520239631676, 9.524905907753261403 ) ) ;
#3471 = CARTESIAN_POINT ( 'NONE',  ( -1.265060653844732208, 3.054126587736527565, 4.156249999999999112 ) ) ;
#3472 = ORIENTED_EDGE ( 'NONE', *, *, #522, .T. ) ;
#3473 = CARTESIAN_POINT ( 'NONE',  ( -1.662041016787796366, -1.662041016787795256, 5.000000000000000000 ) ) ;
#3474 = CARTESIAN_POINT ( 'NONE',  ( -1.662041016787796144, 1.662041016787797254, 3.624999999999998668 ) ) ;
#3475 = CARTESIAN_POINT ( 'NONE',  ( 1.662041016787796810, 1.662041016787796810, 6.500000000000000000 ) ) ;
#3476 = ADVANCED_FACE ( 'NONE', ( #2518 ), #2879, .T. ) ;
#3477 = CARTESIAN_POINT ( 'NONE',  ( 0.000000000000000000, -2.999999999999997780, -4.249999999999998224 ) ) ;
#3478 = CARTESIAN_POINT ( 'NONE',  ( -1.265060653844732430, -3.054126587736526677, 6.468749999999999112 ) ) ;
#3479 = CARTESIAN_POINT ( 'NONE',  ( 1.208063693127040539, -1.181029188349665082, 9.550633544295681787 ) ) ;
#3480 = EDGE_CURVE ( 'NONE', #883, #551, #532, .T. ) ;
#3481 = VERTEX_POINT ( 'NONE', #1878 ) ;
#3482 = DIRECTION ( 'NONE',  ( -0.000000000000000000, -1.836970198721027715E-16, 1.000000000000000000 ) ) ;
#3483 = EDGE_CURVE ( 'NONE', #3604, #3862, #2295, .T. ) ;
#3484 = VERTEX_POINT ( 'NONE', #931 ) ;
#3485 = CARTESIAN_POINT ( 'NONE',  ( 0.000000000000000000, 2.350480947161671441, 3.625000000000000444 ) ) ;
#3486 = CARTESIAN_POINT ( 'NONE',  ( 0.6469996767293350048, -2.908612572434731369, 8.165163866277007187 ) ) ;
#3487 = CARTESIAN_POINT ( 'NONE',  ( -3.000000000000000000, 1.102182119232617714E-15, 0.2500000000000003331 ) ) ;
#3488 = CARTESIAN_POINT ( 'NONE',  ( 0.9736010864139238441, 2.350480947161670997, 4.437500000000000888 ) ) ;
#3489 = ORIENTED_EDGE ( 'NONE', *, *, #3413, .F. ) ;
#3490 = ORIENTED_EDGE ( 'NONE', *, *, #3782, .T. ) ;
#3491 = CARTESIAN_POINT ( 'NONE',  ( -1.242640687119280107, 3.000000000000006217, -0.8125000000000013323 ) ) ;
#3492 = AXIS2_PLACEMENT_3D ( 'NONE', #2644, #3625, #1013 ) ;
#3493 = CARTESIAN_POINT ( 'NONE',  ( -3.000000000000000000, 1.102182119232617714E-15, -3.750000000000000000 ) ) ;
#3494 = CARTESIAN_POINT ( 'NONE',  ( -1.662041016787796144, 1.662041016787797254, 1.624999999999999778 ) ) ;
#3495 = CARTESIAN_POINT ( 'NONE',  ( -3.740226349862365271E-16, -3.054126587736525789, 3.593749999999998668 ) ) ;
#3496 = AXIS2_PLACEMENT_3D ( 'NONE', #3907, #1008, #1106 ) ;
#3497 = ORIENTED_EDGE ( 'NONE', *, *, #2729, .T. ) ;
#3498 = CARTESIAN_POINT ( 'NONE',  ( 1.270710678118654569, 1.270710678118659231, 9.600000000000001421 ) ) ;
#3499 = ORIENTED_EDGE ( 'NONE', *, *, #3738, .T. ) ;
#3500 = CARTESIAN_POINT ( 'NONE',  ( 2.350480947161670553, 4.867087541007580301E-16, 6.375000000000000000 ) ) ;
#3501 = CARTESIAN_POINT ( 'NONE',  ( -0.9736010864139225118, -2.350480947161669665, 2.937500000000000444 ) ) ;
#3502 = CARTESIAN_POINT ( 'NONE',  ( 1.662041016787796144, -1.662041016787795922, 5.250000000000000000 ) ) ;
#3503 = CARTESIAN_POINT ( 'NONE',  ( -1.242640687119285658, 3.000000000000000888, 2.187499999999999112 ) ) ;
#3504 = CARTESIAN_POINT ( 'NONE',  ( 2.159593620790628776, -2.159593620790628776, 5.656250000000000888 ) ) ;
#3505 = CARTESIAN_POINT ( 'NONE',  ( 1.174952136387361845, -1.217759924316331288, 9.550474210214579429 ) ) ;
#3506 = CARTESIAN_POINT ( 'NONE',  ( 0.000000000000000000, 9.629649721936179265E-32, 7.079963898916972198 ) ) ;
#3507 = CARTESIAN_POINT ( 'NONE',  ( 1.924264068711932785, -1.000000000000008438, 5.709927797833931784 ) ) ;
#3508 = ORIENTED_EDGE ( 'NONE', *, *, #99, .F. ) ;
#3509 = VECTOR ( 'NONE', #1211, 1000.000000000000000 ) ;
#3510 = CARTESIAN_POINT ( 'NONE',  ( -2.878508968398378757E-16, -2.350480947161669665, -5.000000000000000888 ) ) ;
#3511 = CARTESIAN_POINT ( 'NONE',  ( -2.999999999999999556, 1.242640687119286325, -1.812500000000000000 ) ) ;
#3512 = CARTESIAN_POINT ( 'NONE',  ( -1.181029188349659309, -1.208063693127046312, 9.550633544295681787 ) ) ;
#3513 = CARTESIAN_POINT ( 'NONE',  ( -2.350480947161670553, 0.9736010864139232890, -4.312500000000000888 ) ) ;
#3514 = ORIENTED_EDGE ( 'NONE', *, *, #3413, .T. ) ;
#3515 = CARTESIAN_POINT ( 'NONE',  ( 2.999999999999999112, -1.242640687119286103, -3.187500000000001332 ) ) ;
#3516 = CARTESIAN_POINT ( 'NONE',  ( -1.924264068711931897, -0.8863044580934539285, 9.522328722175538829 ) ) ;
#3517 = CARTESIAN_POINT ( 'NONE',  ( 1.662041016787796810, 1.662041016787796810, 4.374999999999999112 ) ) ;
#3518 = CARTESIAN_POINT ( 'NONE',  ( 3.054126587736526677, -1.265060653844732652, 4.781250000000000000 ) ) ;
#3519 = ORIENTED_EDGE ( 'NONE', *, *, #2859, .T. ) ;
#3520 = FACE_OUTER_BOUND ( 'NONE', #4070, .T. ) ;
#3521 = CARTESIAN_POINT ( 'NONE',  ( 2.350480947161670109, 0.9736010864139235110, 2.312500000000000444 ) ) ;
#3522 = CARTESIAN_POINT ( 'NONE',  ( 0.9736010864139238441, 2.350480947161670997, 5.562500000000002665 ) ) ;
#3523 = DIRECTION ( 'NONE',  ( 0.1736481776669307198, 3.618124987505693110E-16, -0.9848077530122080203 ) ) ;
#3524 = CARTESIAN_POINT ( 'NONE',  ( 0.000000000000000000, 2.350480947161671441, -2.375000000000000444 ) ) ;
#3525 = CARTESIAN_POINT ( 'NONE',  ( -1.662041016787796366, -1.662041016787795256, -5.000000000000000000 ) ) ;
#3526 = CARTESIAN_POINT ( 'NONE',  ( 1.924264068711931674, 1.000000000000007550, 9.600000000000001421 ) ) ;
#3527 = CARTESIAN_POINT ( 'NONE',  ( -1.265060653844732430, -3.054126587736526677, -4.531249999999999112 ) ) ;
#3528 = EDGE_CURVE ( 'NONE', #3228, #2294, #1971, .T. ) ;
#3529 = CARTESIAN_POINT ( 'NONE',  ( 0.000000000000000000, 2.350480947161671441, -5.500000000000000888 ) ) ;
#3530 = CARTESIAN_POINT ( 'NONE',  ( 0.000000000000000000, -2.449293598294706907E-16, 5.000000000000000000 ) ) ;
#3531 = CARTESIAN_POINT ( 'NONE',  ( 2.999999999999999556, 7.669329927961027605E-14, -4.249999999999997335 ) ) ;
#3532 = CARTESIAN_POINT ( 'NONE',  ( -0.6469996767293147988, 2.908612572434733146, 8.165163866277007187 ) ) ;
#3533 =( BOUNDED_CURVE ( )  B_SPLINE_CURVE ( 2, ( #639, #3912, #3271, #2239, #3531 ),
 .UNSPECIFIED., .F., .F. ) 
 B_SPLINE_CURVE_WITH_KNOTS ( ( 3, 2, 3 ),
 ( 0.9166666666666666297, 0.9270833333333334814, 0.9375000000000001110 ),
 .UNSPECIFIED. ) 
 CURVE ( )  GEOMETRIC_REPRESENTATION_ITEM ( )  RATIONAL_B_SPLINE_CURVE ( ( 1.000000000000000000, 0.9238795325112867385, 1.000000000000000000, 0.9238795325112859613, 1.000000000000000888 ) ) 
 REPRESENTATION_ITEM ( '' )  );
#3534 = EDGE_CURVE ( 'NONE', #120, #1694, #751, .T. ) ;
#3535 = CIRCLE ( 'NONE', #2510, 3.425913082399788312 ) ;
#3536 = ORIENTED_EDGE ( 'NONE', *, *, #1101, .T. ) ;
#3537 = CARTESIAN_POINT ( 'NONE',  ( -1.242640687119285658, -2.999999999999999112, -0.4375000000000007216 ) ) ;
#3538 = CC_DESIGN_PERSON_AND_ORGANIZATION_ASSIGNMENT ( #1646, #1016, ( #967 ) ) ;
#3539 = DIRECTION ( 'NONE',  ( -0.9098437264664104296, 0.3768696111424612027, 0.1736481776669309696 ) ) ;
#3540 = CARTESIAN_POINT ( 'NONE',  ( 2.350480947161670109, 0.9736010864139237331, 2.312499999999999556 ) ) ;
#3541 = CARTESIAN_POINT ( 'NONE',  ( -3.054126587736526677, 1.105496416853632984E-15, 5.343749999999999112 ) ) ;
#3542 = ORIENTED_EDGE ( 'NONE', *, *, #3844, .T. ) ;
#3543 = DIRECTION ( 'NONE',  ( 0.1604299972043608247, -0.06645228065352429270, -0.9848077530122080203 ) ) ;
#3544 = ADVANCED_FACE ( 'NONE', ( #4165 ), #1634, .T. ) ;
#3545 = CARTESIAN_POINT ( 'NONE',  ( 2.350480947161670109, 0.9736010864139235110, 5.312500000000001776 ) ) ;
#3546 = VECTOR ( 'NONE', #263, 999.9999999999998863 ) ;
#3547 = CARTESIAN_POINT ( 'NONE',  ( -2.350480947161670553, 0.9736010864139231780, -4.312500000000000888 ) ) ;
#3548 = CARTESIAN_POINT ( 'NONE',  ( -2.999999999999999556, -1.242640687119284104, 2.437499999999999112 ) ) ;
#3549 = VERTEX_POINT ( 'NONE', #3855 ) ;
#3550 = CARTESIAN_POINT ( 'NONE',  ( -2.350480947161670553, -0.9736010864139212906, -4.062500000000000000 ) ) ;
#3551 = CARTESIAN_POINT ( 'NONE',  ( 1.198156668554866133, -1.188857951510365218, 9.550725038770082165 ) ) ;
#3552 = CARTESIAN_POINT ( 'NONE',  ( -2.999999999999999556, 1.242640687119286325, 1.187500000000000666 ) ) ;
#3553 = CARTESIAN_POINT ( 'NONE',  ( 1.265060653844731542, -3.054126587736527121, -4.406250000000000000 ) ) ;
#3554 = ORIENTED_EDGE ( 'NONE', *, *, #3534, .F. ) ;
#3555 = CARTESIAN_POINT ( 'NONE',  ( 0.9736010864139216237, -2.350480947161670109, -4.937500000000001776 ) ) ;
#3556 = CARTESIAN_POINT ( 'NONE',  ( 2.121320343559642385, -2.121320343559642385, -1.250000000000001332 ) ) ;
#3557 = CARTESIAN_POINT ( 'NONE',  ( 6.056851467671153561E-16, 4.945794552264513477, 5.919999999999999041 ) ) ;
#3558 = CARTESIAN_POINT ( 'NONE',  ( 1.662041016787796144, -1.662041016787795922, 5.125000000000000000 ) ) ;
#3559 = EDGE_LOOP ( 'NONE', ( #4008, #2226, #2761, #1254 ) ) ;
#3560 = FACE_OUTER_BOUND ( 'NONE', #170, .T. ) ;
#3561 = CARTESIAN_POINT ( 'NONE',  ( -1.662041016787796144, 1.662041016787797254, -4.250000000000000000 ) ) ;
#3562 =( BOUNDED_CURVE ( )  B_SPLINE_CURVE ( 2, ( #3888, #3800, #2214, #894, #616, #3511, #2916, #4131, #592 ),
 .UNSPECIFIED., .F., .F. ) 
 B_SPLINE_CURVE_WITH_KNOTS ( ( 3, 2, 2, 2, 3 ),
 ( 0.7083333333333332593, 0.7187500000000000000, 0.7291666666666667407, 0.7395833333333332593, 0.7500000000000000000 ),
 .UNSPECIFIED. ) 
 CURVE ( )  GEOMETRIC_REPRESENTATION_ITEM ( )  RATIONAL_B_SPLINE_CURVE ( ( 1.000000000000000000, 0.9238795325112867385, 1.000000000000000000, 0.9238795325112867385, 1.000000000000000000, 0.9238795325112867385, 1.000000000000000000, 0.9238795325112867385, 1.000000000000000000 ) ) 
 REPRESENTATION_ITEM ( '' )  );
#3563 = CARTESIAN_POINT ( 'NONE',  ( -1.662041016787796366, -1.662041016787795256, 2.875000000000000000 ) ) ;
#3564 = CARTESIAN_POINT ( 'NONE',  ( 2.042304041792293745, -1.611641449306937757, 5.000000000000003553 ) ) ;
#3565 = ORIENTED_EDGE ( 'NONE', *, *, #2107, .F. ) ;
#3566 = VERTEX_POINT ( 'NONE', #956 ) ;
#3567 = CARTESIAN_POINT ( 'NONE',  ( -0.8999999999999886979, 1.924264068711939224, 9.600000000000001421 ) ) ;
#3568 = EDGE_CURVE ( 'NONE', #4076, #1516, #3795, .T. ) ;
#3569 = CARTESIAN_POINT ( 'NONE',  ( -1.265060653844732208, 3.054126587736527565, -5.843750000000000888 ) ) ;
#3570 = EDGE_CURVE ( 'NONE', #930, #1778, #1629, .T. ) ;
#3571 = CARTESIAN_POINT ( 'NONE',  ( 2.350480947161670553, 4.867087541007580301E-16, -1.750000000000000666 ) ) ;
#3572 = CARTESIAN_POINT ( 'NONE',  ( 1.880928570309212899, -0.8953788520239610582, 9.524905907753261403 ) ) ;
#3573 = CARTESIAN_POINT ( 'NONE',  ( -2.350480947161670553, -0.9736010864139212906, -3.062500000000001332 ) ) ;
#3574 = CARTESIAN_POINT ( 'NONE',  ( -2.350480947161670553, -0.9736010864139212906, -3.062500000000001332 ) ) ;
#3575 = CARTESIAN_POINT ( 'NONE',  ( -2.878508968398378757E-16, -2.350480947161669665, 5.000000000000000000 ) ) ;
#3576 = CARTESIAN_POINT ( 'NONE',  ( 3.054126587736526677, 3.574511468811600284E-16, -3.218750000000000444 ) ) ;
#3577 = FACE_OUTER_BOUND ( 'NONE', #3447, .T. ) ;
#3578 = DIRECTION ( 'NONE',  ( 0.000000000000000000, 1.000000000000000000, 1.836970198721029688E-16 ) ) ;
#3579 = CARTESIAN_POINT ( 'NONE',  ( 2.121320343559641941, -2.121320343559641941, 3.625000000000000888 ) ) ;
#3580 = CARTESIAN_POINT ( 'NONE',  ( -0.9736010864139225118, -2.350480947161669665, 4.937500000000001776 ) ) ;
#3581 = CARTESIAN_POINT ( 'NONE',  ( -2.121320343559642385, -2.121320343559641053, 4.374999999999999112 ) ) ;
#3582 = ORIENTED_EDGE ( 'NONE', *, *, #3528, .T. ) ;
#3583 = DIRECTION ( 'NONE',  ( 0.000000000000000000, -1.000000000000000000, -1.836970198721029688E-16 ) ) ;
#3584 = AXIS2_PLACEMENT_3D ( 'NONE', #1189, #2492, #3120 ) ;
#3585 = CARTESIAN_POINT ( 'NONE',  ( -2.350480947161670553, 0.9736010864139232890, -3.187500000000000444 ) ) ;
#3586 = CARTESIAN_POINT ( 'NONE',  ( 0.9736010864139238441, 2.350480947161670997, 4.437500000000001776 ) ) ;
#3587 = CARTESIAN_POINT ( 'NONE',  ( -1.000000000000000666, -1.924264068711937448, 5.709927797833931784 ) ) ;
#3588 = ORIENTED_EDGE ( 'NONE', *, *, #541, .F. ) ;
#3589 = CARTESIAN_POINT ( 'NONE',  ( 0.2140753138541258982, 2.073105779112137004, 5.709927797833932672 ) ) ;
#3590 = AXIS2_PLACEMENT_3D ( 'NONE', #2127, #1226, #918 ) ;
#3591 = CARTESIAN_POINT ( 'NONE',  ( 2.159593620790629664, 2.159593620790629664, -5.031250000000000888 ) ) ;
#3592 = CARTESIAN_POINT ( 'NONE',  ( 0.000000000000000000, 2.350480947161671441, -3.500000000000000444 ) ) ;
#3593 = DIRECTION ( 'NONE',  ( -0.000000000000000000, -1.836970198721029688E-16, 1.000000000000000000 ) ) ;
#3594 = CARTESIAN_POINT ( 'NONE',  ( 1.662041016787796810, 1.662041016787796810, -4.500000000000000888 ) ) ;
#3595 = CARTESIAN_POINT ( 'NONE',  ( 0.000000000000000000, 2.350480947161671441, -3.375000000000000444 ) ) ;
#3596 = PLANE ( 'NONE',  #3425 ) ;
#3597 = CARTESIAN_POINT ( 'NONE',  ( -2.159593620790628776, 2.159593620790630109, -4.843750000000000000 ) ) ;
#3598 = EDGE_CURVE ( 'NONE', #2733, #2370, #3830, .T. ) ;
#3599 = CARTESIAN_POINT ( 'NONE',  ( 0.9736010864139238441, 2.350480947161670997, -2.562500000000000444 ) ) ;
#3600 = CARTESIAN_POINT ( 'NONE',  ( -0.1802813321990715256, 2.610389207244915521, -4.639610792756004187 ) ) ;
#3601 = CARTESIAN_POINT ( 'NONE',  ( -0.9000000000000013545, 4.183455347228866132E-15, 9.600000000000001421 ) ) ;
#3602 = CARTESIAN_POINT ( 'NONE',  ( -0.9736010864139222898, 2.350480947161671441, -0.4375000000000003886 ) ) ;
#3603 = CARTESIAN_POINT ( 'NONE',  ( -1.242640687119290321, -2.999999999999993339, 4.437500000000000000 ) ) ;
#3604 = VERTEX_POINT ( 'NONE', #2630 ) ;
#3605 = CARTESIAN_POINT ( 'NONE',  ( 2.350480947161670109, -0.9736010864139228449, -3.687500000000000888 ) ) ;
#3606 = ORIENTED_EDGE ( 'NONE', *, *, #3616, .T. ) ;
#3607 = CARTESIAN_POINT ( 'NONE',  ( 2.304298999427774497, -1.314584966628884466, 5.000000000000003553 ) ) ;
#3608 = AXIS2_PLACEMENT_3D ( 'NONE', #1417, #3671, #1062 ) ;
#3609 = CARTESIAN_POINT ( 'NONE',  ( -1.924264068711925901, 1.000000000000019762, 5.709927797833932672 ) ) ;
#3610 = CARTESIAN_POINT ( 'NONE',  ( 3.054126587736526677, -1.265060653844732652, -5.218750000000000888 ) ) ;
#3611 = CARTESIAN_POINT ( 'NONE',  ( 2.350480947161670109, -0.9736010864139228449, 0.1874999999999993339 ) ) ;
#3612 = AXIS2_PLACEMENT_3D ( 'NONE', #2180, #2458, #882 ) ;
#3613 = CARTESIAN_POINT ( 'NONE',  ( 1.229080925788975653, 1.170207565446113929, 9.550184678336927746 ) ) ;
#3614 = CARTESIAN_POINT ( 'NONE',  ( 2.350480947161670109, 0.9736010864139235110, -2.562500000000000444 ) ) ;
#3615 = AXIS2_PLACEMENT_3D ( 'NONE', #1323, #2201, #1367 ) ;
#3616 = EDGE_CURVE ( 'NONE', #4045, #3195, #3401, .T. ) ;
#3617 = CARTESIAN_POINT ( 'NONE',  ( -1.662041016787796366, -1.662041016787795256, -3.000000000000000444 ) ) ;
#3618 = DIRECTION ( 'NONE',  ( -0.000000000000000000, -1.836970198721029688E-16, 1.000000000000000000 ) ) ;
#3619 = VERTEX_POINT ( 'NONE', #2706 ) ;
#3620 = CARTESIAN_POINT ( 'NONE',  ( 1.265060653844731542, -3.054126587736527121, -1.406250000000000000 ) ) ;
#3621 = B_SPLINE_CURVE_WITH_KNOTS ( 'NONE', 3,
 ( #2624, #3532, #3227, #4203 ),
 .UNSPECIFIED., .F., .F.,
 ( 4, 4 ),
 ( 0.000000000000000000, 0.003944063716410794659 ),
 .UNSPECIFIED. ) ;
#3622 = ADVANCED_FACE ( 'NONE', ( #2649 ), #752, .T. ) ;
#3623 = CARTESIAN_POINT ( 'NONE',  ( -2.350480947161670553, 0.9736010864139231780, -0.3125000000000002776 ) ) ;
#3624 = CARTESIAN_POINT ( 'NONE',  ( -1.816112704872396844, -2.204891938147394370, -4.399150748864319560 ) ) ;
#3625 = DIRECTION ( 'NONE',  ( -1.836970198721029688E-16, 1.836970198721036097E-16, -1.000000000000000000 ) ) ;
#3626 = EDGE_CURVE ( 'NONE', #843, #802, #574, .T. ) ;
#3627 = CARTESIAN_POINT ( 'NONE',  ( -2.878508968398378757E-16, -2.350480947161669665, -2.000000000000000444 ) ) ;
#3628 = CARTESIAN_POINT ( 'NONE',  ( 0.9000000000000021316, -1.924264068711936559, 9.600000000000001421 ) ) ;
#3629 = DATE_AND_TIME ( #1711, #2780 ) ;
#3630 = CARTESIAN_POINT ( 'NONE',  ( 2.350480947161670553, 4.867087541007580301E-16, -1.625000000000000666 ) ) ;
#3631 = ORIENTED_EDGE ( 'NONE', *, *, #2391, .T. ) ;
#3632 = CARTESIAN_POINT ( 'NONE',  ( 2.159593620790629664, 2.159593620790629664, 5.968749999999999112 ) ) ;
#3633 = DIRECTION ( 'NONE',  ( -0.000000000000000000, -1.836970198721029688E-16, 1.000000000000000000 ) ) ;
#3634 = CARTESIAN_POINT ( 'NONE',  ( -1.265060653844732208, 3.054126587736527565, -4.843750000000000888 ) ) ;
#3635 = CARTESIAN_POINT ( 'NONE',  ( -2.878508968398378757E-16, -2.350480947161669665, -1.000000000000000000 ) ) ;
#3636 = CARTESIAN_POINT ( 'NONE',  ( 0.000000000000000000, 5.108229995917389132, 9.145474443040740198 ) ) ;
#3637 = CARTESIAN_POINT ( 'NONE',  ( 0.9736010864139216237, -2.350480947161670109, -0.8125000000000007772 ) ) ;
#3638 = ORIENTED_EDGE ( 'NONE', *, *, #1278, .T. ) ;
#3639 = CONICAL_SURFACE ( 'NONE', #1663, 0.1000000000000002554, 0.1745329251994333364 ) ;
#3640 = CARTESIAN_POINT ( 'NONE',  ( -2.350480947161670553, 0.9736010864139231780, -0.1875000000000001665 ) ) ;
#3641 = LINE ( 'NONE', #4025, #3755 ) ;
#3642 = CARTESIAN_POINT ( 'NONE',  ( 3.054126587736526677, -1.265060653844732652, 1.718749999999999778 ) ) ;
#3643 = CARTESIAN_POINT ( 'NONE',  ( 2.350480947161670109, -0.9736010864139228449, -0.8125000000000007772 ) ) ;
#3644 = LINE ( 'NONE', #3347, #3711 ) ;
#3645 = CARTESIAN_POINT ( 'NONE',  ( -1.242640687119275000, 3.000000000000010658, 2.062499999999999556 ) ) ;
#3646 = CARTESIAN_POINT ( 'NONE',  ( -2.350480947161670553, 1.062410547780433880E-15, -2.250000000000000444 ) ) ;
#3647 = CARTESIAN_POINT ( 'NONE',  ( 0.000000000000000000, -2.097793440293946422E-15, 5.709927797833932672 ) ) ;
#3648 = EDGE_CURVE ( 'NONE', #3324, #2459, #2322, .T. ) ;
#3649 = CARTESIAN_POINT ( 'NONE',  ( 0.000000000000000000, 2.350480947161671441, 0.6249999999999996669 ) ) ;
#3650 = ORIENTED_EDGE ( 'NONE', *, *, #800, .F. ) ;
#3651 = DIRECTION ( 'NONE',  ( 0.000000000000000000, 1.000000000000000000, 2.398351182993323038E-16 ) ) ;
#3652 = ORIENTED_EDGE ( 'NONE', *, *, #2275, .T. ) ;
#3653 = DIRECTION ( 'NONE',  ( 0.1604299972043607414, -0.06645228065352455638, -0.9848077530122080203 ) ) ;
#3654 = CARTESIAN_POINT ( 'NONE',  ( -2.159593620790628776, 2.159593620790630109, -2.781250000000000888 ) ) ;
#3655 = CARTESIAN_POINT ( 'NONE',  ( 1.662041016787796144, -1.662041016787795922, -1.875000000000000444 ) ) ;
#3656 = DIRECTION ( 'NONE',  ( 1.084202172485499228E-14, 1.000000000000000000, 0.000000000000000000 ) ) ;
#3657 = CARTESIAN_POINT ( 'NONE',  ( -0.9736010864139222898, 2.350480947161671441, 0.6874999999999997780 ) ) ;
#3658 = ORIENTED_EDGE ( 'NONE', *, *, #1380, .T. ) ;
#3659 = CARTESIAN_POINT ( 'NONE',  ( -2.350480947161670553, 0.9736010864139231780, -1.187500000000000444 ) ) ;
#3660 = CARTESIAN_POINT ( 'NONE',  ( -3.673940397442059375E-16, -2.999999999999999112, 4.625000000000000000 ) ) ;
#3661 = CARTESIAN_POINT ( 'NONE',  ( 0.000000000000000000, 3.054126587736527565, 1.031250000000000000 ) ) ;
#3662 = CARTESIAN_POINT ( 'NONE',  ( 1.229080925788975653, 1.170207565446113929, 9.550184678336927746 ) ) ;
#3663 = DIRECTION ( 'NONE',  ( 0.000000000000000000, -1.000000000000000000, -2.891205793294679312E-16 ) ) ;
#3664 = CARTESIAN_POINT ( 'NONE',  ( -1.662041016787796366, -1.662041016787795256, -1.125000000000000222 ) ) ;
#3665 = CARTESIAN_POINT ( 'NONE',  ( -2.591942681957916328, 0.1686738036270129804, 4.999999999999997335 ) ) ;
#3666 = FACE_OUTER_BOUND ( 'NONE', #564, .T. ) ;
#3667 = CARTESIAN_POINT ( 'NONE',  ( -2.350480947161670553, 1.062410547780433880E-15, -0.1250000000000001110 ) ) ;
#3668 = VERTEX_POINT ( 'NONE', #1349 ) ;
#3669 = CARTESIAN_POINT ( 'NONE',  ( -1.208063693127032323, 1.181029188349670189, 9.550633544295681787 ) ) ;
#3670 = EDGE_CURVE ( 'NONE', #242, #949, #3535, .T. ) ;
#3671 = DIRECTION ( 'NONE',  ( 0.000000000000000000, 0.000000000000000000, 1.000000000000000000 ) ) ;
#3672 = CARTESIAN_POINT ( 'NONE',  ( -1.265060653844732208, 3.054126587736527565, -1.843750000000001110 ) ) ;
#3673 = CARTESIAN_POINT ( 'NONE',  ( -2.350480947161670553, 1.062410547780433880E-15, 0.7499999999999997780 ) ) ;
#3674 = EDGE_CURVE ( 'NONE', #2938, #3223, #124, .T. ) ;
#3675 = DIRECTION ( 'NONE',  ( -0.06645228065352279390, -0.1604299972043613243, -0.9848077530122080203 ) ) ;
#3676 = CARTESIAN_POINT ( 'NONE',  ( -2.350480947161670553, 0.9736010864139231780, -0.1875000000000001665 ) ) ;
#3677 = CARTESIAN_POINT ( 'NONE',  ( -2.350480947161670553, -0.9736010864139212906, 0.9374999999999998890 ) ) ;
#3678 = CARTESIAN_POINT ( 'NONE',  ( -0.8953788520239527315, -1.880928570309217562, 9.524905907753261403 ) ) ;
#3679 = CARTESIAN_POINT ( 'NONE',  ( -2.159593620790629220, -2.159593620790628332, 1.406250000000000444 ) ) ;
#3680 = LINE ( 'NONE', #1384, #2693 ) ;
#3681 = CARTESIAN_POINT ( 'NONE',  ( 0.000000000000000000, 2.350480947161671441, -1.500000000000000444 ) ) ;
#3682 = CARTESIAN_POINT ( 'NONE',  ( 1.239821872861870400, 2.246173350682908243, -4.697411984434789467 ) ) ;
#3683 = CARTESIAN_POINT ( 'NONE',  ( 0.000000000000000000, 1.454268073987481462E-15, -4.249999999999997335 ) ) ;
#3684 = CARTESIAN_POINT ( 'NONE',  ( 0.9736010864139238441, 2.350480947161670997, -1.437500000000000888 ) ) ;
#3685 = ORIENTED_EDGE ( 'NONE', *, *, #153, .T. ) ;
#3686 = CARTESIAN_POINT ( 'NONE',  ( -1.225585463979555589, 1.171672494725324976, 9.550274073928248342 ) ) ;
#3687 = LINE ( 'NONE', #3958, #2927 ) ;
#3688 = CARTESIAN_POINT ( 'NONE',  ( -1.265060653844732208, 3.054126587736527565, 0.1562499999999993061 ) ) ;
#3689 = CARTESIAN_POINT ( 'NONE',  ( -1.662041016787796366, -1.662041016787795256, 3.874999999999999112 ) ) ;
#3690 = CARTESIAN_POINT ( 'NONE',  ( -3.315146656056911389, -0.8641082669390895976, 9.396447866816338035 ) ) ;
#3691 = CARTESIAN_POINT ( 'NONE',  ( 0.9736010864139238441, 2.350480947161670997, 1.562499999999999556 ) ) ;
#3692 = EDGE_CURVE ( 'NONE', #189, #2540, #1374, .T. ) ;
#3693 = EDGE_CURVE ( 'NONE', #2569, #2465, #417, .T. ) ;
#3694 = CARTESIAN_POINT ( 'NONE',  ( -2.350480947161670553, 0.9736010864139231780, 3.812499999999999112 ) ) ;
#3695 = DIRECTION ( 'NONE',  ( -0.000000000000000000, -1.836970198721029688E-16, 1.000000000000000000 ) ) ;
#3696 = ORIENTED_EDGE ( 'NONE', *, *, #3670, .T. ) ;
#3697 = CARTESIAN_POINT ( 'NONE',  ( -2.159593620790629220, -2.159593620790628332, -0.5937499999999996669 ) ) ;
#3698 = AXIS2_PLACEMENT_3D ( 'NONE', #326, #1622, #1253 ) ;
#3699 = CARTESIAN_POINT ( 'NONE',  ( -0.2140753138541133249, 2.073105779112136116, 5.709927797833932672 ) ) ;
#3700 = CARTESIAN_POINT ( 'NONE',  ( -2.350480947161670553, 1.062410547780433880E-15, 0.7499999999999997780 ) ) ;
#3701 = CARTESIAN_POINT ( 'NONE',  ( 2.106733463484367519, -1.166633484874302740, -4.856047597910603031 ) ) ;
#3702 = ORIENTED_EDGE ( 'NONE', *, *, #152, .F. ) ;
#3703 = CARTESIAN_POINT ( 'NONE',  ( -1.662041016787796366, -1.662041016787795256, -1.000000000000000000 ) ) ;
#3704 = ORIENTED_EDGE ( 'NONE', *, *, #1727, .T. ) ;
#3705 = LINE ( 'NONE', #3373, #3254 ) ;
#3706 = FACE_OUTER_BOUND ( 'NONE', #3187, .T. ) ;
#3707 = CARTESIAN_POINT ( 'NONE',  ( -3.054126587736526677, 1.105496416853632984E-15, -0.6562500000000005551 ) ) ;
#3708 = CARTESIAN_POINT ( 'NONE',  ( -0.9736010864139222898, 2.350480947161671441, 0.5624999999999995559 ) ) ;
#3709 = FACE_OUTER_BOUND ( 'NONE', #1960, .T. ) ;
#3710 = CARTESIAN_POINT ( 'NONE',  ( -2.350480947161670553, 0.9736010864139231780, 5.812499999999999112 ) ) ;
#3711 = VECTOR ( 'NONE', #3950, 1000.000000000000000 ) ;
#3712 = CARTESIAN_POINT ( 'NONE',  ( -2.350480947161670553, 1.062410547780433880E-15, -0.2500000000000002220 ) ) ;
#3713 = CARTESIAN_POINT ( 'NONE',  ( -1.662041016787796366, -1.662041016787795256, 3.000000000000000000 ) ) ;
#3714 = CARTESIAN_POINT ( 'NONE',  ( -2.121320343559641941, 2.121320343559643717, 3.125000000000000444 ) ) ;
#3715 = CARTESIAN_POINT ( 'NONE',  ( -2.159593620790629220, -2.159593620790628332, 2.406250000000000444 ) ) ;
#3716 = CIRCLE ( 'NONE', #3848, 0.7859246861458741851 ) ;
#3717 = CARTESIAN_POINT ( 'NONE',  ( 2.121320343559642385, -2.121320343559642385, 2.749999999999999556 ) ) ;
#3718 = CARTESIAN_POINT ( 'NONE',  ( 1.549741212464955442, 2.013000188318573525, -4.712840026989110420 ) ) ;
#3719 = EDGE_CURVE ( 'NONE', #1261, #375, #1735, .T. ) ;
#3720 = CARTESIAN_POINT ( 'NONE',  ( -2.350480947161670553, 1.062410547780433880E-15, 2.875000000000000000 ) ) ;
#3721 = EDGE_LOOP ( 'NONE', ( #3024, #865, #2176, #3017 ) ) ;
#3722 = CARTESIAN_POINT ( 'NONE',  ( 8.277704576067329348E-16, -0.2140753138541280354, 5.709927797833932672 ) ) ;
#3723 = EDGE_LOOP ( 'NONE', ( #3003, #1784, #2436, #2573 ) ) ;
#3724 = CARTESIAN_POINT ( 'NONE',  ( -1.623503712237178265, -0.2739002683744777289, 5.709927797833932672 ) ) ;
#3725 = CARTESIAN_POINT ( 'NONE',  ( 0.000000000000000000, 3.054126587736527565, -0.9062500000000007772 ) ) ;
#3726 = CARTESIAN_POINT ( 'NONE',  ( -2.350480947161670553, 1.062410547780433880E-15, 1.749999999999999778 ) ) ;
#3727 = CARTESIAN_POINT ( 'NONE',  ( 0.000000000000000000, 3.000000000000000888, -1.875000000000001332 ) ) ;
#3728 = CARTESIAN_POINT ( 'NONE',  ( 0.9736010864139216237, -2.350480947161670109, 3.187500000000000000 ) ) ;
#3729 = CARTESIAN_POINT ( 'NONE',  ( -2.878508968398378757E-16, -2.350480947161669665, -8.673617379884035472E-16 ) ) ;
#3730 = CARTESIAN_POINT ( 'NONE',  ( -2.350480947161670553, -0.9736010864139212906, 3.937499999999999112 ) ) ;
#3731 = DIRECTION ( 'NONE',  ( -3.807981171154837726E-15, 0.9848077530122080203, 0.1736481776669311083 ) ) ;
#3732 = ORIENTED_EDGE ( 'NONE', *, *, #1219, .F. ) ;
#3733 = CIRCLE ( 'NONE', #66, 3.425913082399788312 ) ;
#3734 = CARTESIAN_POINT ( 'NONE',  ( 1.265060653844733762, 3.054126587736527121, 2.968750000000000000 ) ) ;
#3735 = CARTESIAN_POINT ( 'NONE',  ( 0.000000000000000000, 3.000000000000000888, -2.875000000000001332 ) ) ;
#3736 = CARTESIAN_POINT ( 'NONE',  ( 0.000000000000000000, -2.999999999999999556, 4.999999999999999112 ) ) ;
#3737 = AXIS2_PLACEMENT_3D ( 'NONE', #1699, #3358, #3656 ) ;
#3738 = EDGE_CURVE ( 'NONE', #3199, #3619, #1429, .T. ) ;
#3739 = ADVANCED_FACE ( 'NONE', ( #1020 ), #2382, .T. ) ;
#3740 = CARTESIAN_POINT ( 'NONE',  ( 2.137954936764698388, -1.727314318246605529, -4.507234521607148992 ) ) ;
#3741 = DIRECTION ( 'NONE',  ( -1.000000000000000000, 0.000000000000000000, 0.000000000000000000 ) ) ;
#3742 = CARTESIAN_POINT ( 'NONE',  ( 2.121320343559642385, -2.121320343559642385, 3.749999999999998668 ) ) ;
#3743 = ORIENTED_EDGE ( 'NONE', *, *, #2341, .T. ) ;
#3744 = CARTESIAN_POINT ( 'NONE',  ( 2.121320343559641941, -2.121320343559641941, 4.625000000000000888 ) ) ;
#3745 = CARTESIAN_POINT ( 'NONE',  ( 3.054126587736527121, 1.265060653844733318, 0.9062499999999992228 ) ) ;
#3746 = CARTESIAN_POINT ( 'NONE',  ( 2.350480947161670553, 4.867087541007580301E-16, 4.249999999999999112 ) ) ;
#3747 = CARTESIAN_POINT ( 'NONE',  ( 0.000000000000000000, 3.000000000000000444, 1.000000000000000000 ) ) ;
#3748 = CARTESIAN_POINT ( 'NONE',  ( -0.9736010864139222898, 2.350480947161671441, 4.687500000000000888 ) ) ;
#3749 = CARTESIAN_POINT ( 'NONE',  ( 0.000000000000000000, 2.350480947161671441, 1.499999999999999556 ) ) ;
#3750 = CARTESIAN_POINT ( 'NONE',  ( 1.662041016787796144, -1.662041016787795922, 1.249999999999999334 ) ) ;
#3751 = DIRECTION ( 'NONE',  ( 3.491481338843133750E-15, 1.000000000000000000, 0.000000000000000000 ) ) ;
#3752 = CARTESIAN_POINT ( 'NONE',  ( -3.054126587736526677, 1.105496416853632984E-15, 6.281249999999999112 ) ) ;
#3753 = COORDINATED_UNIVERSAL_TIME_OFFSET ( 6, 0, .BEHIND. ) ;
#3754 = DIRECTION ( 'NONE',  ( 0.000000000000000000, 3.673940397442059375E-16, -1.000000000000000000 ) ) ;
#3755 = VECTOR ( 'NONE', #721, 1000.000000000000000 ) ;
#3756 = CARTESIAN_POINT ( 'NONE',  ( 1.231515726138652012, -2.291524884296610498, -4.654522969911829122 ) ) ;
#3757 = EDGE_LOOP ( 'NONE', ( #1770, #2241, #1599, #3834 ) ) ;
#3758 = CARTESIAN_POINT ( 'NONE',  ( -1.229080925788975653, -1.170207565446117481, 9.550184678336927746 ) ) ;
#3759 = VERTEX_POINT ( 'NONE', #3059 ) ;
#3760 = CARTESIAN_POINT ( 'NONE',  ( -4.074790491780804658, -3.030018455894529969E-16, -18.61343887244345652 ) ) ;
#3761 = CARTESIAN_POINT ( 'NONE',  ( 2.121320343559642829, 2.121320343559642829, 0.9999999999999986677 ) ) ;
#3762 = CARTESIAN_POINT ( 'NONE',  ( -2.159593620790628776, 2.159593620790630109, 3.218749999999998668 ) ) ;
#3763 = CARTESIAN_POINT ( 'NONE',  ( -0.5970869958228023355, 1.441495523232061648, 9.600000000000001421 ) ) ;
#3764 = ORIENTED_EDGE ( 'NONE', *, *, #3598, .F. ) ;
#3765 = CARTESIAN_POINT ( 'NONE',  ( -0.9736010864139222898, 2.350480947161671441, 5.687499999999999112 ) ) ;
#3766 = ADVANCED_FACE ( 'NONE', ( #1394 ), #111, .T. ) ;
#3767 = CARTESIAN_POINT ( 'NONE',  ( 2.350480947161670553, 4.867087541007580301E-16, 3.250000000000000444 ) ) ;
#3768 = CARTESIAN_POINT ( 'NONE',  ( -1.662041016787796144, 1.662041016787797254, -5.375000000000000000 ) ) ;
#3769 = CARTESIAN_POINT ( 'NONE',  ( -3.673940397442059375E-16, -2.999999999999999112, 3.500000000000000444 ) ) ;
#3770 = ORIENTED_EDGE ( 'NONE', *, *, #910, .F. ) ;
#3771 = CARTESIAN_POINT ( 'NONE',  ( 2.159593620790629664, 2.159593620790629664, 5.906250000000000888 ) ) ;
#3772 = AXIS2_PLACEMENT_3D ( 'NONE', #140, #1447, #2739 ) ;
#3773 = DIRECTION ( 'NONE',  ( 0.1736481776669309141, -1.637961866169334195E-15, -0.9848077530122080203 ) ) ;
#3774 = CIRCLE ( 'NONE', #113, 28.72098086650471771 ) ;
#3775 = CARTESIAN_POINT ( 'NONE',  ( -0.6467384733590683110, 2.870980888387635765, 5.000000000000002665 ) ) ;
#3776 = CARTESIAN_POINT ( 'NONE',  ( 2.350480947161670109, -0.9736010864139228449, 3.312500000000000444 ) ) ;
#3777 = ORIENTED_EDGE ( 'NONE', *, *, #3240, .F. ) ;
#3778 = CARTESIAN_POINT ( 'NONE',  ( 0.000000000000000000, 3.000000000000000888, 4.124999999999998224 ) ) ;
#3779 = VERTEX_POINT ( 'NONE', #1080 ) ;
#3780 = FACE_OUTER_BOUND ( 'NONE', #641, .T. ) ;
#3781 = MANIFOLD_SOLID_BREP ( 'Combine1', #1395 ) ;
#3782 = EDGE_CURVE ( 'NONE', #1714, #1778, #3687, .T. ) ;
#3783 = CARTESIAN_POINT ( 'NONE',  ( -3.673940397442059375E-16, -2.999999999999999112, 0.6249999999999993339 ) ) ;
#3784 = CARTESIAN_POINT ( 'NONE',  ( 3.054126587736526677, 3.574511468811600284E-16, 1.843749999999999112 ) ) ;
#3785 = ORIENTED_EDGE ( 'NONE', *, *, #1137, .T. ) ;
#3786 = CARTESIAN_POINT ( 'NONE',  ( 2.121320343559642829, 2.121320343559642829, -2.000000000000001332 ) ) ;
#3787 = CARTESIAN_POINT ( 'NONE',  ( -1.662041016787796144, 1.662041016787797254, 4.750000000000000000 ) ) ;
#3788 = EDGE_CURVE ( 'NONE', #404, #3779, #4206, .T. ) ;
#3789 = CARTESIAN_POINT ( 'NONE',  ( -2.878508968398378757E-16, -2.350480947161669665, 5.000000000000000000 ) ) ;
#3790 = EDGE_CURVE ( 'NONE', #1390, #2781, #2015, .T. ) ;
#3791 = CARTESIAN_POINT ( 'NONE',  ( 2.350480947161670553, 4.867087541007580301E-16, 6.375000000000000000 ) ) ;
#3792 = DIRECTION ( 'NONE',  ( 1.836970198721029688E-16, -1.836970198721036097E-16, 1.000000000000000000 ) ) ;
#3793 = CARTESIAN_POINT ( 'NONE',  ( 0.000000000000000000, 3.054126587736527565, 6.031249999999999112 ) ) ;
#3794 = CARTESIAN_POINT ( 'NONE',  ( -2.350480947161670553, 0.9736010864139231780, -5.187500000000001776 ) ) ;
#3795 = CIRCLE ( 'NONE', #1976, 2.084129509265169489 ) ;
#3796 = VERTEX_POINT ( 'NONE', #3724 ) ;
#3797 = DIRECTION ( 'NONE',  ( 0.000000000000000000, -1.000000000000000000, -1.484829714895064847E-16 ) ) ;
#3798 = VERTEX_POINT ( 'NONE', #1454 ) ;
#3799 = CARTESIAN_POINT ( 'NONE',  ( -0.9736010864139225118, -2.350480947161669665, 3.062500000000000000 ) ) ;
#3800 = CARTESIAN_POINT ( 'NONE',  ( -1.242640687119285658, -2.999999999999999112, -1.562499999999999778 ) ) ;
#3801 = CARTESIAN_POINT ( 'NONE',  ( 3.000000000000000000, 3.673940397442059375E-16, 3.874999999999998668 ) ) ;
#3802 = EDGE_LOOP ( 'NONE', ( #528, #1067, #1304, #2353 ) ) ;
#3803 = CIRCLE ( 'NONE', #2256, 0.9199999999999998179 ) ;
#3804 = DIRECTION ( 'NONE',  ( 0.000000000000000000, 0.000000000000000000, 1.000000000000000000 ) ) ;
#3805 = CARTESIAN_POINT ( 'NONE',  ( 0.9736010864139238441, 2.350480947161670997, 2.437500000000000000 ) ) ;
#3806 = CARTESIAN_POINT ( 'NONE',  ( -3.054126587736527121, 1.265060653844732874, 2.281250000000000000 ) ) ;
#3807 = ORIENTED_EDGE ( 'NONE', *, *, #448, .T. ) ;
#3808 = DIRECTION ( 'NONE',  ( -0.000000000000000000, -1.836970198721029688E-16, 1.000000000000000000 ) ) ;
#3809 = CARTESIAN_POINT ( 'NONE',  ( 0.9000000000000013545, -1.425771718855593942E-15, 9.600000000000001421 ) ) ;
#3810 = CARTESIAN_POINT ( 'NONE',  ( 0.9736010864139238441, 2.350480947161670997, 3.437500000000000444 ) ) ;
#3811 = CARTESIAN_POINT ( 'NONE',  ( -1.662041016787796366, -1.662041016787795256, -5.125000000000000000 ) ) ;
#3812 = CARTESIAN_POINT ( 'NONE',  ( 1.242640687119287213, 2.999999999999999556, -2.062500000000000000 ) ) ;
#3813 = CARTESIAN_POINT ( 'NONE',  ( 3.054126587736526677, 3.574511468811600284E-16, 6.781250000000000000 ) ) ;
#3814 = EDGE_CURVE ( 'NONE', #147, #242, #1706, .T. ) ;
#3815 = APPLICATION_CONTEXT ( 'configuration controlled 3d designs of mechanical parts and assemblies' ) ;
#3816 = CARTESIAN_POINT ( 'NONE',  ( -0.9736010864139222898, 2.350480947161671441, -4.312500000000000888 ) ) ;
#3817 = LINE ( 'NONE', #1806, #2750 ) ;
#3818 = VERTEX_POINT ( 'NONE', #476 ) ;
#3819 = CARTESIAN_POINT ( 'NONE',  ( -0.9736010864139222898, 2.350480947161671441, -4.437500000000000888 ) ) ;
#3820 = CARTESIAN_POINT ( 'NONE',  ( 0.000000000000000000, 3.000000000000000888, -0.8750000000000011102 ) ) ;
#3821 = CARTESIAN_POINT ( 'NONE',  ( -1.217759924316325515, -1.174952136387367840, 9.550474210214579429 ) ) ;
#3822 = CARTESIAN_POINT ( 'NONE',  ( -0.9736010864139225118, -2.350480947161669665, 5.937499999999999112 ) ) ;
#3823 = ORIENTED_EDGE ( 'NONE', *, *, #3648, .T. ) ;
#3824 = CARTESIAN_POINT ( 'NONE',  ( 0.2140753138541270084, -9.685662259689116701E-16, 5.709927797833932672 ) ) ;
#3825 = TOROIDAL_SURFACE ( 'NONE', #2280, 4.945794552264516142, 0.9200000000000000400 ) ;
#3826 = CARTESIAN_POINT ( 'NONE',  ( 2.999999999999999556, 1.242640687119286769, -4.062500000000001776 ) ) ;
#3827 = CARTESIAN_POINT ( 'NONE',  ( 2.350480947161670109, 0.9736010864139237331, 4.312500000000000888 ) ) ;
#3828 = CARTESIAN_POINT ( 'NONE',  ( 2.159593620790629664, 2.159593620790629664, 1.968749999999999112 ) ) ;
#3829 = VERTEX_POINT ( 'NONE', #1434 ) ;
#3830 = LINE ( 'NONE', #2317, #4001 ) ;
#3831 = CARTESIAN_POINT ( 'NONE',  ( 2.350480947161670109, 0.9736010864139235110, 4.312500000000000888 ) ) ;
#3832 = CARTESIAN_POINT ( 'NONE',  ( 2.350480947161670109, -0.9736010864139228449, 5.312500000000001776 ) ) ;
#3833 = LINE ( 'NONE', #3193, #1370 ) ;
#3834 = ORIENTED_EDGE ( 'NONE', *, *, #2064, .F. ) ;
#3835 = CARTESIAN_POINT ( 'NONE',  ( 1.265060653844733762, 3.054126587736527121, 6.968750000000000000 ) ) ;
#3836 = ADVANCED_FACE ( 'NONE', ( #2491 ), #2727, .T. ) ;
#3837 = DIRECTION ( 'NONE',  ( 0.000000000000000000, 0.000000000000000000, 1.000000000000000000 ) ) ;
#3838 = CARTESIAN_POINT ( 'NONE',  ( -2.999999999999999556, -1.242640687119284104, 0.4374999999999992228 ) ) ;
#3839 = CARTESIAN_POINT ( 'NONE',  ( -1.265060653844732208, 3.054126587736527565, -1.906250000000000000 ) ) ;
#3840 = VERTEX_POINT ( 'NONE', #1813 ) ;
#3841 = CIRCLE ( 'NONE', #2897, 2.084129509265169489 ) ;
#3842 = CARTESIAN_POINT ( 'NONE',  ( -2.350480947161670553, -0.9736010864139212906, -3.187500000000000888 ) ) ;
#3843 = CARTESIAN_POINT ( 'NONE',  ( -0.7217704023534459168, -2.827632865252621919, -4.353965976445318908 ) ) ;
#3844 = EDGE_CURVE ( 'NONE', #1661, #2113, #835, .T. ) ;
#3845 = CARTESIAN_POINT ( 'NONE',  ( -1.662041016787796366, -1.662041016787795256, 5.874999999999999112 ) ) ;
#3846 = ORIENTED_EDGE ( 'NONE', *, *, #3788, .T. ) ;
#3847 = DIRECTION ( 'NONE',  ( 1.048438438967730479E-14, 1.000000000000000000, 0.000000000000000000 ) ) ;
#3848 = AXIS2_PLACEMENT_3D ( 'NONE', #3507, #867, #1162 ) ;
#3849 = CARTESIAN_POINT ( 'NONE',  ( -2.350480947161670553, 1.062410547780433880E-15, -2.125000000000000000 ) ) ;
#3850 =( BOUNDED_CURVE ( )  B_SPLINE_CURVE ( 2, ( #496, #1193, #2920, #706, #555, #2966, #43, #3891, #1690 ),
 .UNSPECIFIED., .F., .F. ) 
 B_SPLINE_CURVE_WITH_KNOTS ( ( 3, 2, 2, 2, 3 ),
 ( 0.7916666666666667407, 0.8020833333333334814, 0.8125000000000001110, 0.8229166666666667407, 0.8333333333333334814 ),
 .UNSPECIFIED. ) 
 CURVE ( )  GEOMETRIC_REPRESENTATION_ITEM ( )  RATIONAL_B_SPLINE_CURVE ( ( 0.9999999999999992228, 0.9238795325112875156, 1.000000000000000000, 0.9238795325112867385, 1.000000000000000000, 0.9238795325112867385, 1.000000000000000000, 0.9238795325112859613, 1.000000000000000888 ) ) 
 REPRESENTATION_ITEM ( '' )  );
#3851 = CARTESIAN_POINT ( 'NONE',  ( 0.9736010864139238441, 2.350480947161670997, 3.437500000000000444 ) ) ;
#3852 = CARTESIAN_POINT ( 'NONE',  ( -2.159593620790629220, -2.159593620790628332, 5.468749999999999112 ) ) ;
#3853 = ORIENTED_EDGE ( 'NONE', *, *, #2611, .F. ) ;
#3854 = ORIENTED_EDGE ( 'NONE', *, *, #1, .F. ) ;
#3855 = CARTESIAN_POINT ( 'NONE',  ( -1.880928570309210901, -0.8953788520239631676, 9.524905907753261403 ) ) ;
#3856 = CARTESIAN_POINT ( 'NONE',  ( -2.350480947161670553, 1.062410547780433880E-15, 4.750000000000000000 ) ) ;
#3857 = CARTESIAN_POINT ( 'NONE',  ( 1.662041016787796810, 1.662041016787796810, -4.625000000000000888 ) ) ;
#3858 = DIRECTION ( 'NONE',  ( 0.000000000000000000, -1.000000000000000000, 0.000000000000000000 ) ) ;
#3859 = CARTESIAN_POINT ( 'NONE',  ( 2.159593620790629664, 2.159593620790629664, 6.906250000000000000 ) ) ;
#3860 = DIRECTION ( 'NONE',  ( 1.000000000000000000, 0.000000000000000000, 0.000000000000000000 ) ) ;
#3861 = CARTESIAN_POINT ( 'NONE',  ( -1.265060653844732430, -3.054126587736526677, -3.531250000000000000 ) ) ;
#3862 = VERTEX_POINT ( 'NONE', #873 ) ;
#3863 = CARTESIAN_POINT ( 'NONE',  ( -0.9736010864139225118, -2.350480947161669665, -4.062500000000000000 ) ) ;
#3864 = DIRECTION ( 'NONE',  ( -1.000000000000000000, 0.000000000000000000, 0.000000000000000000 ) ) ;
#3865 = CARTESIAN_POINT ( 'NONE',  ( -2.121320343559641941, 2.121320343559643717, -0.8749999999999997780 ) ) ;
#3866 = CARTESIAN_POINT ( 'NONE',  ( -2.878508968398378757E-16, -2.350480947161669665, 5.000000000000000000 ) ) ;
#3867 = CIRCLE ( 'NONE', #3462, 28.93193437687872915 ) ;
#3868 = EDGE_LOOP ( 'NONE', ( #3658, #2014, #1469, #2212 ) ) ;
#3869 = ADVANCED_FACE ( 'NONE', ( #3780 ), #3119, .T. ) ;
#3870 = CARTESIAN_POINT ( 'NONE',  ( 0.000000000000000000, 3.000000000000000888, -2.875000000000001332 ) ) ;
#3871 = EDGE_CURVE ( 'NONE', #1471, #2605, #21, .T. ) ;
#3872 = CARTESIAN_POINT ( 'NONE',  ( 1.662041016787796810, 1.662041016787796810, -4.500000000000000888 ) ) ;
#3873 = CARTESIAN_POINT ( 'NONE',  ( -1.662041016787796144, 1.662041016787797254, 2.624999999999999556 ) ) ;
#3874 = APPROVAL_PERSON_ORGANIZATION ( #747, #2911, #1967 ) ;
#3875 = CARTESIAN_POINT ( 'NONE',  ( 2.649439222610605160, 1.213530603184203915, 5.000000000000000888 ) ) ;
#3876 = ORIENTED_EDGE ( 'NONE', *, *, #2416, .F. ) ;
#3877 = CARTESIAN_POINT ( 'NONE',  ( 0.000000000000000000, 1.592040838891558898E-15, -5.000000000000000000 ) ) ;
#3878 = CARTESIAN_POINT ( 'NONE',  ( -3.740226349862365271E-16, -3.054126587736525789, -5.406250000000001776 ) ) ;
#3879 = CIRCLE ( 'NONE', #361, 5.841489628658878885 ) ;
#3880 = CARTESIAN_POINT ( 'NONE',  ( -2.350480947161670553, -0.9736010864139212906, -1.187500000000000444 ) ) ;
#3881 = CARTESIAN_POINT ( 'NONE',  ( -0.8896129467993241224, -1.894522849892239735, 9.524198720165907517 ) ) ;
#3882 = CARTESIAN_POINT ( 'NONE',  ( -2.350480947161670553, 1.062410547780433880E-15, -5.125000000000000000 ) ) ;
#3883 = CARTESIAN_POINT ( 'NONE',  ( -1.662041016787796144, 1.662041016787797254, -1.250000000000000222 ) ) ;
#3884 = CARTESIAN_POINT ( 'NONE',  ( -2.999999999999999556, 1.242640687119286325, 0.3124999999999991118 ) ) ;
#3885 = CARTESIAN_POINT ( 'NONE',  ( -3.054126587736527121, 1.265060653844732874, -2.781250000000000000 ) ) ;
#3886 = VERTEX_POINT ( 'NONE', #4094 ) ;
#3887 = CARTESIAN_POINT ( 'NONE',  ( 1.662041016787796144, -1.662041016787795922, -3.875000000000000444 ) ) ;
#3888 = CARTESIAN_POINT ( 'NONE',  ( -3.673940397442059375E-16, -2.999999999999999112, -1.500000000000000000 ) ) ;
#3889 = DIRECTION ( 'NONE',  ( -6.607718597778931623E-15, -1.000000000000000000, -1.836970198721022538E-16 ) ) ;
#3890 = CARTESIAN_POINT ( 'NONE',  ( -1.662041016787796144, 1.662041016787797254, -4.375000000000000000 ) ) ;
#3891 = CARTESIAN_POINT ( 'NONE',  ( -1.242640687119275000, 3.000000000000010658, -2.937500000000000888 ) ) ;
#3892 = ORIENTED_EDGE ( 'NONE', *, *, #2551, .T. ) ;
#3893 = FACE_OUTER_BOUND ( 'NONE', #1554, .T. ) ;
#3894 = CARTESIAN_POINT ( 'NONE',  ( -2.350480947161670553, -0.9736010864139211796, -4.062500000000000000 ) ) ;
#3895 = CARTESIAN_POINT ( 'NONE',  ( 2.350480947161670109, 0.9736010864139237331, 3.312500000000000444 ) ) ;
#3896 = CARTESIAN_POINT ( 'NONE',  ( 0.000000000000000000, 3.425913082399794529, 9.396447866816426853 ) ) ;
#3897 = EDGE_CURVE ( 'NONE', #3988, #3604, #435, .T. ) ;
#3898 = LINE ( 'NONE', #3567, #963 ) ;
#3899 = CONICAL_SURFACE ( 'NONE', #1795, 0.1000000000000002554, 0.1745329251994333364 ) ;
#3900 = CARTESIAN_POINT ( 'NONE',  ( 0.9736010864139216237, -2.350480947161670109, 6.062499999999999112 ) ) ;
#3901 = CARTESIAN_POINT ( 'NONE',  ( -0.9736010864139222898, 2.350480947161671441, -3.437500000000000444 ) ) ;
#3902 = ADVANCED_FACE ( 'NONE', ( #171 ), #852, .T. ) ;
#3903 = CARTESIAN_POINT ( 'NONE',  ( 2.121320343559642385, -2.121320343559642385, -0.2500000000000013878 ) ) ;
#3904 = CARTESIAN_POINT ( 'NONE',  ( 2.350480947161670109, 0.9736010864139235110, -3.562500000000000888 ) ) ;
#3905 = ORIENTED_EDGE ( 'NONE', *, *, #233, .F. ) ;
#3906 = CARTESIAN_POINT ( 'NONE',  ( -2.878508968398378757E-16, -2.350480947161669665, -1.875000000000000444 ) ) ;
#3907 = CARTESIAN_POINT ( 'NONE',  ( 0.000000000000000000, -2.449293598294705921E-16, 4.999999999999999112 ) ) ;
#3908 = ORIENTED_EDGE ( 'NONE', *, *, #2153, .F. ) ;
#3909 = CARTESIAN_POINT ( 'NONE',  ( 3.054126587736526677, 3.574511468811600284E-16, -4.218750000000000000 ) ) ;
#3910 = CARTESIAN_POINT ( 'NONE',  ( 0.9736010864139216237, -2.350480947161670109, -3.937500000000000000 ) ) ;
#3911 = CARTESIAN_POINT ( 'NONE',  ( -0.8946333737912598449, 2.488686222291125016, -4.611530436461297455 ) ) ;
#3912 = CARTESIAN_POINT ( 'NONE',  ( 1.242640687119287213, 2.999999999999999556, -4.062500000000000888 ) ) ;
#3913 = CARTESIAN_POINT ( 'NONE',  ( 2.350480947161670109, -0.9736010864139228449, -3.812500000000000888 ) ) ;
#3914 = CARTESIAN_POINT ( 'NONE',  ( -1.924264068711927678, 0.9000000000000186740, 9.600000000000001421 ) ) ;
#3915 = APPROVAL_ROLE ( '' ) ;
#3916 = AXIS2_PLACEMENT_3D ( 'NONE', #4056, #4096, #515 ) ;
#3917 = CARTESIAN_POINT ( 'NONE',  ( 0.9736010864139217347, -2.350480947161670109, -4.812500000000000888 ) ) ;
#3918 = ORIENTED_EDGE ( 'NONE', *, *, #3788, .F. ) ;
#3919 = CARTESIAN_POINT ( 'NONE',  ( -2.999999999999999556, 1.242640687119286325, -1.687500000000000888 ) ) ;
#3920 = CARTESIAN_POINT ( 'NONE',  ( -3.673940397442059375E-16, -2.999999999999999112, -3.375000000000001332 ) ) ;
#3921 = EDGE_CURVE ( 'NONE', #242, #3467, #2505, .T. ) ;
#3922 = CARTESIAN_POINT ( 'NONE',  ( 0.000000000000000000, 3.054126587736527565, -4.906250000000000888 ) ) ;
#3923 = CARTESIAN_POINT ( 'NONE',  ( 1.662041016787796810, 1.662041016787796810, -2.625000000000000444 ) ) ;
#3924 = DIRECTION ( 'NONE',  ( 3.397106137596205531E-15, 0.9848077530122080203, 0.1736481776669309141 ) ) ;
#3925 = CARTESIAN_POINT ( 'NONE',  ( 0.9736010864139216237, -2.350480947161670109, -2.812500000000000888 ) ) ;
#3926 = ORIENTED_EDGE ( 'NONE', *, *, #4087, .T. ) ;
#3927 = ADVANCED_FACE ( 'NONE', ( #3706 ), #3139, .T. ) ;
#3928 = EDGE_CURVE ( 'NONE', #667, #3886, #2316, .T. ) ;
#3929 = CARTESIAN_POINT ( 'NONE',  ( -2.878508968398378757E-16, -2.350480947161669665, -0.8749999999999998890 ) ) ;
#3930 = CARTESIAN_POINT ( 'NONE',  ( 1.000000000000000666, 1.924264068711935227, 5.709927797833932672 ) ) ;
#3931 = CARTESIAN_POINT ( 'NONE',  ( 2.159593620790629664, 2.159593620790629664, -4.093750000000000000 ) ) ;
#3932 = CARTESIAN_POINT ( 'NONE',  ( 2.350480947161670553, 4.867087541007580301E-16, 0.2499999999999993616 ) ) ;
#3933 = CARTESIAN_POINT ( 'NONE',  ( 2.121320343559642829, 2.121320343559642829, -1.125000000000000222 ) ) ;
#3934 = CARTESIAN_POINT ( 'NONE',  ( -1.023541212517965914E-14, -3.425913082399789200, 9.396447866816426853 ) ) ;
#3935 = CARTESIAN_POINT ( 'NONE',  ( -0.9736010864139225118, -2.350480947161669665, -3.062500000000000888 ) ) ;
#3936 = LINE ( 'NONE', #3628, #3287 ) ;
#3937 = CARTESIAN_POINT ( 'NONE',  ( 1.662041016787796144, -1.662041016787795922, -1.750000000000000222 ) ) ;
#3938 = ORIENTED_EDGE ( 'NONE', *, *, #1433, .F. ) ;
#3939 = CARTESIAN_POINT ( 'NONE',  ( -2.121320343559642385, 2.121320343559643273, -1.750000000000000888 ) ) ;
#3940 = VECTOR ( 'NONE', #2093, 1000.000000000000000 ) ;
#3941 = CARTESIAN_POINT ( 'NONE',  ( 0.000000000000000000, 0.000000000000000000, 9.396447866816426853 ) ) ;
#3942 = CARTESIAN_POINT ( 'NONE',  ( 1.265060653844733762, 3.054126587736527121, -4.968750000000000888 ) ) ;
#3943 = CARTESIAN_POINT ( 'NONE',  ( -1.662041016787796144, 1.662041016787797254, -2.375000000000000444 ) ) ;
#3944 = CARTESIAN_POINT ( 'NONE',  ( 3.673940397442058882E-16, 2.999999999999998668, 5.000000000000000888 ) ) ;
#3945 = CARTESIAN_POINT ( 'NONE',  ( -2.350480947161670553, -0.9736010864139212906, 0.9374999999999998890 ) ) ;
#3946 = CARTESIAN_POINT ( 'NONE',  ( -2.350480947161670553, 0.9736010864139231780, -3.187500000000000000 ) ) ;
#3947 = CARTESIAN_POINT ( 'NONE',  ( -1.924264068711931674, -0.9000000000000106803, 9.600000000000001421 ) ) ;
#3948 = CARTESIAN_POINT ( 'NONE',  ( 3.054126587736527121, 1.265060653844733318, 0.8437499999999998890 ) ) ;
#3949 = CARTESIAN_POINT ( 'NONE',  ( 2.350480947161670109, -0.9736010864139228449, 0.1874999999999993339 ) ) ;
#3950 = DIRECTION ( 'NONE',  ( -0.000000000000000000, -1.836970198721029688E-16, 1.000000000000000000 ) ) ;
#3951 = CARTESIAN_POINT ( 'NONE',  ( -3.000000000000000000, 1.102182119232617714E-15, 2.250000000000000888 ) ) ;
#3952 = CARTESIAN_POINT ( 'NONE',  ( -2.350480947161670553, 0.9736010864139232890, -0.3125000000000002776 ) ) ;
#3953 = CARTESIAN_POINT ( 'NONE',  ( -1.270710678118654569, -1.270710678118661452, 5.709927797833931784 ) ) ;
#3954 = CARTESIAN_POINT ( 'NONE',  ( 0.000000000000000000, 3.000000000000000888, 4.124999999999998224 ) ) ;
#3955 = CARTESIAN_POINT ( 'NONE',  ( 2.350480947161670553, 4.867087541007580301E-16, 0.3749999999999994449 ) ) ;
#3956 = ORIENTED_EDGE ( 'NONE', *, *, #4046, .T. ) ;
#3957 = DIRECTION ( 'NONE',  ( -0.3826834323650941116, -0.9238795325112849621, -2.400117229230481713E-16 ) ) ;
#3958 = CARTESIAN_POINT ( 'NONE',  ( 0.9076120467488717480, 1.885995725475426488, 9.600000000000001421 ) ) ;
#3959 = CARTESIAN_POINT ( 'NONE',  ( 0.000000000000000000, 3.054126587736527565, -2.906250000000000888 ) ) ;
#3960 = CARTESIAN_POINT ( 'NONE',  ( -1.662041016787796144, 1.662041016787797254, -0.3750000000000003331 ) ) ;
#3961 =( BOUNDED_CURVE ( )  B_SPLINE_CURVE ( 2, ( #1035, #2607, #2560, #3917, #2245, #1968, #688, #1579, #3872, #1258, #976, #1894, #3561, #622, #2292, #3894, #2, #644, #1017, #997, #2313, #3605, #3251, #1993, #1918, #1942, #330, #3274, #2875, #3585, #355, #669, #1671, #2969, #1626, #1326, #1649, #2924, #3230, #2947, #4161, #305, #1309, #3294, #1601, #374, #3849, #2898, #282, #45, #1346, #2646, #3937, #2332, #3630, #4187, #1283, #3684, #3016, #765, #125, #86, #3975, #3074, #3703, #2388, #143, #395, #2686, #2992, #1094, #2667, #1077, #2369, #1430, #2053, #2071, #434, #3667, #1369, #107, #2407, #1732, #413, #748, #3371, #3955, #1058, #3035, #2352, #3649, #2429, #1751, #453, #2723, #729, #2010, #3056, #3353, #2703, #788, #1413, #3995, #2090, #4014, #63, #4031, #1111, #2031, #3390, #3333, #472, #1769, #1693, #1450, #1712, #2742, #709, #1125, #1389, #3313, #3155, #1788, #1507, #547, #1486, #3720, #234, #848, #3799, #2446, #188, #4069, #3776, #490, #2799, #868, #4089, #3485, #566, #2148, #1847, #3093, #1528, #892, #1826, #2188, #2129, #2777, #3464, #3426, #2823, #3408, #1144, #807, #1865, #2507, #1183, #1165, #4110, #2485 ),
 .UNSPECIFIED., .F., .F. ) 
 B_SPLINE_CURVE_WITH_KNOTS ( ( 3, 2, 2, 2, 2, 2, 2, 2, 2, 2, 2, 2, 2, 2, 2, 2, 2, 2, 2, 2, 2, 2, 2, 2, 2, 2, 2, 2, 2, 2, 2, 2, 2, 2, 2, 2, 2, 2, 2, 2, 2, 2, 2, 2, 2, 2, 2, 2, 2, 2, 2, 2, 2, 2, 2, 2, 2, 2, 2, 2, 2, 2, 2, 2, 2, 2, 2, 2, 2, 2, 2, 2, 2, 2, 2, 2, 2, 2, 2, 2, 3 ),
 ( 0.03954526539797072193, 0.04166666666666666435, 0.05208333333333333565, 0.06250000000000000000, 0.07291666666666667129, 0.08333333333333331483, 0.09375000000000000000, 0.1041666666666666574, 0.1145833333333333148, 0.1250000000000000000, 0.1354166666666666297, 0.1458333333333333148, 0.1562500000000000000, 0.1666666666666666297, 0.1770833333333333148, 0.1875000000000000000, 0.1979166666666666297, 0.2083333333333333148, 0.2187500000000000000, 0.2291666666666665741, 0.2395833333333333148, 0.2500000000000000000, 0.2604166666666666852, 0.2708333333333333148, 0.2812500000000000000, 0.2916666666666666297, 0.3020833333333332593, 0.3124999999999999445, 0.3229166666666666852, 0.3333333333333332593, 0.3437500000000000000, 0.3541666666666666297, 0.3645833333333332593, 0.3749999999999999445, 0.3854166666666666297, 0.3958333333333332593, 0.4062500000000000000, 0.4166666666666666297, 0.4270833333333332593, 0.4374999999999999445, 0.4479166666666666297, 0.4583333333333332593, 0.4687499999999999445, 0.4791666666666666297, 0.4895833333333332593, 0.4999999999999998890, 0.5104166666666665186, 0.5208333333333333703, 0.5312500000000000000, 0.5416666666666665186, 0.5520833333333333703, 0.5625000000000000000, 0.5729166666666666297, 0.5833333333333332593, 0.5937499999999998890, 0.6041666666666665186, 0.6145833333333332593, 0.6249999999999998890, 0.6354166666666665186, 0.6458333333333332593, 0.6562499999999998890, 0.6666666666666665186, 0.6770833333333332593, 0.6874999999999998890, 0.6979166666666665186, 0.7083333333333333703, 0.7187500000000000000, 0.7291666666666666297, 0.7395833333333333703, 0.7500000000000000000, 0.7604166666666665186, 0.7708333333333332593, 0.7812499999999998890, 0.7916666666666665186, 0.8020833333333332593, 0.8124999999999998890, 0.8229166666666665186, 0.8333333333333332593, 0.8437499999999998890, 0.8541666666666665186, 0.8645833333333332593 ),
 .UNSPECIFIED. ) 
 CURVE ( )  GEOMETRIC_REPRESENTATION_ITEM ( )  RATIONAL_B_SPLINE_CURVE ( ( 0.9753096629729549605, 0.9844977225947886268, 1.000000000000000000, 0.9238795325112867385, 1.000000000000000000, 0.9238795325112867385, 1.000000000000000000, 0.9238795325112867385, 1.000000000000000000, 0.9238795325112867385, 1.000000000000000000, 0.9238795325112867385, 1.000000000000000000, 0.9238795325112867385, 1.000000000000000000, 0.9238795325112867385, 1.000000000000000000, 0.9238795325112867385, 1.000000000000000000, 0.9238795325112867385, 1.000000000000000000, 0.9238795325112867385, 1.000000000000000000, 0.9238795325112867385, 1.000000000000000000, 0.9238795325112867385, 1.000000000000000000, 0.9238795325112867385, 1.000000000000000000, 0.9238795325112867385, 1.000000000000000000, 0.9238795325112867385, 1.000000000000000000, 0.9238795325112867385, 1.000000000000000000, 0.9238795325112867385, 1.000000000000000000, 0.9238795325112867385, 1.000000000000000000, 0.9238795325112867385, 1.000000000000000000, 0.9238795325112867385, 1.000000000000000000, 0.9238795325112867385, 1.000000000000000000, 0.9238795325112867385, 1.000000000000000000, 0.9238795325112867385, 1.000000000000000000, 0.9238795325112867385, 1.000000000000000000, 0.9238795325112867385, 1.000000000000000000, 0.9238795325112867385, 1.000000000000000000, 0.9238795325112867385, 1.000000000000000000, 0.9238795325112867385, 1.000000000000000000, 0.9238795325112867385, 1.000000000000000000, 0.9238795325112867385, 1.000000000000000000, 0.9238795325112867385, 1.000000000000000000, 0.9238795325112867385, 1.000000000000000000, 0.9238795325112867385, 1.000000000000000000, 0.9238795325112867385, 1.000000000000000000, 0.9238795325112867385, 1.000000000000000000, 0.9238795325112867385, 1.000000000000000000, 0.9238795325112867385, 1.000000000000000000, 0.9238795325112867385, 1.000000000000000000, 0.9238795325112867385, 1.000000000000000000, 0.9238795325112867385, 1.000000000000000000, 0.9238795325112867385, 1.000000000000000000, 0.9238795325112867385, 1.000000000000000000, 0.9238795325112867385, 1.000000000000000000, 0.9238795325112867385, 1.000000000000000000, 0.9238795325112867385, 1.000000000000000000, 0.9238795325112867385, 1.000000000000000000, 0.9238795325112867385, 1.000000000000000000, 0.9238795325112867385, 1.000000000000000000, 0.9238795325112867385, 1.000000000000000000, 0.9238795325112867385, 1.000000000000000000, 0.9238795325112867385, 1.000000000000000000, 0.9238795325112867385, 1.000000000000000000, 0.9238795325112867385, 1.000000000000000000, 0.9238795325112867385, 1.000000000000000000, 0.9238795325112867385, 1.000000000000000000, 0.9238795325112867385, 1.000000000000000000, 0.9238795325112867385, 1.000000000000000000, 0.9238795325112867385, 1.000000000000000000, 0.9238795325112867385, 1.000000000000000000, 0.9238795325112867385, 1.000000000000000000, 0.9238795325112867385, 1.000000000000000000, 0.9238795325112867385, 1.000000000000000000, 0.9238795325112867385, 1.000000000000000000, 0.9238795325112867385, 1.000000000000000000, 0.9238795325112867385, 1.000000000000000000, 0.9238795325112867385, 1.000000000000000000, 0.9238795325112867385, 1.000000000000000000, 0.9238795325112867385, 1.000000000000000000, 0.9238795325112867385, 1.000000000000000000, 0.9238795325112867385, 1.000000000000000000, 0.9238795325112867385, 1.000000000000000000, 0.9238795325112867385, 1.000000000000000000, 0.9238795325112867385, 1.000000000000000000, 0.9238795325112867385, 1.000000000000000000, 0.9238795325112867385, 1.000000000000000000, 0.9238795325112867385, 1.000000000000000000, 0.9238795325112867385, 1.000000000000000000, 0.9238795325112867385, 1.000000000000000000, 0.9238795325112875156, 0.9999999999999992228 ) ) 
 REPRESENTATION_ITEM ( '' )  );
#3962 = CARTESIAN_POINT ( 'NONE',  ( -1.662041016787796144, 1.662041016787797254, -0.2500000000000002220 ) ) ;
#3963 = ORIENTED_EDGE ( 'NONE', *, *, #471, .T. ) ;
#3964 = ORIENTED_EDGE ( 'NONE', *, *, #981, .F. ) ;
#3965 = VECTOR ( 'NONE', #1683, 1000.000000000000000 ) ;
#3966 = CARTESIAN_POINT ( 'NONE',  ( 2.350480947161670553, 4.867087541007580301E-16, -2.625000000000000444 ) ) ;
#3967 = CARTESIAN_POINT ( 'NONE',  ( -3.673940397442059375E-16, -2.999999999999999112, 0.4999999999999996669 ) ) ;
#3968 = CARTESIAN_POINT ( 'NONE',  ( -1.265060653844732208, 3.054126587736527565, 2.093750000000000000 ) ) ;
#3969 = EDGE_CURVE ( 'NONE', #3314, #2938, #2848, .T. ) ;
#3970 = DIRECTION ( 'NONE',  ( -0.000000000000000000, -1.836970198721027715E-16, 1.000000000000000000 ) ) ;
#3971 = CARTESIAN_POINT ( 'NONE',  ( 2.350480947161670109, 0.9736010864139237331, -0.6875000000000006661 ) ) ;
#3972 = CARTESIAN_POINT ( 'NONE',  ( 2.999999999999999556, 1.242640687119286769, 1.937499999999998890 ) ) ;
#3973 =( NAMED_UNIT ( * ) SI_UNIT ( $, .STERADIAN. ) SOLID_ANGLE_UNIT ( ) );
#3974 = ADVANCED_FACE ( 'NONE', ( #3893 ), #3342, .F. ) ;
#3975 = CARTESIAN_POINT ( 'NONE',  ( -2.350480947161670553, 1.062410547780433880E-15, -1.125000000000000222 ) ) ;
#3976 = ORIENTED_EDGE ( 'NONE', *, *, #3648, .F. ) ;
#3977 = CARTESIAN_POINT ( 'NONE',  ( -1.232442334882146051, -1.178322724867533866, 9.600000000000001421 ) ) ;
#3978 = AXIS2_PLACEMENT_3D ( 'NONE', #1786, #2104, #3773 ) ;
#3979 = CARTESIAN_POINT ( 'NONE',  ( -0.3698219102109476242, -2.321204953832802786, -4.899519052838323674 ) ) ;
#3980 = CARTESIAN_POINT ( 'NONE',  ( -3.054126587736527121, -1.265060653844730876, -0.5937500000000005551 ) ) ;
#3981 = VECTOR ( 'NONE', #1867, 1000.000000000000000 ) ;
#3982 = CARTESIAN_POINT ( 'NONE',  ( -2.350480947161670553, 0.9736010864139231780, 2.687500000000000000 ) ) ;
#3983 = DIRECTION ( 'NONE',  ( -0.000000000000000000, -1.836970198721029688E-16, 1.000000000000000000 ) ) ;
#3984 = CARTESIAN_POINT ( 'NONE',  ( -2.350480947161670553, 1.062410547780433880E-15, 1.875000000000000000 ) ) ;
#3985 =( BOUNDED_CURVE ( )  B_SPLINE_CURVE ( 2, ( #2247, #2013, #3939, #3919, #2926, #1995, #2584, #1019, #1695 ),
 .UNSPECIFIED., .F., .F. ) 
 B_SPLINE_CURVE_WITH_KNOTS ( ( 3, 2, 2, 2, 3 ),
 ( 0.3333333333333333148, 0.3437500000000000000, 0.3541666666666666852, 0.3645833333333333148, 0.3750000000000000000 ),
 .UNSPECIFIED. ) 
 CURVE ( )  GEOMETRIC_REPRESENTATION_ITEM ( )  RATIONAL_B_SPLINE_CURVE ( ( 1.000000000000000000, 0.9238795325112867385, 1.000000000000000000, 0.9238795325112867385, 1.000000000000000000, 0.9238795325112867385, 1.000000000000000000, 0.9238795325112867385, 1.000000000000000000 ) ) 
 REPRESENTATION_ITEM ( '' )  );
#3986 = CARTESIAN_POINT ( 'NONE',  ( 2.350480947161670109, 0.9736010864139235110, 4.437500000000000888 ) ) ;
#3987 = CARTESIAN_POINT ( 'NONE',  ( 0.000000000000000000, 9.629649721936179265E-32, 7.079963898916972198 ) ) ;
#3988 = VERTEX_POINT ( 'NONE', #901 ) ;
#3989 = CARTESIAN_POINT ( 'NONE',  ( -1.265060653844732208, 3.054126587736527565, -0.9062500000000000000 ) ) ;
#3990 = CARTESIAN_POINT ( 'NONE',  ( -2.767496364011575949, 0.2384398528780085347, -4.496160116852419897 ) ) ;
#3991 = CARTESIAN_POINT ( 'NONE',  ( 0.5970869958228101071, 1.441495523232059428, 9.600000000000001421 ) ) ;
#3992 = CARTESIAN_POINT ( 'NONE',  ( -0.9736010864139222898, 2.350480947161671441, -1.437500000000000888 ) ) ;
#3993 = CARTESIAN_POINT ( 'NONE',  ( 2.444500161864803456, -0.1874227781256133651, -4.812146789585193041 ) ) ;
#3994 = MECHANICAL_CONTEXT ( 'NONE', #3815, 'mechanical' ) ;
#3995 = CARTESIAN_POINT ( 'NONE',  ( 2.350480947161670553, 4.867087541007580301E-16, 1.374999999999999556 ) ) ;
#3996 = ORIENTED_EDGE ( 'NONE', *, *, #2400, .F. ) ;
#3997 = CARTESIAN_POINT ( 'NONE',  ( -2.999999999999999556, 1.242640687119286325, 4.312499999999999112 ) ) ;
#3998 = ADVANCED_FACE ( 'NONE', ( #3560 ), #814, .T. ) ;
#3999 = CARTESIAN_POINT ( 'NONE',  ( -2.999999999999999556, 1.242640687119286325, -3.687500000000001332 ) ) ;
#4000 = EDGE_CURVE ( 'NONE', #2616, #4076, #2951, .T. ) ;
#4001 = VECTOR ( 'NONE', #3653, 1000.000000000000000 ) ;
#4002 = CARTESIAN_POINT ( 'NONE',  ( -3.054126587736527121, 1.265060653844732874, -0.7187500000000005551 ) ) ;
#4003 = CARTESIAN_POINT ( 'NONE',  ( -0.9736010864139222898, 2.350480947161671441, 1.562499999999999556 ) ) ;
#4004 = FACE_OUTER_BOUND ( 'NONE', #87, .T. ) ;
#4005 = CARTESIAN_POINT ( 'NONE',  ( -2.350480947161670553, -0.9736010864139212906, 1.937500000000000000 ) ) ;
#4006 = CARTESIAN_POINT ( 'NONE',  ( -1.662041016787796366, -1.662041016787795256, 3.999999999999999112 ) ) ;
#4007 = CARTESIAN_POINT ( 'NONE',  ( -8.277704576067329348E-16, 0.2140753138541259537, 5.709927797833932672 ) ) ;
#4008 = ORIENTED_EDGE ( 'NONE', *, *, #3871, .T. ) ;
#4009 = CARTESIAN_POINT ( 'NONE',  ( 1.265060653844731542, -3.054126587736527121, 1.593749999999999778 ) ) ;
#4010 = CARTESIAN_POINT ( 'NONE',  ( 0.000000000000000000, 3.000000000000000888, 3.124999999999999556 ) ) ;
#4011 = CARTESIAN_POINT ( 'NONE',  ( 1.662041016787796144, -1.662041016787795922, 1.124999999999999334 ) ) ;
#4012 = CARTESIAN_POINT ( 'NONE',  ( -4.074790491780808210, 1.890192241535985197E-15, -18.61343887244345652 ) ) ;
#4013 = ORIENTED_EDGE ( 'NONE', *, *, #2581, .F. ) ;
#4014 = CARTESIAN_POINT ( 'NONE',  ( 1.662041016787796810, 1.662041016787796810, 1.499999999999999556 ) ) ;
#4015 = ORIENTED_EDGE ( 'NONE', *, *, #3928, .F. ) ;
#4016 = CARTESIAN_POINT ( 'NONE',  ( -3.673940397442059375E-16, -2.999999999999999112, 4.625000000000000000 ) ) ;
#4017 = CARTESIAN_POINT ( 'NONE',  ( -1.894522849892228633, 0.8896129467993423301, 9.524198720165907517 ) ) ;
#4018 = CARTESIAN_POINT ( 'NONE',  ( -3.054126587736526677, 1.105496416853632984E-15, 0.3437499999999994449 ) ) ;
#4019 = CARTESIAN_POINT ( 'NONE',  ( -2.350480947161670553, 0.9736010864139231780, 1.687499999999999778 ) ) ;
#4020 = LINE ( 'NONE', #3452, #2058 ) ;
#4021 = CARTESIAN_POINT ( 'NONE',  ( -0.9736010864139225118, -2.350480947161669665, 1.062500000000000222 ) ) ;
#4022 = CARTESIAN_POINT ( 'NONE',  ( -1.662041016787796366, -1.662041016787795256, -2.125000000000000444 ) ) ;
#4023 = EDGE_CURVE ( 'NONE', #3829, #869, #642, .T. ) ;
#4024 = CARTESIAN_POINT ( 'NONE',  ( 0.9736010864139238441, 2.350480947161670997, 0.5624999999999995559 ) ) ;
#4025 = CARTESIAN_POINT ( 'NONE',  ( 1.232442334882146051, 1.178322724867530535, 9.600000000000001421 ) ) ;
#4026 = VERTEX_POINT ( 'NONE', #950 ) ;
#4027 = AXIS2_PLACEMENT_3D ( 'NONE', #3601, #4155, #1913 ) ;
#4028 = CARTESIAN_POINT ( 'NONE',  ( 2.159593620790629664, 2.159593620790629664, 0.9062499999999998890 ) ) ;
#4029 = CARTESIAN_POINT ( 'NONE',  ( 1.978698183099810937, -2.255128131591005669, -4.256232702516072663 ) ) ;
#4030 = CARTESIAN_POINT ( 'NONE',  ( 1.242640687119287213, 2.999999999999999556, 2.062499999999998668 ) ) ;
#4031 = CARTESIAN_POINT ( 'NONE',  ( 0.000000000000000000, 2.350480947161671441, 1.624999999999999778 ) ) ;
#4032 = LINE ( 'NONE', #2110, #787 ) ;
#4033 = CARTESIAN_POINT ( 'NONE',  ( 0.000000000000000000, 3.000000000000000444, 9.486769009248163798E-17 ) ) ;
#4034 = ORIENTED_EDGE ( 'NONE', *, *, #4046, .F. ) ;
#4035 = CARTESIAN_POINT ( 'NONE',  ( -0.7576675202012430610, -2.230340896179650922, 4.999999999999998224 ) ) ;
#4036 = CARTESIAN_POINT ( 'NONE',  ( -2.159593620790629220, -2.159593620790628332, -1.531250000000000444 ) ) ;
#4037 = CARTESIAN_POINT ( 'NONE',  ( -1.662041016787796144, 1.662041016787797254, 1.624999999999999778 ) ) ;
#4038 = CARTESIAN_POINT ( 'NONE',  ( 1.726099470517756708E-15, -1.726099470517762624E-15, 9.396447866816426853 ) ) ;
#4039 = AXIS2_PLACEMENT_3D ( 'NONE', #3153, #3482, #1525 ) ;
#4040 = CARTESIAN_POINT ( 'NONE',  ( 0.000000000000000000, 2.350480947161671441, 3.625000000000000444 ) ) ;
#4041 = AXIS2_PLACEMENT_3D ( 'NONE', #253, #3201, #2824 ) ;
#4042 = CARTESIAN_POINT ( 'NONE',  ( 2.350480947161670109, 0.9736010864139235110, 0.3124999999999993339 ) ) ;
#4043 = CARTESIAN_POINT ( 'NONE',  ( -0.9736010864139225118, -2.350480947161669665, 1.062500000000000222 ) ) ;
#4044 = DIRECTION ( 'NONE',  ( 0.000000000000000000, -0.7071067811865487940, 0.7071067811865463515 ) ) ;
#4045 = VERTEX_POINT ( 'NONE', #238 ) ;
#4046 = EDGE_CURVE ( 'NONE', #4147, #3862, #2587, .T. ) ;
#4047 = CARTESIAN_POINT ( 'NONE',  ( 1.265060653844733762, 3.054126587736527121, 3.968750000000001332 ) ) ;
#4048 = ADVANCED_FACE ( 'NONE', ( #1893 ), #303, .T. ) ;
#4049 = CARTESIAN_POINT ( 'NONE',  ( 7.153761575989555030E-16, 5.841489628658877109, 8.450000000000001066 ) ) ;
#4050 = CARTESIAN_POINT ( 'NONE',  ( -2.503764449415887938, 0.9575907339752318670, 4.999999999999998224 ) ) ;
#4051 = CARTESIAN_POINT ( 'NONE',  ( 2.831258613298687443, -0.6977728367661325537, -4.339437358583500881 ) ) ;
#4052 = LINE ( 'NONE', #2347, #3111 ) ;
#4053 = CARTESIAN_POINT ( 'NONE',  ( -3.673940397442059375E-16, -2.999999999999999112, 0.4999999999999996669 ) ) ;
#4054 = ORIENTED_EDGE ( 'NONE', *, *, #734, .T. ) ;
#4055 = CARTESIAN_POINT ( 'NONE',  ( 1.924264068711933895, -0.9000000000000086819, 9.600000000000001421 ) ) ;
#4056 = CARTESIAN_POINT ( 'NONE',  ( 0.000000000000000000, 0.000000000000000000, 5.709927797833932672 ) ) ;
#4057 = CARTESIAN_POINT ( 'NONE',  ( 1.265060653844733762, 3.054126587736527121, 1.031249999999999334 ) ) ;
#4058 = CARTESIAN_POINT ( 'NONE',  ( -2.350480947161670553, -0.9736010864139212906, 3.812499999999999112 ) ) ;
#4059 = CARTESIAN_POINT ( 'NONE',  ( -1.170207565446102826, 1.229080925788986312, 9.550184678336927746 ) ) ;
#4060 = CARTESIAN_POINT ( 'NONE',  ( 1.662041016787796810, 1.662041016787796810, 5.500000000000000888 ) ) ;
#4061 = CARTESIAN_POINT ( 'NONE',  ( 1.662041016787796144, -1.662041016787795922, 1.124999999999999334 ) ) ;
#4062 = CARTESIAN_POINT ( 'NONE',  ( 1.662041016787796144, -1.662041016787795922, 3.250000000000000444 ) ) ;
#4063 = LINE ( 'NONE', #842, #1713 ) ;
#4064 = AXIS2_PLACEMENT_3D ( 'NONE', #3760, #833, #552 ) ;
#4065 = CARTESIAN_POINT ( 'NONE',  ( -1.265060653844732208, 3.054126587736527565, 6.093749999999999112 ) ) ;
#4066 = CC_DESIGN_APPROVAL ( #2911, ( #2035 ) ) ;
#4067 = CARTESIAN_POINT ( 'NONE',  ( 1.924264068711931674, 1.000000000000007550, 5.709927797833932672 ) ) ;
#4068 = DIRECTION ( 'NONE',  ( 0.3768696111424580386, 0.9098437264664116508, 0.1736481776669310806 ) ) ;
#4069 = CARTESIAN_POINT ( 'NONE',  ( 1.662041016787796144, -1.662041016787795922, 3.250000000000000444 ) ) ;
#4070 = EDGE_LOOP ( 'NONE', ( #2996, #3514 ) ) ;
#4071 = CARTESIAN_POINT ( 'NONE',  ( -1.173320811696927590, -1.222161061795171921, 9.550352266878380902 ) ) ;
#4072 = ORIENTED_EDGE ( 'NONE', *, *, #1305, .F. ) ;
#4073 = CARTESIAN_POINT ( 'NONE',  ( -0.8863044580934319461, 1.924264068711939446, 9.522328722175538829 ) ) ;
#4074 = CARTESIAN_POINT ( 'NONE',  ( 3.000000000000000000, 3.673940397442059375E-16, 0.8749999999999986677 ) ) ;
#4075 = CARTESIAN_POINT ( 'NONE',  ( 1.265060653844731542, -3.054126587736527121, 1.656249999999998890 ) ) ;
#4076 = VERTEX_POINT ( 'NONE', #2559 ) ;
#4077 = FACE_OUTER_BOUND ( 'NONE', #201, .T. ) ;
#4078 = CARTESIAN_POINT ( 'NONE',  ( 0.9736010864139238441, 2.350480947161670997, 4.562500000000000888 ) ) ;
#4079 = CARTESIAN_POINT ( 'NONE',  ( -1.662041016787796366, -1.662041016787795256, 3.874999999999999112 ) ) ;
#4080 = CARTESIAN_POINT ( 'NONE',  ( -1.662041016787796366, -1.662041016787795256, -4.125000000000000000 ) ) ;
#4081 = CARTESIAN_POINT ( 'NONE',  ( 7.596584130318204520E-15, 0.8999999999999980238, 9.600000000000001421 ) ) ;
#4082 = ORIENTED_EDGE ( 'NONE', *, *, #2859, .F. ) ;
#4083 = CARTESIAN_POINT ( 'NONE',  ( -1.265060653844732430, -3.054126587736526677, 5.468750000000000000 ) ) ;
#4084 = DATE_AND_TIME ( #525, #205 ) ;
#4085 = CARTESIAN_POINT ( 'NONE',  ( -2.999999999999999556, -1.242640687119284104, -2.562500000000000444 ) ) ;
#4086 = CARTESIAN_POINT ( 'NONE',  ( 2.999999999999999556, 1.242640687119286769, 1.812500000000000000 ) ) ;
#4087 = EDGE_CURVE ( 'NONE', #3223, #3164, #1297, .T. ) ;
#4088 = CIRCLE ( 'NONE', #2741, 0.7859246861458735189 ) ;
#4089 = CARTESIAN_POINT ( 'NONE',  ( 0.9736010864139238441, 2.350480947161670997, 3.562500000000000444 ) ) ;
#4090 = VERTEX_POINT ( 'NONE', #2896 ) ;
#4091 = CARTESIAN_POINT ( 'NONE',  ( 3.000000000000000000, 3.673940397442060361E-16, 2.750000000000000000 ) ) ;
#4092 = AXIS2_PLACEMENT_3D ( 'NONE', #3234, #2950, #28 ) ;
#4093 = ORIENTED_EDGE ( 'NONE', *, *, #2797, .T. ) ;
#4094 = CARTESIAN_POINT ( 'NONE',  ( -3.673940397442059375E-16, -2.999999999999999112, 4.500000000000000000 ) ) ;
#4095 = EDGE_CURVE ( 'NONE', #949, #3566, #3733, .T. ) ;
#4096 = DIRECTION ( 'NONE',  ( 0.000000000000000000, 0.000000000000000000, 1.000000000000000000 ) ) ;
#4097 = CARTESIAN_POINT ( 'NONE',  ( 1.265060653844733762, 3.054126587736527121, 3.031250000000000000 ) ) ;
#4098 = ORIENTED_EDGE ( 'NONE', *, *, #4149, .T. ) ;
#4099 = DIRECTION ( 'NONE',  ( -0.000000000000000000, -1.836970198721029688E-16, 1.000000000000000000 ) ) ;
#4100 = ORIENTED_EDGE ( 'NONE', *, *, #129, .F. ) ;
#4101 = CARTESIAN_POINT ( 'NONE',  ( 2.350480947161670109, 0.9736010864139235110, 2.437500000000000000 ) ) ;
#4102 = CARTESIAN_POINT ( 'NONE',  ( -2.350480947161670553, 1.062410547780433880E-15, 3.749999999999999112 ) ) ;
#4103 = CARTESIAN_POINT ( 'NONE',  ( 0.9736010864139216237, -2.350480947161670109, 5.187500000000001776 ) ) ;
#4104 = LINE ( 'NONE', #3477, #1775 ) ;
#4105 = CARTESIAN_POINT ( 'NONE',  ( 1.265060653844733762, 3.054126587736527121, 4.968749999999999112 ) ) ;
#4106 = ORIENTED_EDGE ( 'NONE', *, *, #3006, .T. ) ;
#4107 = CARTESIAN_POINT ( 'NONE',  ( -1.662041016787796366, -1.662041016787795256, -4.000000000000000000 ) ) ;
#4108 = CARTESIAN_POINT ( 'NONE',  ( 2.999999999999999112, -1.242640687119285881, 1.687499999999999778 ) ) ;
#4109 = ORIENTED_EDGE ( 'NONE', *, *, #3293, .T. ) ;
#4110 = CARTESIAN_POINT ( 'NONE',  ( -2.350480947161670997, -0.9736010864139101884, 4.937500000000000888 ) ) ;
#4111 = CARTESIAN_POINT ( 'NONE',  ( 2.999999999999999556, 1.242640687119286769, -1.062500000000001332 ) ) ;
#4112 = LINE ( 'NONE', #3202, #1591 ) ;
#4113 =( BOUNDED_CURVE ( )  B_SPLINE_CURVE ( 2, ( #2105, #1387, #2701, #2368, #1449, #3972, #2385, #4030, #123 ),
 .UNSPECIFIED., .F., .F. ) 
 B_SPLINE_CURVE_WITH_KNOTS ( ( 3, 2, 2, 2, 3 ),
 ( 0.6250000000000000000, 0.6354166666666666297, 0.6458333333333333703, 0.6562500000000000000, 0.6666666666666666297 ),
 .UNSPECIFIED. ) 
 CURVE ( )  GEOMETRIC_REPRESENTATION_ITEM ( )  RATIONAL_B_SPLINE_CURVE ( ( 1.000000000000000000, 0.9238795325112867385, 1.000000000000000000, 0.9238795325112867385, 1.000000000000000000, 0.9238795325112867385, 1.000000000000000000, 0.9238795325112867385, 1.000000000000000000 ) ) 
 REPRESENTATION_ITEM ( '' )  );
#4114 = ORIENTED_EDGE ( 'NONE', *, *, #1461, .F. ) ;
#4115 = CARTESIAN_POINT ( 'NONE',  ( 0.000000000000000000, -8.673617379884035472E-16, 8.239927797833935585 ) ) ;
#4116 = CARTESIAN_POINT ( 'NONE',  ( -3.673940397442059375E-16, -2.999999999999999112, -3.500000000000000000 ) ) ;
#4117 = CARTESIAN_POINT ( 'NONE',  ( -3.054126587736526677, 1.105496416853632984E-15, 3.343749999999998668 ) ) ;
#4118 = EDGE_CURVE ( 'NONE', #3195, #2772, #1926, .T. ) ;
#4119 = ORIENTED_EDGE ( 'NONE', *, *, #452, .T. ) ;
#4120 = CARTESIAN_POINT ( 'NONE',  ( -2.073105779112135671, 0.2140753138541465483, 5.709927797833932672 ) ) ;
#4121 = CARTESIAN_POINT ( 'NONE',  ( 2.350480947161670553, 4.867087541007580301E-16, 3.375000000000000444 ) ) ;
#4122 = CARTESIAN_POINT ( 'NONE',  ( 0.000000000000000000, 2.350480947161671441, 2.499999999999999556 ) ) ;
#4123 = CARTESIAN_POINT ( 'NONE',  ( -2.878508968398378757E-16, -2.350480947161669665, 6.124999999999999112 ) ) ;
#4124 = CARTESIAN_POINT ( 'NONE',  ( -3.673940397442059375E-16, -2.999999999999999112, -2.500000000000000000 ) ) ;
#4125 = ORIENTED_EDGE ( 'NONE', *, *, #972, .T. ) ;
#4126 = CARTESIAN_POINT ( 'NONE',  ( 3.054126587736526677, -1.265060653844732652, 5.718750000000000888 ) ) ;
#4127 = CARTESIAN_POINT ( 'NONE',  ( 1.218835278665395316, -1.175139334687506754, 9.550418624488177244 ) ) ;
#4128 = AXIS2_PLACEMENT_3D ( 'NONE', #192, #3097, #216 ) ;
#4129 = FACE_OUTER_BOUND ( 'NONE', #2807, .T. ) ;
#4130 = CARTESIAN_POINT ( 'NONE',  ( 0.8877003899232954742, -2.388881839967505361, -4.707648300837505850 ) ) ;
#4131 = CARTESIAN_POINT ( 'NONE',  ( -1.242640687119285214, 3.000000000000000888, -1.937500000000000000 ) ) ;
#4132 = CARTESIAN_POINT ( 'NONE',  ( 2.121320343559641941, -2.121320343559641941, 2.624999999999999556 ) ) ;
#4133 = CARTESIAN_POINT ( 'NONE',  ( -2.350480947161670553, -0.9736010864139212906, 5.812499999999999112 ) ) ;
#4134 = VECTOR ( 'NONE', #3593, 1000.000000000000000 ) ;
#4135 = ORIENTED_EDGE ( 'NONE', *, *, #3534, .T. ) ;
#4136 = DIRECTION ( 'NONE',  ( -1.000000000000000000, 0.000000000000000000, 0.000000000000000000 ) ) ;
#4137 = AXIS2_PLACEMENT_3D ( 'NONE', #3498, #3311, #1645 ) ;
#4138 = CARTESIAN_POINT ( 'NONE',  ( -1.242640687119285214, 3.000000000000000888, -3.937500000000000000 ) ) ;
#4139 = CARTESIAN_POINT ( 'NONE',  ( -0.9736010864139225118, -2.350480947161669665, 3.937499999999999112 ) ) ;
#4140 = CARTESIAN_POINT ( 'NONE',  ( 3.054126587736526677, -1.265060653844732652, 3.781249999999999112 ) ) ;
#4141 = EDGE_LOOP ( 'NONE', ( #1186, #4093, #1637, #2488 ) ) ;
#4142 = DIRECTION ( 'NONE',  ( -0.3826834323650878944, 0.9238795325112876267, 0.000000000000000000 ) ) ;
#4143 = EDGE_CURVE ( 'NONE', #3268, #3668, #1871, .T. ) ;
#4144 = CARTESIAN_POINT ( 'NONE',  ( -2.350480947161670553, -0.9736010864139212906, 2.812500000000000000 ) ) ;
#4145 = CARTESIAN_POINT ( 'NONE',  ( 1.662041016787796144, -1.662041016787795922, -3.875000000000000444 ) ) ;
#4146 = CARTESIAN_POINT ( 'NONE',  ( 1.909514043183165422, -0.8864769705118422660, 9.523307088717610114 ) ) ;
#4147 = VERTEX_POINT ( 'NONE', #573 ) ;
#4148 = CARTESIAN_POINT ( 'NONE',  ( 0.000000000000000000, 2.350480947161671441, -4.375000000000000000 ) ) ;
#4149 = EDGE_CURVE ( 'NONE', #1527, #2187, #1841, .T. ) ;
#4150 = CARTESIAN_POINT ( 'NONE',  ( -2.878508968398378757E-16, -2.350480947161669665, -4.875000000000000888 ) ) ;
#4151 = CARTESIAN_POINT ( 'NONE',  ( 3.315146656056911389, 0.8641082669390861559, 9.396447866816338035 ) ) ;
#4152 = ORIENTED_EDGE ( 'NONE', *, *, #569, .F. ) ;
#4153 = CARTESIAN_POINT ( 'NONE',  ( 1.662041016787796144, -1.662041016787795922, -4.875000000000000888 ) ) ;
#4154 = CARTESIAN_POINT ( 'NONE',  ( 1.242640687119284770, -2.999999999999999556, -1.312500000000001110 ) ) ;
#4155 = DIRECTION ( 'NONE',  ( 0.9848077530122080203, -6.539231157559285016E-15, 0.1736481776669309141 ) ) ;
#4156 = VERTEX_POINT ( 'NONE', #1917 ) ;
#4157 = CARTESIAN_POINT ( 'NONE',  ( 2.350480947161670553, 4.867087541007580301E-16, -3.750000000000000888 ) ) ;
#4158 = VERTEX_POINT ( 'NONE', #2685 ) ;
#4159 = CARTESIAN_POINT ( 'NONE',  ( -3.000000000000000000, 1.102182119232617714E-15, -0.6250000000000008882 ) ) ;
#4160 = CIRCLE ( 'NONE', #3496, 2.999999999999999556 ) ;
#4161 = CARTESIAN_POINT ( 'NONE',  ( 1.662041016787796810, 1.662041016787796810, -2.500000000000000444 ) ) ;
#4162 = CARTESIAN_POINT ( 'NONE',  ( -1.662041016787796366, -1.662041016787795256, 1.875000000000000000 ) ) ;
#4163 = CARTESIAN_POINT ( 'NONE',  ( -3.054126587736527121, -1.265060653844730876, 2.406250000000000000 ) ) ;
#4164 = ORIENTED_EDGE ( 'NONE', *, *, #3050, .F. ) ;
#4165 = FACE_OUTER_BOUND ( 'NONE', #851, .T. ) ;
#4166 = CARTESIAN_POINT ( 'NONE',  ( -2.878508968398378757E-16, -2.350480947161669665, 3.000000000000000000 ) ) ;
#4167 = CARTESIAN_POINT ( 'NONE',  ( 2.350480947161670553, 4.867087541007580301E-16, -4.750000000000000888 ) ) ;
#4168 = B_SPLINE_CURVE_WITH_KNOTS ( 'NONE', 3,
 ( #727, #411, #3053, #746, #3682, #3718, #2740, #2684, #3331, #1124, #3092, #165, #1428, #2721, #806, #84, #3072, #3993, #1074, #2029, #3701, #3405, #1767, #3370 ),
 .UNSPECIFIED., .F., .F.,
 ( 4, 2, 2, 2, 2, 2, 2, 2, 2, 2, 2, 4 ),
 ( 0.01099591163706485110, 0.01177327482696153421, 0.01255063801685821559, 0.01293931961180655628, 0.01332800120675489697, 0.01371668280170323939, 0.01410536439665158008, 0.01449404599159992077, 0.01488272758654826319, 0.01566009077644494804, 0.01643745396634162942, 0.01721481715623831427 ),
 .UNSPECIFIED. ) ;
#4169 = CARTESIAN_POINT ( 'NONE',  ( 1.242640687119284770, -2.999999999999999556, -0.3125000000000014433 ) ) ;
#4170 = EDGE_LOOP ( 'NONE', ( #1822, #1359, #1897, #2311 ) ) ;
#4171 = CARTESIAN_POINT ( 'NONE',  ( 1.662041016787796144, -1.662041016787795922, -3.750000000000000444 ) ) ;
#4172 = CARTESIAN_POINT ( 'NONE',  ( 2.999999999999999112, -1.242640687119285881, -3.312500000000001332 ) ) ;
#4173 = ADVANCED_FACE ( 'NONE', ( #2666 ), #1832, .F. ) ;
#4174 = CARTESIAN_POINT ( 'NONE',  ( -2.121320343559641941, 2.121320343559643717, 1.125000000000000222 ) ) ;
#4175 = CONICAL_SURFACE ( 'NONE', #3442, 0.09999999999999982514, 0.1745329251994333364 ) ;
#4176 = CARTESIAN_POINT ( 'NONE',  ( 3.054126587736527121, 1.265060653844733318, -4.156250000000000000 ) ) ;
#4177 = ADVANCED_FACE ( 'NONE', ( #3666 ), #2112, .T. ) ;
#4178 = ORIENTED_EDGE ( 'NONE', *, *, #233, .T. ) ;
#4179 = VECTOR ( 'NONE', #809, 1000.000000000000000 ) ;
#4180 = CARTESIAN_POINT ( 'NONE',  ( -1.662041016787796366, -1.662041016787795256, -3.125000000000000444 ) ) ;
#4181 = CARTESIAN_POINT ( 'NONE',  ( 0.000000000000000000, -4.945794552264513477, 4.999999999999997335 ) ) ;
#4182 = PLANE ( 'NONE',  #4027 ) ;
#4183 = ORIENTED_EDGE ( 'NONE', *, *, #3054, .F. ) ;
#4184 = CARTESIAN_POINT ( 'NONE',  ( -1.662041016787796144, 1.662041016787797254, 4.625000000000000000 ) ) ;
#4185 = ORIENTED_EDGE ( 'NONE', *, *, #150, .F. ) ;
#4186 = ORIENTED_EDGE ( 'NONE', *, *, #3719, .F. ) ;
#4187 = CARTESIAN_POINT ( 'NONE',  ( 2.350480947161670109, 0.9736010864139237331, -1.562500000000000666 ) ) ;
#4188 = CARTESIAN_POINT ( 'NONE',  ( -2.350480947161670553, 1.062410547780433880E-15, 1.749999999999999778 ) ) ;
#4189 = CARTESIAN_POINT ( 'NONE',  ( 1.045761812559566462, -2.242855444636192352, 4.999999999999998224 ) ) ;
#4190 = ORIENTED_EDGE ( 'NONE', *, *, #1196, .F. ) ;
#4191 = DIRECTION ( 'NONE',  ( 1.000000000000000000, 0.000000000000000000, 0.000000000000000000 ) ) ;
#4192 = CARTESIAN_POINT ( 'NONE',  ( 0.9736010864139238441, 2.350480947161670997, 6.437500000000000000 ) ) ;
#4193 = CARTESIAN_POINT ( 'NONE',  ( 0.9736010864139216237, -2.350480947161670109, -2.937500000000001332 ) ) ;
#4194 = CARTESIAN_POINT ( 'NONE',  ( -0.8953788520239527315, -1.880928570309217562, 9.524905907753261403 ) ) ;
#4195 = VERTEX_POINT ( 'NONE', #2312 ) ;
#4196 = CARTESIAN_POINT ( 'NONE',  ( 2.350480947161670109, -0.9736010864139228449, -2.687500000000000888 ) ) ;
#4197 = CARTESIAN_POINT ( 'NONE',  ( 2.350480947161670553, 4.867087541007580301E-16, -4.625000000000000888 ) ) ;
#4198 = DIRECTION ( 'NONE',  ( 0.000000000000000000, 0.000000000000000000, 1.000000000000000000 ) ) ;
#4199 = ORIENTED_EDGE ( 'NONE', *, *, #3570, .T. ) ;
#4200 = CARTESIAN_POINT ( 'NONE',  ( 0.000000000000000000, -2.449293598294703456E-16, 4.999999999999998224 ) ) ;
#4201 = DIRECTION ( 'NONE',  ( 0.3826834323650940561, 0.9238795325112849621, 2.415966897564970542E-16 ) ) ;
#4202 = CARTESIAN_POINT ( 'NONE',  ( 2.121320343559642829, 2.121320343559642829, 3.875000000000001332 ) ) ;
#4203 = CARTESIAN_POINT ( 'NONE',  ( -0.2140753138541133249, 2.073105779112136116, 5.709927797833932672 ) ) ;
#4204 = CARTESIAN_POINT ( 'NONE',  ( 2.999999999999999556, 1.242640687119286769, 0.8125000000000000000 ) ) ;
#4205 = ORIENTED_EDGE ( 'NONE', *, *, #544, .T. ) ;
#4206 = CIRCLE ( 'NONE', #3068, 5.841489628658878885 ) ;
#4207 = VERTEX_POINT ( 'NONE', #3954 ) ;
ENDSEC;
END-ISO-10303-21;
